sweep_type,experiment,model,parameter_name,parameter_value,seed,accuracy,error_rate,latency,inference_steps,configuration
sequence_length,long_horizon_recall,full_history_reference_baseline,sequence_length,16,58,1.0,0.0,23.371,1,"{'model_name': 'full_history_reference_baseline', 'state_dim': 32, 'seed': 58, 'sequence_length': 16, 'num_items': 4}"
sequence_length,long_horizon_recall,full_history_reference_baseline,sequence_length,16,7977,1.0,0.0,15.395,1,"{'model_name': 'full_history_reference_baseline', 'state_dim': 32, 'seed': 7977, 'sequence_length': 16, 'num_items': 4}"
sequence_length,long_horizon_recall,full_history_reference_baseline,sequence_length,16,15896,1.0,0.0,15.249,1,"{'model_name': 'full_history_reference_baseline', 'state_dim': 32, 'seed': 15896, 'sequence_length': 16, 'num_items': 4}"
sequence_length,long_horizon_recall,full_history_reference_baseline,sequence_length,16,23815,1.0,0.0,14.726,1,"{'model_name': 'full_history_reference_baseline', 'state_dim': 32, 'seed': 23815, 'sequence_length': 16, 'num_items': 4}"
sequence_length,long_horizon_recall,full_history_reference_baseline,sequence_length,16,31734,1.0,0.0,13.776,1,"{'model_name': 'full_history_reference_baseline', 'state_dim': 32, 'seed': 31734, 'sequence_length': 16, 'num_items': 4}"
sequence_length,long_horizon_recall,full_history_reference_baseline,sequence_length,16,39653,1.0,0.0,13.686,1,"{'model_name': 'full_history_reference_baseline', 'state_dim': 32, 'seed': 39653, 'sequence_length': 16, 'num_items': 4}"
sequence_length,long_horizon_recall,full_history_reference_baseline,sequence_length,16,47572,1.0,0.0,14.505,1,"{'model_name': 'full_history_reference_baseline', 'state_dim': 32, 'seed': 47572, 'sequence_length': 16, 'num_items': 4}"
sequence_length,long_horizon_recall,full_history_reference_baseline,sequence_length,16,55491,1.0,0.0,15.726,1,"{'model_name': 'full_history_reference_baseline', 'state_dim': 32, 'seed': 55491, 'sequence_length': 16, 'num_items': 4}"
sequence_length,long_horizon_recall,full_history_reference_baseline,sequence_length,16,63410,1.0,0.0,13.586,1,"{'model_name': 'full_history_reference_baseline', 'state_dim': 32, 'seed': 63410, 'sequence_length': 16, 'num_items': 4}"
sequence_length,long_horizon_recall,full_history_reference_baseline,sequence_length,16,71329,1.0,0.0,13.555,1,"{'model_name': 'full_history_reference_baseline', 'state_dim': 32, 'seed': 71329, 'sequence_length': 16, 'num_items': 4}"
sequence_length,long_horizon_recall,full_history_reference_baseline,sequence_length,16,79248,1.0,0.0,12.85,1,"{'model_name': 'full_history_reference_baseline', 'state_dim': 32, 'seed': 79248, 'sequence_length': 16, 'num_items': 4}"
sequence_length,long_horizon_recall,full_history_reference_baseline,sequence_length,16,87167,1.0,0.0,13.546,1,"{'model_name': 'full_history_reference_baseline', 'state_dim': 32, 'seed': 87167, 'sequence_length': 16, 'num_items': 4}"
sequence_length,long_horizon_recall,full_history_reference_baseline,sequence_length,16,95086,1.0,0.0,13.528,1,"{'model_name': 'full_history_reference_baseline', 'state_dim': 32, 'seed': 95086, 'sequence_length': 16, 'num_items': 4}"
sequence_length,long_horizon_recall,full_history_reference_baseline,sequence_length,16,103005,1.0,0.0,11.768,1,"{'model_name': 'full_history_reference_baseline', 'state_dim': 32, 'seed': 103005, 'sequence_length': 16, 'num_items': 4}"
sequence_length,long_horizon_recall,full_history_reference_baseline,sequence_length,16,110924,1.0,0.0,12.86,1,"{'model_name': 'full_history_reference_baseline', 'state_dim': 32, 'seed': 110924, 'sequence_length': 16, 'num_items': 4}"
sequence_length,long_horizon_recall,full_history_reference_baseline,sequence_length,16,118843,1.0,0.0,16.372,1,"{'model_name': 'full_history_reference_baseline', 'state_dim': 32, 'seed': 118843, 'sequence_length': 16, 'num_items': 4}"
sequence_length,long_horizon_recall,full_history_reference_baseline,sequence_length,16,126762,1.0,0.0,14.51,1,"{'model_name': 'full_history_reference_baseline', 'state_dim': 32, 'seed': 126762, 'sequence_length': 16, 'num_items': 4}"
sequence_length,long_horizon_recall,full_history_reference_baseline,sequence_length,16,134681,1.0,0.0,15.965,1,"{'model_name': 'full_history_reference_baseline', 'state_dim': 32, 'seed': 134681, 'sequence_length': 16, 'num_items': 4}"
sequence_length,long_horizon_recall,full_history_reference_baseline,sequence_length,16,142600,1.0,0.0,14.949,1,"{'model_name': 'full_history_reference_baseline', 'state_dim': 32, 'seed': 142600, 'sequence_length': 16, 'num_items': 4}"
sequence_length,long_horizon_recall,full_history_reference_baseline,sequence_length,16,150519,1.0,0.0,16.789,1,"{'model_name': 'full_history_reference_baseline', 'state_dim': 32, 'seed': 150519, 'sequence_length': 16, 'num_items': 4}"
sequence_length,long_horizon_recall,full_history_reference_baseline,sequence_length,16,158438,1.0,0.0,15.795,1,"{'model_name': 'full_history_reference_baseline', 'state_dim': 32, 'seed': 158438, 'sequence_length': 16, 'num_items': 4}"
sequence_length,long_horizon_recall,full_history_reference_baseline,sequence_length,16,166357,1.0,0.0,13.819,1,"{'model_name': 'full_history_reference_baseline', 'state_dim': 32, 'seed': 166357, 'sequence_length': 16, 'num_items': 4}"
sequence_length,long_horizon_recall,full_history_reference_baseline,sequence_length,16,174276,1.0,0.0,15.971,1,"{'model_name': 'full_history_reference_baseline', 'state_dim': 32, 'seed': 174276, 'sequence_length': 16, 'num_items': 4}"
sequence_length,long_horizon_recall,full_history_reference_baseline,sequence_length,16,182195,1.0,0.0,15.49,1,"{'model_name': 'full_history_reference_baseline', 'state_dim': 32, 'seed': 182195, 'sequence_length': 16, 'num_items': 4}"
sequence_length,long_horizon_recall,full_history_reference_baseline,sequence_length,16,190114,1.0,0.0,17.001,1,"{'model_name': 'full_history_reference_baseline', 'state_dim': 32, 'seed': 190114, 'sequence_length': 16, 'num_items': 4}"
sequence_length,long_horizon_recall,full_history_reference_baseline,sequence_length,16,198033,1.0,0.0,14.792,1,"{'model_name': 'full_history_reference_baseline', 'state_dim': 32, 'seed': 198033, 'sequence_length': 16, 'num_items': 4}"
sequence_length,long_horizon_recall,full_history_reference_baseline,sequence_length,16,205952,1.0,0.0,14.635,1,"{'model_name': 'full_history_reference_baseline', 'state_dim': 32, 'seed': 205952, 'sequence_length': 16, 'num_items': 4}"
sequence_length,long_horizon_recall,full_history_reference_baseline,sequence_length,16,213871,1.0,0.0,12.99,1,"{'model_name': 'full_history_reference_baseline', 'state_dim': 32, 'seed': 213871, 'sequence_length': 16, 'num_items': 4}"
sequence_length,long_horizon_recall,full_history_reference_baseline,sequence_length,16,221790,1.0,0.0,15.897,1,"{'model_name': 'full_history_reference_baseline', 'state_dim': 32, 'seed': 221790, 'sequence_length': 16, 'num_items': 4}"
sequence_length,long_horizon_recall,full_history_reference_baseline,sequence_length,16,229709,1.0,0.0,15.924,1,"{'model_name': 'full_history_reference_baseline', 'state_dim': 32, 'seed': 229709, 'sequence_length': 16, 'num_items': 4}"
sequence_length,long_horizon_recall,full_history_reference_baseline,sequence_length,32,74,1.0,0.0,29.166,1,"{'model_name': 'full_history_reference_baseline', 'state_dim': 32, 'seed': 74, 'sequence_length': 32, 'num_items': 4}"
sequence_length,long_horizon_recall,full_history_reference_baseline,sequence_length,32,7993,1.0,0.0,25.856,1,"{'model_name': 'full_history_reference_baseline', 'state_dim': 32, 'seed': 7993, 'sequence_length': 32, 'num_items': 4}"
sequence_length,long_horizon_recall,full_history_reference_baseline,sequence_length,32,15912,1.0,0.0,26.621,1,"{'model_name': 'full_history_reference_baseline', 'state_dim': 32, 'seed': 15912, 'sequence_length': 32, 'num_items': 4}"
sequence_length,long_horizon_recall,full_history_reference_baseline,sequence_length,32,23831,1.0,0.0,25.211,1,"{'model_name': 'full_history_reference_baseline', 'state_dim': 32, 'seed': 23831, 'sequence_length': 32, 'num_items': 4}"
sequence_length,long_horizon_recall,full_history_reference_baseline,sequence_length,32,31750,1.0,0.0,25.375,1,"{'model_name': 'full_history_reference_baseline', 'state_dim': 32, 'seed': 31750, 'sequence_length': 32, 'num_items': 4}"
sequence_length,long_horizon_recall,full_history_reference_baseline,sequence_length,32,39669,1.0,0.0,24.323,1,"{'model_name': 'full_history_reference_baseline', 'state_dim': 32, 'seed': 39669, 'sequence_length': 32, 'num_items': 4}"
sequence_length,long_horizon_recall,full_history_reference_baseline,sequence_length,32,47588,1.0,0.0,25.147,1,"{'model_name': 'full_history_reference_baseline', 'state_dim': 32, 'seed': 47588, 'sequence_length': 32, 'num_items': 4}"
sequence_length,long_horizon_recall,full_history_reference_baseline,sequence_length,32,55507,1.0,0.0,24.248,1,"{'model_name': 'full_history_reference_baseline', 'state_dim': 32, 'seed': 55507, 'sequence_length': 32, 'num_items': 4}"
sequence_length,long_horizon_recall,full_history_reference_baseline,sequence_length,32,63426,1.0,0.0,26.215,1,"{'model_name': 'full_history_reference_baseline', 'state_dim': 32, 'seed': 63426, 'sequence_length': 32, 'num_items': 4}"
sequence_length,long_horizon_recall,full_history_reference_baseline,sequence_length,32,71345,1.0,0.0,24.182,1,"{'model_name': 'full_history_reference_baseline', 'state_dim': 32, 'seed': 71345, 'sequence_length': 32, 'num_items': 4}"
sequence_length,long_horizon_recall,full_history_reference_baseline,sequence_length,32,79264,1.0,0.0,28.562,1,"{'model_name': 'full_history_reference_baseline', 'state_dim': 32, 'seed': 79264, 'sequence_length': 32, 'num_items': 4}"
sequence_length,long_horizon_recall,full_history_reference_baseline,sequence_length,32,87183,1.0,0.0,26.358,1,"{'model_name': 'full_history_reference_baseline', 'state_dim': 32, 'seed': 87183, 'sequence_length': 32, 'num_items': 4}"
sequence_length,long_horizon_recall,full_history_reference_baseline,sequence_length,32,95102,1.0,0.0,24.095,1,"{'model_name': 'full_history_reference_baseline', 'state_dim': 32, 'seed': 95102, 'sequence_length': 32, 'num_items': 4}"
sequence_length,long_horizon_recall,full_history_reference_baseline,sequence_length,32,103021,1.0,0.0,27.983,1,"{'model_name': 'full_history_reference_baseline', 'state_dim': 32, 'seed': 103021, 'sequence_length': 32, 'num_items': 4}"
sequence_length,long_horizon_recall,full_history_reference_baseline,sequence_length,32,110940,1.0,0.0,29.298,1,"{'model_name': 'full_history_reference_baseline', 'state_dim': 32, 'seed': 110940, 'sequence_length': 32, 'num_items': 4}"
sequence_length,long_horizon_recall,full_history_reference_baseline,sequence_length,32,118859,1.0,0.0,29.177,1,"{'model_name': 'full_history_reference_baseline', 'state_dim': 32, 'seed': 118859, 'sequence_length': 32, 'num_items': 4}"
sequence_length,long_horizon_recall,full_history_reference_baseline,sequence_length,32,126778,1.0,0.0,27.045,1,"{'model_name': 'full_history_reference_baseline', 'state_dim': 32, 'seed': 126778, 'sequence_length': 32, 'num_items': 4}"
sequence_length,long_horizon_recall,full_history_reference_baseline,sequence_length,32,134697,1.0,0.0,24.311,1,"{'model_name': 'full_history_reference_baseline', 'state_dim': 32, 'seed': 134697, 'sequence_length': 32, 'num_items': 4}"
sequence_length,long_horizon_recall,full_history_reference_baseline,sequence_length,32,142616,1.0,0.0,27.25,1,"{'model_name': 'full_history_reference_baseline', 'state_dim': 32, 'seed': 142616, 'sequence_length': 32, 'num_items': 4}"
sequence_length,long_horizon_recall,full_history_reference_baseline,sequence_length,32,150535,1.0,0.0,26.258,1,"{'model_name': 'full_history_reference_baseline', 'state_dim': 32, 'seed': 150535, 'sequence_length': 32, 'num_items': 4}"
sequence_length,long_horizon_recall,full_history_reference_baseline,sequence_length,32,158454,1.0,0.0,26.224,1,"{'model_name': 'full_history_reference_baseline', 'state_dim': 32, 'seed': 158454, 'sequence_length': 32, 'num_items': 4}"
sequence_length,long_horizon_recall,full_history_reference_baseline,sequence_length,32,166373,1.0,0.0,26.587,1,"{'model_name': 'full_history_reference_baseline', 'state_dim': 32, 'seed': 166373, 'sequence_length': 32, 'num_items': 4}"
sequence_length,long_horizon_recall,full_history_reference_baseline,sequence_length,32,174292,1.0,0.0,25.617,1,"{'model_name': 'full_history_reference_baseline', 'state_dim': 32, 'seed': 174292, 'sequence_length': 32, 'num_items': 4}"
sequence_length,long_horizon_recall,full_history_reference_baseline,sequence_length,32,182211,1.0,0.0,26.593,1,"{'model_name': 'full_history_reference_baseline', 'state_dim': 32, 'seed': 182211, 'sequence_length': 32, 'num_items': 4}"
sequence_length,long_horizon_recall,full_history_reference_baseline,sequence_length,32,190130,1.0,0.0,24.791,1,"{'model_name': 'full_history_reference_baseline', 'state_dim': 32, 'seed': 190130, 'sequence_length': 32, 'num_items': 4}"
sequence_length,long_horizon_recall,full_history_reference_baseline,sequence_length,32,198049,1.0,0.0,27.661,1,"{'model_name': 'full_history_reference_baseline', 'state_dim': 32, 'seed': 198049, 'sequence_length': 32, 'num_items': 4}"
sequence_length,long_horizon_recall,full_history_reference_baseline,sequence_length,32,205968,1.0,0.0,27.493,1,"{'model_name': 'full_history_reference_baseline', 'state_dim': 32, 'seed': 205968, 'sequence_length': 32, 'num_items': 4}"
sequence_length,long_horizon_recall,full_history_reference_baseline,sequence_length,32,213887,1.0,0.0,25.532,1,"{'model_name': 'full_history_reference_baseline', 'state_dim': 32, 'seed': 213887, 'sequence_length': 32, 'num_items': 4}"
sequence_length,long_horizon_recall,full_history_reference_baseline,sequence_length,32,221806,1.0,0.0,25.236,1,"{'model_name': 'full_history_reference_baseline', 'state_dim': 32, 'seed': 221806, 'sequence_length': 32, 'num_items': 4}"
sequence_length,long_horizon_recall,full_history_reference_baseline,sequence_length,32,229725,1.0,0.0,26.791,1,"{'model_name': 'full_history_reference_baseline', 'state_dim': 32, 'seed': 229725, 'sequence_length': 32, 'num_items': 4}"
sequence_length,long_horizon_recall,full_history_reference_baseline,sequence_length,64,106,1.0,0.0,52.18,1,"{'model_name': 'full_history_reference_baseline', 'state_dim': 32, 'seed': 106, 'sequence_length': 64, 'num_items': 4}"
sequence_length,long_horizon_recall,full_history_reference_baseline,sequence_length,64,8025,1.0,0.0,48.744,1,"{'model_name': 'full_history_reference_baseline', 'state_dim': 32, 'seed': 8025, 'sequence_length': 64, 'num_items': 4}"
sequence_length,long_horizon_recall,full_history_reference_baseline,sequence_length,64,15944,1.0,0.0,50.707,1,"{'model_name': 'full_history_reference_baseline', 'state_dim': 32, 'seed': 15944, 'sequence_length': 64, 'num_items': 4}"
sequence_length,long_horizon_recall,full_history_reference_baseline,sequence_length,64,23863,1.0,0.0,48.442,1,"{'model_name': 'full_history_reference_baseline', 'state_dim': 32, 'seed': 23863, 'sequence_length': 64, 'num_items': 4}"
sequence_length,long_horizon_recall,full_history_reference_baseline,sequence_length,64,31782,1.0,0.0,43.351,1,"{'model_name': 'full_history_reference_baseline', 'state_dim': 32, 'seed': 31782, 'sequence_length': 64, 'num_items': 4}"
sequence_length,long_horizon_recall,full_history_reference_baseline,sequence_length,64,39701,1.0,0.0,48.209,1,"{'model_name': 'full_history_reference_baseline', 'state_dim': 32, 'seed': 39701, 'sequence_length': 64, 'num_items': 4}"
sequence_length,long_horizon_recall,full_history_reference_baseline,sequence_length,64,47620,1.0,0.0,53.098,1,"{'model_name': 'full_history_reference_baseline', 'state_dim': 32, 'seed': 47620, 'sequence_length': 64, 'num_items': 4}"
sequence_length,long_horizon_recall,full_history_reference_baseline,sequence_length,64,55539,1.0,0.0,51.233,1,"{'model_name': 'full_history_reference_baseline', 'state_dim': 32, 'seed': 55539, 'sequence_length': 64, 'num_items': 4}"
sequence_length,long_horizon_recall,full_history_reference_baseline,sequence_length,64,63458,1.0,0.0,62.06,1,"{'model_name': 'full_history_reference_baseline', 'state_dim': 32, 'seed': 63458, 'sequence_length': 64, 'num_items': 4}"
sequence_length,long_horizon_recall,full_history_reference_baseline,sequence_length,64,71377,1.0,0.0,55.469,1,"{'model_name': 'full_history_reference_baseline', 'state_dim': 32, 'seed': 71377, 'sequence_length': 64, 'num_items': 4}"
sequence_length,long_horizon_recall,full_history_reference_baseline,sequence_length,64,79296,1.0,0.0,48.159,1,"{'model_name': 'full_history_reference_baseline', 'state_dim': 32, 'seed': 79296, 'sequence_length': 64, 'num_items': 4}"
sequence_length,long_horizon_recall,full_history_reference_baseline,sequence_length,64,87215,1.0,0.0,59.14,1,"{'model_name': 'full_history_reference_baseline', 'state_dim': 32, 'seed': 87215, 'sequence_length': 64, 'num_items': 4}"
sequence_length,long_horizon_recall,full_history_reference_baseline,sequence_length,64,95134,1.0,0.0,79.269,1,"{'model_name': 'full_history_reference_baseline', 'state_dim': 32, 'seed': 95134, 'sequence_length': 64, 'num_items': 4}"
sequence_length,long_horizon_recall,full_history_reference_baseline,sequence_length,64,103053,1.0,0.0,73.831,1,"{'model_name': 'full_history_reference_baseline', 'state_dim': 32, 'seed': 103053, 'sequence_length': 64, 'num_items': 4}"
sequence_length,long_horizon_recall,full_history_reference_baseline,sequence_length,64,110972,1.0,0.0,60.258,1,"{'model_name': 'full_history_reference_baseline', 'state_dim': 32, 'seed': 110972, 'sequence_length': 64, 'num_items': 4}"
sequence_length,long_horizon_recall,full_history_reference_baseline,sequence_length,64,118891,1.0,0.0,46.969,1,"{'model_name': 'full_history_reference_baseline', 'state_dim': 32, 'seed': 118891, 'sequence_length': 64, 'num_items': 4}"
sequence_length,long_horizon_recall,full_history_reference_baseline,sequence_length,64,126810,1.0,0.0,47.093,1,"{'model_name': 'full_history_reference_baseline', 'state_dim': 32, 'seed': 126810, 'sequence_length': 64, 'num_items': 4}"
sequence_length,long_horizon_recall,full_history_reference_baseline,sequence_length,64,134729,1.0,0.0,49.406,1,"{'model_name': 'full_history_reference_baseline', 'state_dim': 32, 'seed': 134729, 'sequence_length': 64, 'num_items': 4}"
sequence_length,long_horizon_recall,full_history_reference_baseline,sequence_length,64,142648,1.0,0.0,51.649,1,"{'model_name': 'full_history_reference_baseline', 'state_dim': 32, 'seed': 142648, 'sequence_length': 64, 'num_items': 4}"
sequence_length,long_horizon_recall,full_history_reference_baseline,sequence_length,64,150567,1.0,0.0,50.457,1,"{'model_name': 'full_history_reference_baseline', 'state_dim': 32, 'seed': 150567, 'sequence_length': 64, 'num_items': 4}"
sequence_length,long_horizon_recall,full_history_reference_baseline,sequence_length,64,158486,1.0,0.0,55.597,1,"{'model_name': 'full_history_reference_baseline', 'state_dim': 32, 'seed': 158486, 'sequence_length': 64, 'num_items': 4}"
sequence_length,long_horizon_recall,full_history_reference_baseline,sequence_length,64,166405,1.0,0.0,49.888,1,"{'model_name': 'full_history_reference_baseline', 'state_dim': 32, 'seed': 166405, 'sequence_length': 64, 'num_items': 4}"
sequence_length,long_horizon_recall,full_history_reference_baseline,sequence_length,64,174324,1.0,0.0,53.266,1,"{'model_name': 'full_history_reference_baseline', 'state_dim': 32, 'seed': 174324, 'sequence_length': 64, 'num_items': 4}"
sequence_length,long_horizon_recall,full_history_reference_baseline,sequence_length,64,182243,1.0,0.0,50.967,1,"{'model_name': 'full_history_reference_baseline', 'state_dim': 32, 'seed': 182243, 'sequence_length': 64, 'num_items': 4}"
sequence_length,long_horizon_recall,full_history_reference_baseline,sequence_length,64,190162,1.0,0.0,44.115,1,"{'model_name': 'full_history_reference_baseline', 'state_dim': 32, 'seed': 190162, 'sequence_length': 64, 'num_items': 4}"
sequence_length,long_horizon_recall,full_history_reference_baseline,sequence_length,64,198081,1.0,0.0,50.882,1,"{'model_name': 'full_history_reference_baseline', 'state_dim': 32, 'seed': 198081, 'sequence_length': 64, 'num_items': 4}"
sequence_length,long_horizon_recall,full_history_reference_baseline,sequence_length,64,206000,1.0,0.0,48.843,1,"{'model_name': 'full_history_reference_baseline', 'state_dim': 32, 'seed': 206000, 'sequence_length': 64, 'num_items': 4}"
sequence_length,long_horizon_recall,full_history_reference_baseline,sequence_length,64,213919,1.0,0.0,49.337,1,"{'model_name': 'full_history_reference_baseline', 'state_dim': 32, 'seed': 213919, 'sequence_length': 64, 'num_items': 4}"
sequence_length,long_horizon_recall,full_history_reference_baseline,sequence_length,64,221838,1.0,0.0,56.04,1,"{'model_name': 'full_history_reference_baseline', 'state_dim': 32, 'seed': 221838, 'sequence_length': 64, 'num_items': 4}"
sequence_length,long_horizon_recall,full_history_reference_baseline,sequence_length,64,229757,1.0,0.0,65.808,1,"{'model_name': 'full_history_reference_baseline', 'state_dim': 32, 'seed': 229757, 'sequence_length': 64, 'num_items': 4}"
sequence_length,long_horizon_recall,full_history_reference_baseline,sequence_length,128,170,1.0,0.0,98.387,1,"{'model_name': 'full_history_reference_baseline', 'state_dim': 32, 'seed': 170, 'sequence_length': 128, 'num_items': 4}"
sequence_length,long_horizon_recall,full_history_reference_baseline,sequence_length,128,8089,1.0,0.0,94.261,1,"{'model_name': 'full_history_reference_baseline', 'state_dim': 32, 'seed': 8089, 'sequence_length': 128, 'num_items': 4}"
sequence_length,long_horizon_recall,full_history_reference_baseline,sequence_length,128,16008,1.0,0.0,89.119,1,"{'model_name': 'full_history_reference_baseline', 'state_dim': 32, 'seed': 16008, 'sequence_length': 128, 'num_items': 4}"
sequence_length,long_horizon_recall,full_history_reference_baseline,sequence_length,128,23927,1.0,0.0,91.408,1,"{'model_name': 'full_history_reference_baseline', 'state_dim': 32, 'seed': 23927, 'sequence_length': 128, 'num_items': 4}"
sequence_length,long_horizon_recall,full_history_reference_baseline,sequence_length,128,31846,1.0,0.0,96.311,1,"{'model_name': 'full_history_reference_baseline', 'state_dim': 32, 'seed': 31846, 'sequence_length': 128, 'num_items': 4}"
sequence_length,long_horizon_recall,full_history_reference_baseline,sequence_length,128,39765,1.0,0.0,91.666,1,"{'model_name': 'full_history_reference_baseline', 'state_dim': 32, 'seed': 39765, 'sequence_length': 128, 'num_items': 4}"
sequence_length,long_horizon_recall,full_history_reference_baseline,sequence_length,128,47684,1.0,0.0,91.336,1,"{'model_name': 'full_history_reference_baseline', 'state_dim': 32, 'seed': 47684, 'sequence_length': 128, 'num_items': 4}"
sequence_length,long_horizon_recall,full_history_reference_baseline,sequence_length,128,55603,1.0,0.0,90.755,1,"{'model_name': 'full_history_reference_baseline', 'state_dim': 32, 'seed': 55603, 'sequence_length': 128, 'num_items': 4}"
sequence_length,long_horizon_recall,full_history_reference_baseline,sequence_length,128,63522,1.0,0.0,102.63,1,"{'model_name': 'full_history_reference_baseline', 'state_dim': 32, 'seed': 63522, 'sequence_length': 128, 'num_items': 4}"
sequence_length,long_horizon_recall,full_history_reference_baseline,sequence_length,128,71441,1.0,0.0,90.218,1,"{'model_name': 'full_history_reference_baseline', 'state_dim': 32, 'seed': 71441, 'sequence_length': 128, 'num_items': 4}"
sequence_length,long_horizon_recall,full_history_reference_baseline,sequence_length,128,79360,1.0,0.0,96.633,1,"{'model_name': 'full_history_reference_baseline', 'state_dim': 32, 'seed': 79360, 'sequence_length': 128, 'num_items': 4}"
sequence_length,long_horizon_recall,full_history_reference_baseline,sequence_length,128,87279,1.0,0.0,100.809,1,"{'model_name': 'full_history_reference_baseline', 'state_dim': 32, 'seed': 87279, 'sequence_length': 128, 'num_items': 4}"
sequence_length,long_horizon_recall,full_history_reference_baseline,sequence_length,128,95198,1.0,0.0,112.117,1,"{'model_name': 'full_history_reference_baseline', 'state_dim': 32, 'seed': 95198, 'sequence_length': 128, 'num_items': 4}"
sequence_length,long_horizon_recall,full_history_reference_baseline,sequence_length,128,103117,1.0,0.0,109.772,1,"{'model_name': 'full_history_reference_baseline', 'state_dim': 32, 'seed': 103117, 'sequence_length': 128, 'num_items': 4}"
sequence_length,long_horizon_recall,full_history_reference_baseline,sequence_length,128,111036,1.0,0.0,90.608,1,"{'model_name': 'full_history_reference_baseline', 'state_dim': 32, 'seed': 111036, 'sequence_length': 128, 'num_items': 4}"
sequence_length,long_horizon_recall,full_history_reference_baseline,sequence_length,128,118955,1.0,0.0,108.686,1,"{'model_name': 'full_history_reference_baseline', 'state_dim': 32, 'seed': 118955, 'sequence_length': 128, 'num_items': 4}"
sequence_length,long_horizon_recall,full_history_reference_baseline,sequence_length,128,126874,1.0,0.0,103.318,1,"{'model_name': 'full_history_reference_baseline', 'state_dim': 32, 'seed': 126874, 'sequence_length': 128, 'num_items': 4}"
sequence_length,long_horizon_recall,full_history_reference_baseline,sequence_length,128,134793,1.0,0.0,100.249,1,"{'model_name': 'full_history_reference_baseline', 'state_dim': 32, 'seed': 134793, 'sequence_length': 128, 'num_items': 4}"
sequence_length,long_horizon_recall,full_history_reference_baseline,sequence_length,128,142712,1.0,0.0,100.581,1,"{'model_name': 'full_history_reference_baseline', 'state_dim': 32, 'seed': 142712, 'sequence_length': 128, 'num_items': 4}"
sequence_length,long_horizon_recall,full_history_reference_baseline,sequence_length,128,150631,1.0,0.0,88.668,1,"{'model_name': 'full_history_reference_baseline', 'state_dim': 32, 'seed': 150631, 'sequence_length': 128, 'num_items': 4}"
sequence_length,long_horizon_recall,full_history_reference_baseline,sequence_length,128,158550,1.0,0.0,92.953,1,"{'model_name': 'full_history_reference_baseline', 'state_dim': 32, 'seed': 158550, 'sequence_length': 128, 'num_items': 4}"
sequence_length,long_horizon_recall,full_history_reference_baseline,sequence_length,128,166469,1.0,0.0,95.639,1,"{'model_name': 'full_history_reference_baseline', 'state_dim': 32, 'seed': 166469, 'sequence_length': 128, 'num_items': 4}"
sequence_length,long_horizon_recall,full_history_reference_baseline,sequence_length,128,174388,1.0,0.0,90.665,1,"{'model_name': 'full_history_reference_baseline', 'state_dim': 32, 'seed': 174388, 'sequence_length': 128, 'num_items': 4}"
sequence_length,long_horizon_recall,full_history_reference_baseline,sequence_length,128,182307,1.0,0.0,94.72,1,"{'model_name': 'full_history_reference_baseline', 'state_dim': 32, 'seed': 182307, 'sequence_length': 128, 'num_items': 4}"
sequence_length,long_horizon_recall,full_history_reference_baseline,sequence_length,128,190226,1.0,0.0,101.392,1,"{'model_name': 'full_history_reference_baseline', 'state_dim': 32, 'seed': 190226, 'sequence_length': 128, 'num_items': 4}"
sequence_length,long_horizon_recall,full_history_reference_baseline,sequence_length,128,198145,1.0,0.0,105.111,1,"{'model_name': 'full_history_reference_baseline', 'state_dim': 32, 'seed': 198145, 'sequence_length': 128, 'num_items': 4}"
sequence_length,long_horizon_recall,full_history_reference_baseline,sequence_length,128,206064,1.0,0.0,97.884,1,"{'model_name': 'full_history_reference_baseline', 'state_dim': 32, 'seed': 206064, 'sequence_length': 128, 'num_items': 4}"
sequence_length,long_horizon_recall,full_history_reference_baseline,sequence_length,128,213983,1.0,0.0,106.919,1,"{'model_name': 'full_history_reference_baseline', 'state_dim': 32, 'seed': 213983, 'sequence_length': 128, 'num_items': 4}"
sequence_length,long_horizon_recall,full_history_reference_baseline,sequence_length,128,221902,1.0,0.0,124.657,1,"{'model_name': 'full_history_reference_baseline', 'state_dim': 32, 'seed': 221902, 'sequence_length': 128, 'num_items': 4}"
sequence_length,long_horizon_recall,full_history_reference_baseline,sequence_length,128,229821,1.0,0.0,106.998,1,"{'model_name': 'full_history_reference_baseline', 'state_dim': 32, 'seed': 229821, 'sequence_length': 128, 'num_items': 4}"
sequence_length,long_horizon_recall,full_history_reference_baseline,sequence_length,256,298,1.0,0.0,189.474,1,"{'model_name': 'full_history_reference_baseline', 'state_dim': 32, 'seed': 298, 'sequence_length': 256, 'num_items': 4}"
sequence_length,long_horizon_recall,full_history_reference_baseline,sequence_length,256,8217,1.0,0.0,185.773,1,"{'model_name': 'full_history_reference_baseline', 'state_dim': 32, 'seed': 8217, 'sequence_length': 256, 'num_items': 4}"
sequence_length,long_horizon_recall,full_history_reference_baseline,sequence_length,256,16136,1.0,0.0,169.391,1,"{'model_name': 'full_history_reference_baseline', 'state_dim': 32, 'seed': 16136, 'sequence_length': 256, 'num_items': 4}"
sequence_length,long_horizon_recall,full_history_reference_baseline,sequence_length,256,24055,1.0,0.0,170.267,1,"{'model_name': 'full_history_reference_baseline', 'state_dim': 32, 'seed': 24055, 'sequence_length': 256, 'num_items': 4}"
sequence_length,long_horizon_recall,full_history_reference_baseline,sequence_length,256,31974,1.0,0.0,168.379,1,"{'model_name': 'full_history_reference_baseline', 'state_dim': 32, 'seed': 31974, 'sequence_length': 256, 'num_items': 4}"
sequence_length,long_horizon_recall,full_history_reference_baseline,sequence_length,256,39893,1.0,0.0,161.789,1,"{'model_name': 'full_history_reference_baseline', 'state_dim': 32, 'seed': 39893, 'sequence_length': 256, 'num_items': 4}"
sequence_length,long_horizon_recall,full_history_reference_baseline,sequence_length,256,47812,1.0,0.0,162.999,1,"{'model_name': 'full_history_reference_baseline', 'state_dim': 32, 'seed': 47812, 'sequence_length': 256, 'num_items': 4}"
sequence_length,long_horizon_recall,full_history_reference_baseline,sequence_length,256,55731,1.0,0.0,168.998,1,"{'model_name': 'full_history_reference_baseline', 'state_dim': 32, 'seed': 55731, 'sequence_length': 256, 'num_items': 4}"
sequence_length,long_horizon_recall,full_history_reference_baseline,sequence_length,256,63650,1.0,0.0,193.096,1,"{'model_name': 'full_history_reference_baseline', 'state_dim': 32, 'seed': 63650, 'sequence_length': 256, 'num_items': 4}"
sequence_length,long_horizon_recall,full_history_reference_baseline,sequence_length,256,71569,1.0,0.0,208.638,1,"{'model_name': 'full_history_reference_baseline', 'state_dim': 32, 'seed': 71569, 'sequence_length': 256, 'num_items': 4}"
sequence_length,long_horizon_recall,full_history_reference_baseline,sequence_length,256,79488,1.0,0.0,254.29,1,"{'model_name': 'full_history_reference_baseline', 'state_dim': 32, 'seed': 79488, 'sequence_length': 256, 'num_items': 4}"
sequence_length,long_horizon_recall,full_history_reference_baseline,sequence_length,256,87407,1.0,0.0,174.43,1,"{'model_name': 'full_history_reference_baseline', 'state_dim': 32, 'seed': 87407, 'sequence_length': 256, 'num_items': 4}"
sequence_length,long_horizon_recall,full_history_reference_baseline,sequence_length,256,95326,1.0,0.0,173.601,1,"{'model_name': 'full_history_reference_baseline', 'state_dim': 32, 'seed': 95326, 'sequence_length': 256, 'num_items': 4}"
sequence_length,long_horizon_recall,full_history_reference_baseline,sequence_length,256,103245,1.0,0.0,177.487,1,"{'model_name': 'full_history_reference_baseline', 'state_dim': 32, 'seed': 103245, 'sequence_length': 256, 'num_items': 4}"
sequence_length,long_horizon_recall,full_history_reference_baseline,sequence_length,256,111164,1.0,0.0,179.407,1,"{'model_name': 'full_history_reference_baseline', 'state_dim': 32, 'seed': 111164, 'sequence_length': 256, 'num_items': 4}"
sequence_length,long_horizon_recall,full_history_reference_baseline,sequence_length,256,119083,1.0,0.0,177.416,1,"{'model_name': 'full_history_reference_baseline', 'state_dim': 32, 'seed': 119083, 'sequence_length': 256, 'num_items': 4}"
sequence_length,long_horizon_recall,full_history_reference_baseline,sequence_length,256,127002,1.0,0.0,173.315,1,"{'model_name': 'full_history_reference_baseline', 'state_dim': 32, 'seed': 127002, 'sequence_length': 256, 'num_items': 4}"
sequence_length,long_horizon_recall,full_history_reference_baseline,sequence_length,256,134921,1.0,0.0,178.101,1,"{'model_name': 'full_history_reference_baseline', 'state_dim': 32, 'seed': 134921, 'sequence_length': 256, 'num_items': 4}"
sequence_length,long_horizon_recall,full_history_reference_baseline,sequence_length,256,142840,1.0,0.0,173.235,1,"{'model_name': 'full_history_reference_baseline', 'state_dim': 32, 'seed': 142840, 'sequence_length': 256, 'num_items': 4}"
sequence_length,long_horizon_recall,full_history_reference_baseline,sequence_length,256,150759,1.0,0.0,176.02,1,"{'model_name': 'full_history_reference_baseline', 'state_dim': 32, 'seed': 150759, 'sequence_length': 256, 'num_items': 4}"
sequence_length,long_horizon_recall,full_history_reference_baseline,sequence_length,256,158678,1.0,0.0,176.976,1,"{'model_name': 'full_history_reference_baseline', 'state_dim': 32, 'seed': 158678, 'sequence_length': 256, 'num_items': 4}"
sequence_length,long_horizon_recall,full_history_reference_baseline,sequence_length,256,166597,1.0,0.0,173.215,1,"{'model_name': 'full_history_reference_baseline', 'state_dim': 32, 'seed': 166597, 'sequence_length': 256, 'num_items': 4}"
sequence_length,long_horizon_recall,full_history_reference_baseline,sequence_length,256,174516,1.0,0.0,174.572,1,"{'model_name': 'full_history_reference_baseline', 'state_dim': 32, 'seed': 174516, 'sequence_length': 256, 'num_items': 4}"
sequence_length,long_horizon_recall,full_history_reference_baseline,sequence_length,256,182435,1.0,0.0,189.105,1,"{'model_name': 'full_history_reference_baseline', 'state_dim': 32, 'seed': 182435, 'sequence_length': 256, 'num_items': 4}"
sequence_length,long_horizon_recall,full_history_reference_baseline,sequence_length,256,190354,1.0,0.0,168.013,1,"{'model_name': 'full_history_reference_baseline', 'state_dim': 32, 'seed': 190354, 'sequence_length': 256, 'num_items': 4}"
sequence_length,long_horizon_recall,full_history_reference_baseline,sequence_length,256,198273,1.0,0.0,179.042,1,"{'model_name': 'full_history_reference_baseline', 'state_dim': 32, 'seed': 198273, 'sequence_length': 256, 'num_items': 4}"
sequence_length,long_horizon_recall,full_history_reference_baseline,sequence_length,256,206192,1.0,0.0,173.549,1,"{'model_name': 'full_history_reference_baseline', 'state_dim': 32, 'seed': 206192, 'sequence_length': 256, 'num_items': 4}"
sequence_length,long_horizon_recall,full_history_reference_baseline,sequence_length,256,214111,1.0,0.0,169.558,1,"{'model_name': 'full_history_reference_baseline', 'state_dim': 32, 'seed': 214111, 'sequence_length': 256, 'num_items': 4}"
sequence_length,long_horizon_recall,full_history_reference_baseline,sequence_length,256,222030,1.0,0.0,164.098,1,"{'model_name': 'full_history_reference_baseline', 'state_dim': 32, 'seed': 222030, 'sequence_length': 256, 'num_items': 4}"
sequence_length,long_horizon_recall,full_history_reference_baseline,sequence_length,256,229949,1.0,0.0,172.485,1,"{'model_name': 'full_history_reference_baseline', 'state_dim': 32, 'seed': 229949, 'sequence_length': 256, 'num_items': 4}"
sequence_length,long_horizon_recall,full_history_reference_baseline,sequence_length,512,554,1.0,0.0,407.045,1,"{'model_name': 'full_history_reference_baseline', 'state_dim': 32, 'seed': 554, 'sequence_length': 512, 'num_items': 4}"
sequence_length,long_horizon_recall,full_history_reference_baseline,sequence_length,512,8473,1.0,0.0,352.839,1,"{'model_name': 'full_history_reference_baseline', 'state_dim': 32, 'seed': 8473, 'sequence_length': 512, 'num_items': 4}"
sequence_length,long_horizon_recall,full_history_reference_baseline,sequence_length,512,16392,1.0,0.0,387.835,1,"{'model_name': 'full_history_reference_baseline', 'state_dim': 32, 'seed': 16392, 'sequence_length': 512, 'num_items': 4}"
sequence_length,long_horizon_recall,full_history_reference_baseline,sequence_length,512,24311,1.0,0.0,343.973,1,"{'model_name': 'full_history_reference_baseline', 'state_dim': 32, 'seed': 24311, 'sequence_length': 512, 'num_items': 4}"
sequence_length,long_horizon_recall,full_history_reference_baseline,sequence_length,512,32230,1.0,0.0,349.539,1,"{'model_name': 'full_history_reference_baseline', 'state_dim': 32, 'seed': 32230, 'sequence_length': 512, 'num_items': 4}"
sequence_length,long_horizon_recall,full_history_reference_baseline,sequence_length,512,40149,1.0,0.0,348.735,1,"{'model_name': 'full_history_reference_baseline', 'state_dim': 32, 'seed': 40149, 'sequence_length': 512, 'num_items': 4}"
sequence_length,long_horizon_recall,full_history_reference_baseline,sequence_length,512,48068,1.0,0.0,346.224,1,"{'model_name': 'full_history_reference_baseline', 'state_dim': 32, 'seed': 48068, 'sequence_length': 512, 'num_items': 4}"
sequence_length,long_horizon_recall,full_history_reference_baseline,sequence_length,512,55987,1.0,0.0,368.092,1,"{'model_name': 'full_history_reference_baseline', 'state_dim': 32, 'seed': 55987, 'sequence_length': 512, 'num_items': 4}"
sequence_length,long_horizon_recall,full_history_reference_baseline,sequence_length,512,63906,1.0,0.0,328.788,1,"{'model_name': 'full_history_reference_baseline', 'state_dim': 32, 'seed': 63906, 'sequence_length': 512, 'num_items': 4}"
sequence_length,long_horizon_recall,full_history_reference_baseline,sequence_length,512,71825,1.0,0.0,335.73,1,"{'model_name': 'full_history_reference_baseline', 'state_dim': 32, 'seed': 71825, 'sequence_length': 512, 'num_items': 4}"
sequence_length,long_horizon_recall,full_history_reference_baseline,sequence_length,512,79744,1.0,0.0,352.667,1,"{'model_name': 'full_history_reference_baseline', 'state_dim': 32, 'seed': 79744, 'sequence_length': 512, 'num_items': 4}"
sequence_length,long_horizon_recall,full_history_reference_baseline,sequence_length,512,87663,1.0,0.0,363.952,1,"{'model_name': 'full_history_reference_baseline', 'state_dim': 32, 'seed': 87663, 'sequence_length': 512, 'num_items': 4}"
sequence_length,long_horizon_recall,full_history_reference_baseline,sequence_length,512,95582,1.0,0.0,371.27,1,"{'model_name': 'full_history_reference_baseline', 'state_dim': 32, 'seed': 95582, 'sequence_length': 512, 'num_items': 4}"
sequence_length,long_horizon_recall,full_history_reference_baseline,sequence_length,512,103501,1.0,0.0,357.937,1,"{'model_name': 'full_history_reference_baseline', 'state_dim': 32, 'seed': 103501, 'sequence_length': 512, 'num_items': 4}"
sequence_length,long_horizon_recall,full_history_reference_baseline,sequence_length,512,111420,1.0,0.0,377.341,1,"{'model_name': 'full_history_reference_baseline', 'state_dim': 32, 'seed': 111420, 'sequence_length': 512, 'num_items': 4}"
sequence_length,long_horizon_recall,full_history_reference_baseline,sequence_length,512,119339,1.0,0.0,391.258,1,"{'model_name': 'full_history_reference_baseline', 'state_dim': 32, 'seed': 119339, 'sequence_length': 512, 'num_items': 4}"
sequence_length,long_horizon_recall,full_history_reference_baseline,sequence_length,512,127258,1.0,0.0,351.942,1,"{'model_name': 'full_history_reference_baseline', 'state_dim': 32, 'seed': 127258, 'sequence_length': 512, 'num_items': 4}"
sequence_length,long_horizon_recall,full_history_reference_baseline,sequence_length,512,135177,1.0,0.0,340.941,1,"{'model_name': 'full_history_reference_baseline', 'state_dim': 32, 'seed': 135177, 'sequence_length': 512, 'num_items': 4}"
sequence_length,long_horizon_recall,full_history_reference_baseline,sequence_length,512,143096,1.0,0.0,368.014,1,"{'model_name': 'full_history_reference_baseline', 'state_dim': 32, 'seed': 143096, 'sequence_length': 512, 'num_items': 4}"
sequence_length,long_horizon_recall,full_history_reference_baseline,sequence_length,512,151015,1.0,0.0,350.015,1,"{'model_name': 'full_history_reference_baseline', 'state_dim': 32, 'seed': 151015, 'sequence_length': 512, 'num_items': 4}"
sequence_length,long_horizon_recall,full_history_reference_baseline,sequence_length,512,158934,1.0,0.0,351.087,1,"{'model_name': 'full_history_reference_baseline', 'state_dim': 32, 'seed': 158934, 'sequence_length': 512, 'num_items': 4}"
sequence_length,long_horizon_recall,full_history_reference_baseline,sequence_length,512,166853,1.0,0.0,374.086,1,"{'model_name': 'full_history_reference_baseline', 'state_dim': 32, 'seed': 166853, 'sequence_length': 512, 'num_items': 4}"
sequence_length,long_horizon_recall,full_history_reference_baseline,sequence_length,512,174772,1.0,0.0,367.468,1,"{'model_name': 'full_history_reference_baseline', 'state_dim': 32, 'seed': 174772, 'sequence_length': 512, 'num_items': 4}"
sequence_length,long_horizon_recall,full_history_reference_baseline,sequence_length,512,182691,1.0,0.0,444.134,1,"{'model_name': 'full_history_reference_baseline', 'state_dim': 32, 'seed': 182691, 'sequence_length': 512, 'num_items': 4}"
sequence_length,long_horizon_recall,full_history_reference_baseline,sequence_length,512,190610,1.0,0.0,342.472,1,"{'model_name': 'full_history_reference_baseline', 'state_dim': 32, 'seed': 190610, 'sequence_length': 512, 'num_items': 4}"
sequence_length,long_horizon_recall,full_history_reference_baseline,sequence_length,512,198529,1.0,0.0,347.774,1,"{'model_name': 'full_history_reference_baseline', 'state_dim': 32, 'seed': 198529, 'sequence_length': 512, 'num_items': 4}"
sequence_length,long_horizon_recall,full_history_reference_baseline,sequence_length,512,206448,1.0,0.0,360.542,1,"{'model_name': 'full_history_reference_baseline', 'state_dim': 32, 'seed': 206448, 'sequence_length': 512, 'num_items': 4}"
sequence_length,long_horizon_recall,full_history_reference_baseline,sequence_length,512,214367,1.0,0.0,355.506,1,"{'model_name': 'full_history_reference_baseline', 'state_dim': 32, 'seed': 214367, 'sequence_length': 512, 'num_items': 4}"
sequence_length,long_horizon_recall,full_history_reference_baseline,sequence_length,512,222286,1.0,0.0,344.127,1,"{'model_name': 'full_history_reference_baseline', 'state_dim': 32, 'seed': 222286, 'sequence_length': 512, 'num_items': 4}"
sequence_length,long_horizon_recall,full_history_reference_baseline,sequence_length,512,230205,1.0,0.0,376.338,1,"{'model_name': 'full_history_reference_baseline', 'state_dim': 32, 'seed': 230205, 'sequence_length': 512, 'num_items': 4}"
sequence_length,long_horizon_recall,full_history_reference_baseline,sequence_length,1024,1066,1.0,0.0,799.337,1,"{'model_name': 'full_history_reference_baseline', 'state_dim': 32, 'seed': 1066, 'sequence_length': 1024, 'num_items': 4}"
sequence_length,long_horizon_recall,full_history_reference_baseline,sequence_length,1024,8985,1.0,0.0,796.418,1,"{'model_name': 'full_history_reference_baseline', 'state_dim': 32, 'seed': 8985, 'sequence_length': 1024, 'num_items': 4}"
sequence_length,long_horizon_recall,full_history_reference_baseline,sequence_length,1024,16904,1.0,0.0,800.92,1,"{'model_name': 'full_history_reference_baseline', 'state_dim': 32, 'seed': 16904, 'sequence_length': 1024, 'num_items': 4}"
sequence_length,long_horizon_recall,full_history_reference_baseline,sequence_length,1024,24823,1.0,0.0,760.185,1,"{'model_name': 'full_history_reference_baseline', 'state_dim': 32, 'seed': 24823, 'sequence_length': 1024, 'num_items': 4}"
sequence_length,long_horizon_recall,full_history_reference_baseline,sequence_length,1024,32742,1.0,0.0,757.429,1,"{'model_name': 'full_history_reference_baseline', 'state_dim': 32, 'seed': 32742, 'sequence_length': 1024, 'num_items': 4}"
sequence_length,long_horizon_recall,full_history_reference_baseline,sequence_length,1024,40661,1.0,0.0,764.733,1,"{'model_name': 'full_history_reference_baseline', 'state_dim': 32, 'seed': 40661, 'sequence_length': 1024, 'num_items': 4}"
sequence_length,long_horizon_recall,full_history_reference_baseline,sequence_length,1024,48580,1.0,0.0,746.206,1,"{'model_name': 'full_history_reference_baseline', 'state_dim': 32, 'seed': 48580, 'sequence_length': 1024, 'num_items': 4}"
sequence_length,long_horizon_recall,full_history_reference_baseline,sequence_length,1024,56499,1.0,0.0,723.097,1,"{'model_name': 'full_history_reference_baseline', 'state_dim': 32, 'seed': 56499, 'sequence_length': 1024, 'num_items': 4}"
sequence_length,long_horizon_recall,full_history_reference_baseline,sequence_length,1024,64418,1.0,0.0,742.943,1,"{'model_name': 'full_history_reference_baseline', 'state_dim': 32, 'seed': 64418, 'sequence_length': 1024, 'num_items': 4}"
sequence_length,long_horizon_recall,full_history_reference_baseline,sequence_length,1024,72337,1.0,0.0,346.588,1,"{'model_name': 'full_history_reference_baseline', 'state_dim': 32, 'seed': 72337, 'sequence_length': 1024, 'num_items': 4}"
sequence_length,long_horizon_recall,full_history_reference_baseline,sequence_length,1024,80256,1.0,0.0,200.445,1,"{'model_name': 'full_history_reference_baseline', 'state_dim': 32, 'seed': 80256, 'sequence_length': 1024, 'num_items': 4}"
sequence_length,long_horizon_recall,full_history_reference_baseline,sequence_length,1024,88175,1.0,0.0,208.847,1,"{'model_name': 'full_history_reference_baseline', 'state_dim': 32, 'seed': 88175, 'sequence_length': 1024, 'num_items': 4}"
sequence_length,long_horizon_recall,full_history_reference_baseline,sequence_length,1024,96094,1.0,0.0,194.119,1,"{'model_name': 'full_history_reference_baseline', 'state_dim': 32, 'seed': 96094, 'sequence_length': 1024, 'num_items': 4}"
sequence_length,long_horizon_recall,full_history_reference_baseline,sequence_length,1024,104013,1.0,0.0,174.318,1,"{'model_name': 'full_history_reference_baseline', 'state_dim': 32, 'seed': 104013, 'sequence_length': 1024, 'num_items': 4}"
sequence_length,long_horizon_recall,full_history_reference_baseline,sequence_length,1024,111932,1.0,0.0,223.44,1,"{'model_name': 'full_history_reference_baseline', 'state_dim': 32, 'seed': 111932, 'sequence_length': 1024, 'num_items': 4}"
sequence_length,long_horizon_recall,full_history_reference_baseline,sequence_length,1024,119851,1.0,0.0,193.549,1,"{'model_name': 'full_history_reference_baseline', 'state_dim': 32, 'seed': 119851, 'sequence_length': 1024, 'num_items': 4}"
sequence_length,long_horizon_recall,full_history_reference_baseline,sequence_length,1024,127770,1.0,0.0,191.495,1,"{'model_name': 'full_history_reference_baseline', 'state_dim': 32, 'seed': 127770, 'sequence_length': 1024, 'num_items': 4}"
sequence_length,long_horizon_recall,full_history_reference_baseline,sequence_length,1024,135689,1.0,0.0,221.652,1,"{'model_name': 'full_history_reference_baseline', 'state_dim': 32, 'seed': 135689, 'sequence_length': 1024, 'num_items': 4}"
sequence_length,long_horizon_recall,full_history_reference_baseline,sequence_length,1024,143608,1.0,0.0,206.124,1,"{'model_name': 'full_history_reference_baseline', 'state_dim': 32, 'seed': 143608, 'sequence_length': 1024, 'num_items': 4}"
sequence_length,long_horizon_recall,full_history_reference_baseline,sequence_length,1024,151527,1.0,0.0,234.084,1,"{'model_name': 'full_history_reference_baseline', 'state_dim': 32, 'seed': 151527, 'sequence_length': 1024, 'num_items': 4}"
sequence_length,long_horizon_recall,full_history_reference_baseline,sequence_length,1024,159446,1.0,0.0,170.078,1,"{'model_name': 'full_history_reference_baseline', 'state_dim': 32, 'seed': 159446, 'sequence_length': 1024, 'num_items': 4}"
sequence_length,long_horizon_recall,full_history_reference_baseline,sequence_length,1024,167365,1.0,0.0,234.084,1,"{'model_name': 'full_history_reference_baseline', 'state_dim': 32, 'seed': 167365, 'sequence_length': 1024, 'num_items': 4}"
sequence_length,long_horizon_recall,full_history_reference_baseline,sequence_length,1024,175284,1.0,0.0,188.445,1,"{'model_name': 'full_history_reference_baseline', 'state_dim': 32, 'seed': 175284, 'sequence_length': 1024, 'num_items': 4}"
sequence_length,long_horizon_recall,full_history_reference_baseline,sequence_length,1024,183203,1.0,0.0,205.603,1,"{'model_name': 'full_history_reference_baseline', 'state_dim': 32, 'seed': 183203, 'sequence_length': 1024, 'num_items': 4}"
sequence_length,long_horizon_recall,full_history_reference_baseline,sequence_length,1024,191122,1.0,0.0,226.885,1,"{'model_name': 'full_history_reference_baseline', 'state_dim': 32, 'seed': 191122, 'sequence_length': 1024, 'num_items': 4}"
sequence_length,long_horizon_recall,full_history_reference_baseline,sequence_length,1024,199041,1.0,0.0,201.269,1,"{'model_name': 'full_history_reference_baseline', 'state_dim': 32, 'seed': 199041, 'sequence_length': 1024, 'num_items': 4}"
sequence_length,long_horizon_recall,full_history_reference_baseline,sequence_length,1024,206960,1.0,0.0,238.353,1,"{'model_name': 'full_history_reference_baseline', 'state_dim': 32, 'seed': 206960, 'sequence_length': 1024, 'num_items': 4}"
sequence_length,long_horizon_recall,full_history_reference_baseline,sequence_length,1024,214879,1.0,0.0,214.677,1,"{'model_name': 'full_history_reference_baseline', 'state_dim': 32, 'seed': 214879, 'sequence_length': 1024, 'num_items': 4}"
sequence_length,long_horizon_recall,full_history_reference_baseline,sequence_length,1024,222798,1.0,0.0,202.75,1,"{'model_name': 'full_history_reference_baseline', 'state_dim': 32, 'seed': 222798, 'sequence_length': 1024, 'num_items': 4}"
sequence_length,long_horizon_recall,full_history_reference_baseline,sequence_length,1024,230717,1.0,0.0,222.28,1,"{'model_name': 'full_history_reference_baseline', 'state_dim': 32, 'seed': 230717, 'sequence_length': 1024, 'num_items': 4}"
sequence_length,long_horizon_recall,fixed_size_recurrent_memory,sequence_length,16,58,1.0,0.0,9.391,1,"{'model_name': 'fixed_size_recurrent_memory', 'state_dim': 32, 'seed': 58, 'sequence_length': 16, 'num_items': 4}"
sequence_length,long_horizon_recall,fixed_size_recurrent_memory,sequence_length,16,7977,0.0,1.0,13.625,1,"{'model_name': 'fixed_size_recurrent_memory', 'state_dim': 32, 'seed': 7977, 'sequence_length': 16, 'num_items': 4}"
sequence_length,long_horizon_recall,fixed_size_recurrent_memory,sequence_length,16,15896,0.0,1.0,13.585,1,"{'model_name': 'fixed_size_recurrent_memory', 'state_dim': 32, 'seed': 15896, 'sequence_length': 16, 'num_items': 4}"
sequence_length,long_horizon_recall,fixed_size_recurrent_memory,sequence_length,16,23815,0.0,1.0,14.13,1,"{'model_name': 'fixed_size_recurrent_memory', 'state_dim': 32, 'seed': 23815, 'sequence_length': 16, 'num_items': 4}"
sequence_length,long_horizon_recall,fixed_size_recurrent_memory,sequence_length,16,31734,0.0,1.0,13.397,1,"{'model_name': 'fixed_size_recurrent_memory', 'state_dim': 32, 'seed': 31734, 'sequence_length': 16, 'num_items': 4}"
sequence_length,long_horizon_recall,fixed_size_recurrent_memory,sequence_length,16,39653,0.0,1.0,13.296,1,"{'model_name': 'fixed_size_recurrent_memory', 'state_dim': 32, 'seed': 39653, 'sequence_length': 16, 'num_items': 4}"
sequence_length,long_horizon_recall,fixed_size_recurrent_memory,sequence_length,16,47572,0.0,1.0,12.465,1,"{'model_name': 'fixed_size_recurrent_memory', 'state_dim': 32, 'seed': 47572, 'sequence_length': 16, 'num_items': 4}"
sequence_length,long_horizon_recall,fixed_size_recurrent_memory,sequence_length,16,55491,0.0,1.0,3.697,1,"{'model_name': 'fixed_size_recurrent_memory', 'state_dim': 32, 'seed': 55491, 'sequence_length': 16, 'num_items': 4}"
sequence_length,long_horizon_recall,fixed_size_recurrent_memory,sequence_length,16,63410,0.0,1.0,3.325,1,"{'model_name': 'fixed_size_recurrent_memory', 'state_dim': 32, 'seed': 63410, 'sequence_length': 16, 'num_items': 4}"
sequence_length,long_horizon_recall,fixed_size_recurrent_memory,sequence_length,16,71329,0.0,1.0,3.083,1,"{'model_name': 'fixed_size_recurrent_memory', 'state_dim': 32, 'seed': 71329, 'sequence_length': 16, 'num_items': 4}"
sequence_length,long_horizon_recall,fixed_size_recurrent_memory,sequence_length,16,79248,0.0,1.0,3.383,1,"{'model_name': 'fixed_size_recurrent_memory', 'state_dim': 32, 'seed': 79248, 'sequence_length': 16, 'num_items': 4}"
sequence_length,long_horizon_recall,fixed_size_recurrent_memory,sequence_length,16,87167,0.0,1.0,3.131,1,"{'model_name': 'fixed_size_recurrent_memory', 'state_dim': 32, 'seed': 87167, 'sequence_length': 16, 'num_items': 4}"
sequence_length,long_horizon_recall,fixed_size_recurrent_memory,sequence_length,16,95086,0.0,1.0,3.318,1,"{'model_name': 'fixed_size_recurrent_memory', 'state_dim': 32, 'seed': 95086, 'sequence_length': 16, 'num_items': 4}"
sequence_length,long_horizon_recall,fixed_size_recurrent_memory,sequence_length,16,103005,0.0,1.0,3.096,1,"{'model_name': 'fixed_size_recurrent_memory', 'state_dim': 32, 'seed': 103005, 'sequence_length': 16, 'num_items': 4}"
sequence_length,long_horizon_recall,fixed_size_recurrent_memory,sequence_length,16,110924,1.0,0.0,3.329,1,"{'model_name': 'fixed_size_recurrent_memory', 'state_dim': 32, 'seed': 110924, 'sequence_length': 16, 'num_items': 4}"
sequence_length,long_horizon_recall,fixed_size_recurrent_memory,sequence_length,16,118843,0.0,1.0,3.401,1,"{'model_name': 'fixed_size_recurrent_memory', 'state_dim': 32, 'seed': 118843, 'sequence_length': 16, 'num_items': 4}"
sequence_length,long_horizon_recall,fixed_size_recurrent_memory,sequence_length,16,126762,1.0,0.0,3.366,1,"{'model_name': 'fixed_size_recurrent_memory', 'state_dim': 32, 'seed': 126762, 'sequence_length': 16, 'num_items': 4}"
sequence_length,long_horizon_recall,fixed_size_recurrent_memory,sequence_length,16,134681,0.0,1.0,4.229,1,"{'model_name': 'fixed_size_recurrent_memory', 'state_dim': 32, 'seed': 134681, 'sequence_length': 16, 'num_items': 4}"
sequence_length,long_horizon_recall,fixed_size_recurrent_memory,sequence_length,16,142600,0.0,1.0,13.685,1,"{'model_name': 'fixed_size_recurrent_memory', 'state_dim': 32, 'seed': 142600, 'sequence_length': 16, 'num_items': 4}"
sequence_length,long_horizon_recall,fixed_size_recurrent_memory,sequence_length,16,150519,0.0,1.0,13.198,1,"{'model_name': 'fixed_size_recurrent_memory', 'state_dim': 32, 'seed': 150519, 'sequence_length': 16, 'num_items': 4}"
sequence_length,long_horizon_recall,fixed_size_recurrent_memory,sequence_length,16,158438,0.0,1.0,13.302,1,"{'model_name': 'fixed_size_recurrent_memory', 'state_dim': 32, 'seed': 158438, 'sequence_length': 16, 'num_items': 4}"
sequence_length,long_horizon_recall,fixed_size_recurrent_memory,sequence_length,16,166357,0.0,1.0,2.759,1,"{'model_name': 'fixed_size_recurrent_memory', 'state_dim': 32, 'seed': 166357, 'sequence_length': 16, 'num_items': 4}"
sequence_length,long_horizon_recall,fixed_size_recurrent_memory,sequence_length,16,174276,0.0,1.0,4.146,1,"{'model_name': 'fixed_size_recurrent_memory', 'state_dim': 32, 'seed': 174276, 'sequence_length': 16, 'num_items': 4}"
sequence_length,long_horizon_recall,fixed_size_recurrent_memory,sequence_length,16,182195,1.0,0.0,14.041,1,"{'model_name': 'fixed_size_recurrent_memory', 'state_dim': 32, 'seed': 182195, 'sequence_length': 16, 'num_items': 4}"
sequence_length,long_horizon_recall,fixed_size_recurrent_memory,sequence_length,16,190114,0.0,1.0,14.118,1,"{'model_name': 'fixed_size_recurrent_memory', 'state_dim': 32, 'seed': 190114, 'sequence_length': 16, 'num_items': 4}"
sequence_length,long_horizon_recall,fixed_size_recurrent_memory,sequence_length,16,198033,0.0,1.0,9.458,1,"{'model_name': 'fixed_size_recurrent_memory', 'state_dim': 32, 'seed': 198033, 'sequence_length': 16, 'num_items': 4}"
sequence_length,long_horizon_recall,fixed_size_recurrent_memory,sequence_length,16,205952,0.0,1.0,3.743,1,"{'model_name': 'fixed_size_recurrent_memory', 'state_dim': 32, 'seed': 205952, 'sequence_length': 16, 'num_items': 4}"
sequence_length,long_horizon_recall,fixed_size_recurrent_memory,sequence_length,16,213871,0.0,1.0,3.225,1,"{'model_name': 'fixed_size_recurrent_memory', 'state_dim': 32, 'seed': 213871, 'sequence_length': 16, 'num_items': 4}"
sequence_length,long_horizon_recall,fixed_size_recurrent_memory,sequence_length,16,221790,0.0,1.0,3.148,1,"{'model_name': 'fixed_size_recurrent_memory', 'state_dim': 32, 'seed': 221790, 'sequence_length': 16, 'num_items': 4}"
sequence_length,long_horizon_recall,fixed_size_recurrent_memory,sequence_length,16,229709,0.0,1.0,3.22,1,"{'model_name': 'fixed_size_recurrent_memory', 'state_dim': 32, 'seed': 229709, 'sequence_length': 16, 'num_items': 4}"
sequence_length,long_horizon_recall,fixed_size_recurrent_memory,sequence_length,32,74,0.0,1.0,6.243,1,"{'model_name': 'fixed_size_recurrent_memory', 'state_dim': 32, 'seed': 74, 'sequence_length': 32, 'num_items': 4}"
sequence_length,long_horizon_recall,fixed_size_recurrent_memory,sequence_length,32,7993,0.0,1.0,25.832,1,"{'model_name': 'fixed_size_recurrent_memory', 'state_dim': 32, 'seed': 7993, 'sequence_length': 32, 'num_items': 4}"
sequence_length,long_horizon_recall,fixed_size_recurrent_memory,sequence_length,32,15912,0.0,1.0,6.429,1,"{'model_name': 'fixed_size_recurrent_memory', 'state_dim': 32, 'seed': 15912, 'sequence_length': 32, 'num_items': 4}"
sequence_length,long_horizon_recall,fixed_size_recurrent_memory,sequence_length,32,23831,0.0,1.0,6.559,1,"{'model_name': 'fixed_size_recurrent_memory', 'state_dim': 32, 'seed': 23831, 'sequence_length': 32, 'num_items': 4}"
sequence_length,long_horizon_recall,fixed_size_recurrent_memory,sequence_length,32,31750,0.0,1.0,6.769,1,"{'model_name': 'fixed_size_recurrent_memory', 'state_dim': 32, 'seed': 31750, 'sequence_length': 32, 'num_items': 4}"
sequence_length,long_horizon_recall,fixed_size_recurrent_memory,sequence_length,32,39669,0.0,1.0,8.355,1,"{'model_name': 'fixed_size_recurrent_memory', 'state_dim': 32, 'seed': 39669, 'sequence_length': 32, 'num_items': 4}"
sequence_length,long_horizon_recall,fixed_size_recurrent_memory,sequence_length,32,47588,0.0,1.0,5.904,1,"{'model_name': 'fixed_size_recurrent_memory', 'state_dim': 32, 'seed': 47588, 'sequence_length': 32, 'num_items': 4}"
sequence_length,long_horizon_recall,fixed_size_recurrent_memory,sequence_length,32,55507,0.0,1.0,14.342,1,"{'model_name': 'fixed_size_recurrent_memory', 'state_dim': 32, 'seed': 55507, 'sequence_length': 32, 'num_items': 4}"
sequence_length,long_horizon_recall,fixed_size_recurrent_memory,sequence_length,32,63426,0.0,1.0,8.055,1,"{'model_name': 'fixed_size_recurrent_memory', 'state_dim': 32, 'seed': 63426, 'sequence_length': 32, 'num_items': 4}"
sequence_length,long_horizon_recall,fixed_size_recurrent_memory,sequence_length,32,71345,0.0,1.0,5.884,1,"{'model_name': 'fixed_size_recurrent_memory', 'state_dim': 32, 'seed': 71345, 'sequence_length': 32, 'num_items': 4}"
sequence_length,long_horizon_recall,fixed_size_recurrent_memory,sequence_length,32,79264,0.0,1.0,5.946,1,"{'model_name': 'fixed_size_recurrent_memory', 'state_dim': 32, 'seed': 79264, 'sequence_length': 32, 'num_items': 4}"
sequence_length,long_horizon_recall,fixed_size_recurrent_memory,sequence_length,32,87183,0.0,1.0,5.69,1,"{'model_name': 'fixed_size_recurrent_memory', 'state_dim': 32, 'seed': 87183, 'sequence_length': 32, 'num_items': 4}"
sequence_length,long_horizon_recall,fixed_size_recurrent_memory,sequence_length,32,95102,0.0,1.0,5.937,1,"{'model_name': 'fixed_size_recurrent_memory', 'state_dim': 32, 'seed': 95102, 'sequence_length': 32, 'num_items': 4}"
sequence_length,long_horizon_recall,fixed_size_recurrent_memory,sequence_length,32,103021,0.0,1.0,5.779,1,"{'model_name': 'fixed_size_recurrent_memory', 'state_dim': 32, 'seed': 103021, 'sequence_length': 32, 'num_items': 4}"
sequence_length,long_horizon_recall,fixed_size_recurrent_memory,sequence_length,32,110940,0.0,1.0,5.691,1,"{'model_name': 'fixed_size_recurrent_memory', 'state_dim': 32, 'seed': 110940, 'sequence_length': 32, 'num_items': 4}"
sequence_length,long_horizon_recall,fixed_size_recurrent_memory,sequence_length,32,118859,0.0,1.0,7.59,1,"{'model_name': 'fixed_size_recurrent_memory', 'state_dim': 32, 'seed': 118859, 'sequence_length': 32, 'num_items': 4}"
sequence_length,long_horizon_recall,fixed_size_recurrent_memory,sequence_length,32,126778,0.0,1.0,13.657,1,"{'model_name': 'fixed_size_recurrent_memory', 'state_dim': 32, 'seed': 126778, 'sequence_length': 32, 'num_items': 4}"
sequence_length,long_horizon_recall,fixed_size_recurrent_memory,sequence_length,32,134697,0.0,1.0,5.688,1,"{'model_name': 'fixed_size_recurrent_memory', 'state_dim': 32, 'seed': 134697, 'sequence_length': 32, 'num_items': 4}"
sequence_length,long_horizon_recall,fixed_size_recurrent_memory,sequence_length,32,142616,0.0,1.0,5.912,1,"{'model_name': 'fixed_size_recurrent_memory', 'state_dim': 32, 'seed': 142616, 'sequence_length': 32, 'num_items': 4}"
sequence_length,long_horizon_recall,fixed_size_recurrent_memory,sequence_length,32,150535,0.0,1.0,26.006,1,"{'model_name': 'fixed_size_recurrent_memory', 'state_dim': 32, 'seed': 150535, 'sequence_length': 32, 'num_items': 4}"
sequence_length,long_horizon_recall,fixed_size_recurrent_memory,sequence_length,32,158454,0.0,1.0,26.899,1,"{'model_name': 'fixed_size_recurrent_memory', 'state_dim': 32, 'seed': 158454, 'sequence_length': 32, 'num_items': 4}"
sequence_length,long_horizon_recall,fixed_size_recurrent_memory,sequence_length,32,166373,0.0,1.0,22.564,1,"{'model_name': 'fixed_size_recurrent_memory', 'state_dim': 32, 'seed': 166373, 'sequence_length': 32, 'num_items': 4}"
sequence_length,long_horizon_recall,fixed_size_recurrent_memory,sequence_length,32,174292,0.0,1.0,7.577,1,"{'model_name': 'fixed_size_recurrent_memory', 'state_dim': 32, 'seed': 174292, 'sequence_length': 32, 'num_items': 4}"
sequence_length,long_horizon_recall,fixed_size_recurrent_memory,sequence_length,32,182211,0.0,1.0,9.785,1,"{'model_name': 'fixed_size_recurrent_memory', 'state_dim': 32, 'seed': 182211, 'sequence_length': 32, 'num_items': 4}"
sequence_length,long_horizon_recall,fixed_size_recurrent_memory,sequence_length,32,190130,0.0,1.0,8.542,1,"{'model_name': 'fixed_size_recurrent_memory', 'state_dim': 32, 'seed': 190130, 'sequence_length': 32, 'num_items': 4}"
sequence_length,long_horizon_recall,fixed_size_recurrent_memory,sequence_length,32,198049,0.0,1.0,6.812,1,"{'model_name': 'fixed_size_recurrent_memory', 'state_dim': 32, 'seed': 198049, 'sequence_length': 32, 'num_items': 4}"
sequence_length,long_horizon_recall,fixed_size_recurrent_memory,sequence_length,32,205968,0.0,1.0,6.252,1,"{'model_name': 'fixed_size_recurrent_memory', 'state_dim': 32, 'seed': 205968, 'sequence_length': 32, 'num_items': 4}"
sequence_length,long_horizon_recall,fixed_size_recurrent_memory,sequence_length,32,213887,0.0,1.0,6.229,1,"{'model_name': 'fixed_size_recurrent_memory', 'state_dim': 32, 'seed': 213887, 'sequence_length': 32, 'num_items': 4}"
sequence_length,long_horizon_recall,fixed_size_recurrent_memory,sequence_length,32,221806,0.0,1.0,5.008,1,"{'model_name': 'fixed_size_recurrent_memory', 'state_dim': 32, 'seed': 221806, 'sequence_length': 32, 'num_items': 4}"
sequence_length,long_horizon_recall,fixed_size_recurrent_memory,sequence_length,32,229725,0.0,1.0,5.98,1,"{'model_name': 'fixed_size_recurrent_memory', 'state_dim': 32, 'seed': 229725, 'sequence_length': 32, 'num_items': 4}"
sequence_length,long_horizon_recall,fixed_size_recurrent_memory,sequence_length,64,106,0.0,1.0,32.488,1,"{'model_name': 'fixed_size_recurrent_memory', 'state_dim': 32, 'seed': 106, 'sequence_length': 64, 'num_items': 4}"
sequence_length,long_horizon_recall,fixed_size_recurrent_memory,sequence_length,64,8025,0.0,1.0,25.803,1,"{'model_name': 'fixed_size_recurrent_memory', 'state_dim': 32, 'seed': 8025, 'sequence_length': 64, 'num_items': 4}"
sequence_length,long_horizon_recall,fixed_size_recurrent_memory,sequence_length,64,15944,0.0,1.0,11.399,1,"{'model_name': 'fixed_size_recurrent_memory', 'state_dim': 32, 'seed': 15944, 'sequence_length': 64, 'num_items': 4}"
sequence_length,long_horizon_recall,fixed_size_recurrent_memory,sequence_length,64,23863,0.0,1.0,11.469,1,"{'model_name': 'fixed_size_recurrent_memory', 'state_dim': 32, 'seed': 23863, 'sequence_length': 64, 'num_items': 4}"
sequence_length,long_horizon_recall,fixed_size_recurrent_memory,sequence_length,64,31782,0.0,1.0,11.552,1,"{'model_name': 'fixed_size_recurrent_memory', 'state_dim': 32, 'seed': 31782, 'sequence_length': 64, 'num_items': 4}"
sequence_length,long_horizon_recall,fixed_size_recurrent_memory,sequence_length,64,39701,0.0,1.0,35.431,1,"{'model_name': 'fixed_size_recurrent_memory', 'state_dim': 32, 'seed': 39701, 'sequence_length': 64, 'num_items': 4}"
sequence_length,long_horizon_recall,fixed_size_recurrent_memory,sequence_length,64,47620,0.0,1.0,12.053,1,"{'model_name': 'fixed_size_recurrent_memory', 'state_dim': 32, 'seed': 47620, 'sequence_length': 64, 'num_items': 4}"
sequence_length,long_horizon_recall,fixed_size_recurrent_memory,sequence_length,64,55539,0.0,1.0,11.792,1,"{'model_name': 'fixed_size_recurrent_memory', 'state_dim': 32, 'seed': 55539, 'sequence_length': 64, 'num_items': 4}"
sequence_length,long_horizon_recall,fixed_size_recurrent_memory,sequence_length,64,63458,0.0,1.0,33.253,1,"{'model_name': 'fixed_size_recurrent_memory', 'state_dim': 32, 'seed': 63458, 'sequence_length': 64, 'num_items': 4}"
sequence_length,long_horizon_recall,fixed_size_recurrent_memory,sequence_length,64,71377,0.0,1.0,12.524,1,"{'model_name': 'fixed_size_recurrent_memory', 'state_dim': 32, 'seed': 71377, 'sequence_length': 64, 'num_items': 4}"
sequence_length,long_horizon_recall,fixed_size_recurrent_memory,sequence_length,64,79296,0.0,1.0,11.36,1,"{'model_name': 'fixed_size_recurrent_memory', 'state_dim': 32, 'seed': 79296, 'sequence_length': 64, 'num_items': 4}"
sequence_length,long_horizon_recall,fixed_size_recurrent_memory,sequence_length,64,87215,0.0,1.0,22.649,1,"{'model_name': 'fixed_size_recurrent_memory', 'state_dim': 32, 'seed': 87215, 'sequence_length': 64, 'num_items': 4}"
sequence_length,long_horizon_recall,fixed_size_recurrent_memory,sequence_length,64,95134,0.0,1.0,49.145,1,"{'model_name': 'fixed_size_recurrent_memory', 'state_dim': 32, 'seed': 95134, 'sequence_length': 64, 'num_items': 4}"
sequence_length,long_horizon_recall,fixed_size_recurrent_memory,sequence_length,64,103053,0.0,1.0,45.254,1,"{'model_name': 'fixed_size_recurrent_memory', 'state_dim': 32, 'seed': 103053, 'sequence_length': 64, 'num_items': 4}"
sequence_length,long_horizon_recall,fixed_size_recurrent_memory,sequence_length,64,110972,0.0,1.0,28.737,1,"{'model_name': 'fixed_size_recurrent_memory', 'state_dim': 32, 'seed': 110972, 'sequence_length': 64, 'num_items': 4}"
sequence_length,long_horizon_recall,fixed_size_recurrent_memory,sequence_length,64,118891,0.0,1.0,11.317,1,"{'model_name': 'fixed_size_recurrent_memory', 'state_dim': 32, 'seed': 118891, 'sequence_length': 64, 'num_items': 4}"
sequence_length,long_horizon_recall,fixed_size_recurrent_memory,sequence_length,64,126810,0.0,1.0,11.514,1,"{'model_name': 'fixed_size_recurrent_memory', 'state_dim': 32, 'seed': 126810, 'sequence_length': 64, 'num_items': 4}"
sequence_length,long_horizon_recall,fixed_size_recurrent_memory,sequence_length,64,134729,0.0,1.0,13.105,1,"{'model_name': 'fixed_size_recurrent_memory', 'state_dim': 32, 'seed': 134729, 'sequence_length': 64, 'num_items': 4}"
sequence_length,long_horizon_recall,fixed_size_recurrent_memory,sequence_length,64,142648,0.0,1.0,11.253,1,"{'model_name': 'fixed_size_recurrent_memory', 'state_dim': 32, 'seed': 142648, 'sequence_length': 64, 'num_items': 4}"
sequence_length,long_horizon_recall,fixed_size_recurrent_memory,sequence_length,64,150567,0.0,1.0,32.646,1,"{'model_name': 'fixed_size_recurrent_memory', 'state_dim': 32, 'seed': 150567, 'sequence_length': 64, 'num_items': 4}"
sequence_length,long_horizon_recall,fixed_size_recurrent_memory,sequence_length,64,158486,0.0,1.0,47.957,1,"{'model_name': 'fixed_size_recurrent_memory', 'state_dim': 32, 'seed': 158486, 'sequence_length': 64, 'num_items': 4}"
sequence_length,long_horizon_recall,fixed_size_recurrent_memory,sequence_length,64,166405,0.0,1.0,11.497,1,"{'model_name': 'fixed_size_recurrent_memory', 'state_dim': 32, 'seed': 166405, 'sequence_length': 64, 'num_items': 4}"
sequence_length,long_horizon_recall,fixed_size_recurrent_memory,sequence_length,64,174324,0.0,1.0,11.585,1,"{'model_name': 'fixed_size_recurrent_memory', 'state_dim': 32, 'seed': 174324, 'sequence_length': 64, 'num_items': 4}"
sequence_length,long_horizon_recall,fixed_size_recurrent_memory,sequence_length,64,182243,0.0,1.0,12.403,1,"{'model_name': 'fixed_size_recurrent_memory', 'state_dim': 32, 'seed': 182243, 'sequence_length': 64, 'num_items': 4}"
sequence_length,long_horizon_recall,fixed_size_recurrent_memory,sequence_length,64,190162,0.0,1.0,11.22,1,"{'model_name': 'fixed_size_recurrent_memory', 'state_dim': 32, 'seed': 190162, 'sequence_length': 64, 'num_items': 4}"
sequence_length,long_horizon_recall,fixed_size_recurrent_memory,sequence_length,64,198081,0.0,1.0,11.966,1,"{'model_name': 'fixed_size_recurrent_memory', 'state_dim': 32, 'seed': 198081, 'sequence_length': 64, 'num_items': 4}"
sequence_length,long_horizon_recall,fixed_size_recurrent_memory,sequence_length,64,206000,0.0,1.0,11.589,1,"{'model_name': 'fixed_size_recurrent_memory', 'state_dim': 32, 'seed': 206000, 'sequence_length': 64, 'num_items': 4}"
sequence_length,long_horizon_recall,fixed_size_recurrent_memory,sequence_length,64,213919,0.0,1.0,78.29,1,"{'model_name': 'fixed_size_recurrent_memory', 'state_dim': 32, 'seed': 213919, 'sequence_length': 64, 'num_items': 4}"
sequence_length,long_horizon_recall,fixed_size_recurrent_memory,sequence_length,64,221838,0.0,1.0,23.028,1,"{'model_name': 'fixed_size_recurrent_memory', 'state_dim': 32, 'seed': 221838, 'sequence_length': 64, 'num_items': 4}"
sequence_length,long_horizon_recall,fixed_size_recurrent_memory,sequence_length,64,229757,0.0,1.0,26.169,1,"{'model_name': 'fixed_size_recurrent_memory', 'state_dim': 32, 'seed': 229757, 'sequence_length': 64, 'num_items': 4}"
sequence_length,long_horizon_recall,fixed_size_recurrent_memory,sequence_length,128,170,0.0,1.0,101.523,1,"{'model_name': 'fixed_size_recurrent_memory', 'state_dim': 32, 'seed': 170, 'sequence_length': 128, 'num_items': 4}"
sequence_length,long_horizon_recall,fixed_size_recurrent_memory,sequence_length,128,8089,0.0,1.0,23.63,1,"{'model_name': 'fixed_size_recurrent_memory', 'state_dim': 32, 'seed': 8089, 'sequence_length': 128, 'num_items': 4}"
sequence_length,long_horizon_recall,fixed_size_recurrent_memory,sequence_length,128,16008,0.0,1.0,23.012,1,"{'model_name': 'fixed_size_recurrent_memory', 'state_dim': 32, 'seed': 16008, 'sequence_length': 128, 'num_items': 4}"
sequence_length,long_horizon_recall,fixed_size_recurrent_memory,sequence_length,128,23927,0.0,1.0,22.422,1,"{'model_name': 'fixed_size_recurrent_memory', 'state_dim': 32, 'seed': 23927, 'sequence_length': 128, 'num_items': 4}"
sequence_length,long_horizon_recall,fixed_size_recurrent_memory,sequence_length,128,31846,0.0,1.0,23.342,1,"{'model_name': 'fixed_size_recurrent_memory', 'state_dim': 32, 'seed': 31846, 'sequence_length': 128, 'num_items': 4}"
sequence_length,long_horizon_recall,fixed_size_recurrent_memory,sequence_length,128,39765,0.0,1.0,32.19,1,"{'model_name': 'fixed_size_recurrent_memory', 'state_dim': 32, 'seed': 39765, 'sequence_length': 128, 'num_items': 4}"
sequence_length,long_horizon_recall,fixed_size_recurrent_memory,sequence_length,128,47684,0.0,1.0,22.899,1,"{'model_name': 'fixed_size_recurrent_memory', 'state_dim': 32, 'seed': 47684, 'sequence_length': 128, 'num_items': 4}"
sequence_length,long_horizon_recall,fixed_size_recurrent_memory,sequence_length,128,55603,0.0,1.0,37.323,1,"{'model_name': 'fixed_size_recurrent_memory', 'state_dim': 32, 'seed': 55603, 'sequence_length': 128, 'num_items': 4}"
sequence_length,long_horizon_recall,fixed_size_recurrent_memory,sequence_length,128,63522,0.0,1.0,31.408,1,"{'model_name': 'fixed_size_recurrent_memory', 'state_dim': 32, 'seed': 63522, 'sequence_length': 128, 'num_items': 4}"
sequence_length,long_horizon_recall,fixed_size_recurrent_memory,sequence_length,128,71441,0.0,1.0,23.816,1,"{'model_name': 'fixed_size_recurrent_memory', 'state_dim': 32, 'seed': 71441, 'sequence_length': 128, 'num_items': 4}"
sequence_length,long_horizon_recall,fixed_size_recurrent_memory,sequence_length,128,79360,0.0,1.0,22.318,1,"{'model_name': 'fixed_size_recurrent_memory', 'state_dim': 32, 'seed': 79360, 'sequence_length': 128, 'num_items': 4}"
sequence_length,long_horizon_recall,fixed_size_recurrent_memory,sequence_length,128,87279,0.0,1.0,23.614,1,"{'model_name': 'fixed_size_recurrent_memory', 'state_dim': 32, 'seed': 87279, 'sequence_length': 128, 'num_items': 4}"
sequence_length,long_horizon_recall,fixed_size_recurrent_memory,sequence_length,128,95198,0.0,1.0,52.336,1,"{'model_name': 'fixed_size_recurrent_memory', 'state_dim': 32, 'seed': 95198, 'sequence_length': 128, 'num_items': 4}"
sequence_length,long_horizon_recall,fixed_size_recurrent_memory,sequence_length,128,103117,0.0,1.0,110.169,1,"{'model_name': 'fixed_size_recurrent_memory', 'state_dim': 32, 'seed': 103117, 'sequence_length': 128, 'num_items': 4}"
sequence_length,long_horizon_recall,fixed_size_recurrent_memory,sequence_length,128,111036,0.0,1.0,26.029,1,"{'model_name': 'fixed_size_recurrent_memory', 'state_dim': 32, 'seed': 111036, 'sequence_length': 128, 'num_items': 4}"
sequence_length,long_horizon_recall,fixed_size_recurrent_memory,sequence_length,128,118955,0.0,1.0,26.274,1,"{'model_name': 'fixed_size_recurrent_memory', 'state_dim': 32, 'seed': 118955, 'sequence_length': 128, 'num_items': 4}"
sequence_length,long_horizon_recall,fixed_size_recurrent_memory,sequence_length,128,126874,0.0,1.0,21.506,1,"{'model_name': 'fixed_size_recurrent_memory', 'state_dim': 32, 'seed': 126874, 'sequence_length': 128, 'num_items': 4}"
sequence_length,long_horizon_recall,fixed_size_recurrent_memory,sequence_length,128,134793,0.0,1.0,22.222,1,"{'model_name': 'fixed_size_recurrent_memory', 'state_dim': 32, 'seed': 134793, 'sequence_length': 128, 'num_items': 4}"
sequence_length,long_horizon_recall,fixed_size_recurrent_memory,sequence_length,128,142712,0.0,1.0,26.148,1,"{'model_name': 'fixed_size_recurrent_memory', 'state_dim': 32, 'seed': 142712, 'sequence_length': 128, 'num_items': 4}"
sequence_length,long_horizon_recall,fixed_size_recurrent_memory,sequence_length,128,150631,0.0,1.0,55.186,1,"{'model_name': 'fixed_size_recurrent_memory', 'state_dim': 32, 'seed': 150631, 'sequence_length': 128, 'num_items': 4}"
sequence_length,long_horizon_recall,fixed_size_recurrent_memory,sequence_length,128,158550,0.0,1.0,27.272,1,"{'model_name': 'fixed_size_recurrent_memory', 'state_dim': 32, 'seed': 158550, 'sequence_length': 128, 'num_items': 4}"
sequence_length,long_horizon_recall,fixed_size_recurrent_memory,sequence_length,128,166469,0.0,1.0,21.904,1,"{'model_name': 'fixed_size_recurrent_memory', 'state_dim': 32, 'seed': 166469, 'sequence_length': 128, 'num_items': 4}"
sequence_length,long_horizon_recall,fixed_size_recurrent_memory,sequence_length,128,174388,0.0,1.0,23.301,1,"{'model_name': 'fixed_size_recurrent_memory', 'state_dim': 32, 'seed': 174388, 'sequence_length': 128, 'num_items': 4}"
sequence_length,long_horizon_recall,fixed_size_recurrent_memory,sequence_length,128,182307,0.0,1.0,41.279,1,"{'model_name': 'fixed_size_recurrent_memory', 'state_dim': 32, 'seed': 182307, 'sequence_length': 128, 'num_items': 4}"
sequence_length,long_horizon_recall,fixed_size_recurrent_memory,sequence_length,128,190226,0.0,1.0,23.591,1,"{'model_name': 'fixed_size_recurrent_memory', 'state_dim': 32, 'seed': 190226, 'sequence_length': 128, 'num_items': 4}"
sequence_length,long_horizon_recall,fixed_size_recurrent_memory,sequence_length,128,198145,0.0,1.0,23.708,1,"{'model_name': 'fixed_size_recurrent_memory', 'state_dim': 32, 'seed': 198145, 'sequence_length': 128, 'num_items': 4}"
sequence_length,long_horizon_recall,fixed_size_recurrent_memory,sequence_length,128,206064,0.0,1.0,30.997,1,"{'model_name': 'fixed_size_recurrent_memory', 'state_dim': 32, 'seed': 206064, 'sequence_length': 128, 'num_items': 4}"
sequence_length,long_horizon_recall,fixed_size_recurrent_memory,sequence_length,128,213983,0.0,1.0,26.962,1,"{'model_name': 'fixed_size_recurrent_memory', 'state_dim': 32, 'seed': 213983, 'sequence_length': 128, 'num_items': 4}"
sequence_length,long_horizon_recall,fixed_size_recurrent_memory,sequence_length,128,221902,0.0,1.0,22.337,1,"{'model_name': 'fixed_size_recurrent_memory', 'state_dim': 32, 'seed': 221902, 'sequence_length': 128, 'num_items': 4}"
sequence_length,long_horizon_recall,fixed_size_recurrent_memory,sequence_length,128,229821,0.0,1.0,24.832,1,"{'model_name': 'fixed_size_recurrent_memory', 'state_dim': 32, 'seed': 229821, 'sequence_length': 128, 'num_items': 4}"
sequence_length,long_horizon_recall,fixed_size_recurrent_memory,sequence_length,256,298,0.0,1.0,45.207,1,"{'model_name': 'fixed_size_recurrent_memory', 'state_dim': 32, 'seed': 298, 'sequence_length': 256, 'num_items': 4}"
sequence_length,long_horizon_recall,fixed_size_recurrent_memory,sequence_length,256,8217,0.0,1.0,54.888,1,"{'model_name': 'fixed_size_recurrent_memory', 'state_dim': 32, 'seed': 8217, 'sequence_length': 256, 'num_items': 4}"
sequence_length,long_horizon_recall,fixed_size_recurrent_memory,sequence_length,256,16136,0.0,1.0,59.158,1,"{'model_name': 'fixed_size_recurrent_memory', 'state_dim': 32, 'seed': 16136, 'sequence_length': 256, 'num_items': 4}"
sequence_length,long_horizon_recall,fixed_size_recurrent_memory,sequence_length,256,24055,0.0,1.0,43.39,1,"{'model_name': 'fixed_size_recurrent_memory', 'state_dim': 32, 'seed': 24055, 'sequence_length': 256, 'num_items': 4}"
sequence_length,long_horizon_recall,fixed_size_recurrent_memory,sequence_length,256,31974,0.0,1.0,93.386,1,"{'model_name': 'fixed_size_recurrent_memory', 'state_dim': 32, 'seed': 31974, 'sequence_length': 256, 'num_items': 4}"
sequence_length,long_horizon_recall,fixed_size_recurrent_memory,sequence_length,256,39893,0.0,1.0,69.917,1,"{'model_name': 'fixed_size_recurrent_memory', 'state_dim': 32, 'seed': 39893, 'sequence_length': 256, 'num_items': 4}"
sequence_length,long_horizon_recall,fixed_size_recurrent_memory,sequence_length,256,47812,0.0,1.0,44.038,1,"{'model_name': 'fixed_size_recurrent_memory', 'state_dim': 32, 'seed': 47812, 'sequence_length': 256, 'num_items': 4}"
sequence_length,long_horizon_recall,fixed_size_recurrent_memory,sequence_length,256,55731,0.0,1.0,72.833,1,"{'model_name': 'fixed_size_recurrent_memory', 'state_dim': 32, 'seed': 55731, 'sequence_length': 256, 'num_items': 4}"
sequence_length,long_horizon_recall,fixed_size_recurrent_memory,sequence_length,256,63650,0.0,1.0,44.129,1,"{'model_name': 'fixed_size_recurrent_memory', 'state_dim': 32, 'seed': 63650, 'sequence_length': 256, 'num_items': 4}"
sequence_length,long_horizon_recall,fixed_size_recurrent_memory,sequence_length,256,71569,0.0,1.0,95.487,1,"{'model_name': 'fixed_size_recurrent_memory', 'state_dim': 32, 'seed': 71569, 'sequence_length': 256, 'num_items': 4}"
sequence_length,long_horizon_recall,fixed_size_recurrent_memory,sequence_length,256,79488,0.0,1.0,42.298,1,"{'model_name': 'fixed_size_recurrent_memory', 'state_dim': 32, 'seed': 79488, 'sequence_length': 256, 'num_items': 4}"
sequence_length,long_horizon_recall,fixed_size_recurrent_memory,sequence_length,256,87407,0.0,1.0,41.901,1,"{'model_name': 'fixed_size_recurrent_memory', 'state_dim': 32, 'seed': 87407, 'sequence_length': 256, 'num_items': 4}"
sequence_length,long_horizon_recall,fixed_size_recurrent_memory,sequence_length,256,95326,0.0,1.0,50.823,1,"{'model_name': 'fixed_size_recurrent_memory', 'state_dim': 32, 'seed': 95326, 'sequence_length': 256, 'num_items': 4}"
sequence_length,long_horizon_recall,fixed_size_recurrent_memory,sequence_length,256,103245,0.0,1.0,124.201,1,"{'model_name': 'fixed_size_recurrent_memory', 'state_dim': 32, 'seed': 103245, 'sequence_length': 256, 'num_items': 4}"
sequence_length,long_horizon_recall,fixed_size_recurrent_memory,sequence_length,256,111164,0.0,1.0,106.477,1,"{'model_name': 'fixed_size_recurrent_memory', 'state_dim': 32, 'seed': 111164, 'sequence_length': 256, 'num_items': 4}"
sequence_length,long_horizon_recall,fixed_size_recurrent_memory,sequence_length,256,119083,0.0,1.0,44.298,1,"{'model_name': 'fixed_size_recurrent_memory', 'state_dim': 32, 'seed': 119083, 'sequence_length': 256, 'num_items': 4}"
sequence_length,long_horizon_recall,fixed_size_recurrent_memory,sequence_length,256,127002,0.0,1.0,45.587,1,"{'model_name': 'fixed_size_recurrent_memory', 'state_dim': 32, 'seed': 127002, 'sequence_length': 256, 'num_items': 4}"
sequence_length,long_horizon_recall,fixed_size_recurrent_memory,sequence_length,256,134921,0.0,1.0,41.685,1,"{'model_name': 'fixed_size_recurrent_memory', 'state_dim': 32, 'seed': 134921, 'sequence_length': 256, 'num_items': 4}"
sequence_length,long_horizon_recall,fixed_size_recurrent_memory,sequence_length,256,142840,0.0,1.0,43.234,1,"{'model_name': 'fixed_size_recurrent_memory', 'state_dim': 32, 'seed': 142840, 'sequence_length': 256, 'num_items': 4}"
sequence_length,long_horizon_recall,fixed_size_recurrent_memory,sequence_length,256,150759,0.0,1.0,181.832,1,"{'model_name': 'fixed_size_recurrent_memory', 'state_dim': 32, 'seed': 150759, 'sequence_length': 256, 'num_items': 4}"
sequence_length,long_horizon_recall,fixed_size_recurrent_memory,sequence_length,256,158678,0.0,1.0,69.237,1,"{'model_name': 'fixed_size_recurrent_memory', 'state_dim': 32, 'seed': 158678, 'sequence_length': 256, 'num_items': 4}"
sequence_length,long_horizon_recall,fixed_size_recurrent_memory,sequence_length,256,166597,0.0,1.0,56.441,1,"{'model_name': 'fixed_size_recurrent_memory', 'state_dim': 32, 'seed': 166597, 'sequence_length': 256, 'num_items': 4}"
sequence_length,long_horizon_recall,fixed_size_recurrent_memory,sequence_length,256,174516,0.0,1.0,50.929,1,"{'model_name': 'fixed_size_recurrent_memory', 'state_dim': 32, 'seed': 174516, 'sequence_length': 256, 'num_items': 4}"
sequence_length,long_horizon_recall,fixed_size_recurrent_memory,sequence_length,256,182435,0.0,1.0,114.788,1,"{'model_name': 'fixed_size_recurrent_memory', 'state_dim': 32, 'seed': 182435, 'sequence_length': 256, 'num_items': 4}"
sequence_length,long_horizon_recall,fixed_size_recurrent_memory,sequence_length,256,190354,0.0,1.0,96.588,1,"{'model_name': 'fixed_size_recurrent_memory', 'state_dim': 32, 'seed': 190354, 'sequence_length': 256, 'num_items': 4}"
sequence_length,long_horizon_recall,fixed_size_recurrent_memory,sequence_length,256,198273,0.0,1.0,43.875,1,"{'model_name': 'fixed_size_recurrent_memory', 'state_dim': 32, 'seed': 198273, 'sequence_length': 256, 'num_items': 4}"
sequence_length,long_horizon_recall,fixed_size_recurrent_memory,sequence_length,256,206192,0.0,1.0,44.588,1,"{'model_name': 'fixed_size_recurrent_memory', 'state_dim': 32, 'seed': 206192, 'sequence_length': 256, 'num_items': 4}"
sequence_length,long_horizon_recall,fixed_size_recurrent_memory,sequence_length,256,214111,0.0,1.0,43.361,1,"{'model_name': 'fixed_size_recurrent_memory', 'state_dim': 32, 'seed': 214111, 'sequence_length': 256, 'num_items': 4}"
sequence_length,long_horizon_recall,fixed_size_recurrent_memory,sequence_length,256,222030,0.0,1.0,48.44,1,"{'model_name': 'fixed_size_recurrent_memory', 'state_dim': 32, 'seed': 222030, 'sequence_length': 256, 'num_items': 4}"
sequence_length,long_horizon_recall,fixed_size_recurrent_memory,sequence_length,256,229949,0.0,1.0,42.607,1,"{'model_name': 'fixed_size_recurrent_memory', 'state_dim': 32, 'seed': 229949, 'sequence_length': 256, 'num_items': 4}"
sequence_length,long_horizon_recall,fixed_size_recurrent_memory,sequence_length,512,554,0.0,1.0,143.618,1,"{'model_name': 'fixed_size_recurrent_memory', 'state_dim': 32, 'seed': 554, 'sequence_length': 512, 'num_items': 4}"
sequence_length,long_horizon_recall,fixed_size_recurrent_memory,sequence_length,512,8473,0.0,1.0,169.175,1,"{'model_name': 'fixed_size_recurrent_memory', 'state_dim': 32, 'seed': 8473, 'sequence_length': 512, 'num_items': 4}"
sequence_length,long_horizon_recall,fixed_size_recurrent_memory,sequence_length,512,16392,0.0,1.0,193.329,1,"{'model_name': 'fixed_size_recurrent_memory', 'state_dim': 32, 'seed': 16392, 'sequence_length': 512, 'num_items': 4}"
sequence_length,long_horizon_recall,fixed_size_recurrent_memory,sequence_length,512,24311,0.0,1.0,201.572,1,"{'model_name': 'fixed_size_recurrent_memory', 'state_dim': 32, 'seed': 24311, 'sequence_length': 512, 'num_items': 4}"
sequence_length,long_horizon_recall,fixed_size_recurrent_memory,sequence_length,512,32230,0.0,1.0,97.803,1,"{'model_name': 'fixed_size_recurrent_memory', 'state_dim': 32, 'seed': 32230, 'sequence_length': 512, 'num_items': 4}"
sequence_length,long_horizon_recall,fixed_size_recurrent_memory,sequence_length,512,40149,0.0,1.0,144.574,1,"{'model_name': 'fixed_size_recurrent_memory', 'state_dim': 32, 'seed': 40149, 'sequence_length': 512, 'num_items': 4}"
sequence_length,long_horizon_recall,fixed_size_recurrent_memory,sequence_length,512,48068,0.0,1.0,199.778,1,"{'model_name': 'fixed_size_recurrent_memory', 'state_dim': 32, 'seed': 48068, 'sequence_length': 512, 'num_items': 4}"
sequence_length,long_horizon_recall,fixed_size_recurrent_memory,sequence_length,512,55987,0.0,1.0,87.72,1,"{'model_name': 'fixed_size_recurrent_memory', 'state_dim': 32, 'seed': 55987, 'sequence_length': 512, 'num_items': 4}"
sequence_length,long_horizon_recall,fixed_size_recurrent_memory,sequence_length,512,63906,0.0,1.0,93.492,1,"{'model_name': 'fixed_size_recurrent_memory', 'state_dim': 32, 'seed': 63906, 'sequence_length': 512, 'num_items': 4}"
sequence_length,long_horizon_recall,fixed_size_recurrent_memory,sequence_length,512,71825,0.0,1.0,166.026,1,"{'model_name': 'fixed_size_recurrent_memory', 'state_dim': 32, 'seed': 71825, 'sequence_length': 512, 'num_items': 4}"
sequence_length,long_horizon_recall,fixed_size_recurrent_memory,sequence_length,512,79744,0.0,1.0,151.878,1,"{'model_name': 'fixed_size_recurrent_memory', 'state_dim': 32, 'seed': 79744, 'sequence_length': 512, 'num_items': 4}"
sequence_length,long_horizon_recall,fixed_size_recurrent_memory,sequence_length,512,87663,0.0,1.0,156.709,1,"{'model_name': 'fixed_size_recurrent_memory', 'state_dim': 32, 'seed': 87663, 'sequence_length': 512, 'num_items': 4}"
sequence_length,long_horizon_recall,fixed_size_recurrent_memory,sequence_length,512,95582,0.0,1.0,97.518,1,"{'model_name': 'fixed_size_recurrent_memory', 'state_dim': 32, 'seed': 95582, 'sequence_length': 512, 'num_items': 4}"
sequence_length,long_horizon_recall,fixed_size_recurrent_memory,sequence_length,512,103501,0.0,1.0,189.781,1,"{'model_name': 'fixed_size_recurrent_memory', 'state_dim': 32, 'seed': 103501, 'sequence_length': 512, 'num_items': 4}"
sequence_length,long_horizon_recall,fixed_size_recurrent_memory,sequence_length,512,111420,0.0,1.0,144.043,1,"{'model_name': 'fixed_size_recurrent_memory', 'state_dim': 32, 'seed': 111420, 'sequence_length': 512, 'num_items': 4}"
sequence_length,long_horizon_recall,fixed_size_recurrent_memory,sequence_length,512,119339,0.0,1.0,85.338,1,"{'model_name': 'fixed_size_recurrent_memory', 'state_dim': 32, 'seed': 119339, 'sequence_length': 512, 'num_items': 4}"
sequence_length,long_horizon_recall,fixed_size_recurrent_memory,sequence_length,512,127258,0.0,1.0,158.262,1,"{'model_name': 'fixed_size_recurrent_memory', 'state_dim': 32, 'seed': 127258, 'sequence_length': 512, 'num_items': 4}"
sequence_length,long_horizon_recall,fixed_size_recurrent_memory,sequence_length,512,135177,0.0,1.0,157.11,1,"{'model_name': 'fixed_size_recurrent_memory', 'state_dim': 32, 'seed': 135177, 'sequence_length': 512, 'num_items': 4}"
sequence_length,long_horizon_recall,fixed_size_recurrent_memory,sequence_length,512,143096,0.0,1.0,193.746,1,"{'model_name': 'fixed_size_recurrent_memory', 'state_dim': 32, 'seed': 143096, 'sequence_length': 512, 'num_items': 4}"
sequence_length,long_horizon_recall,fixed_size_recurrent_memory,sequence_length,512,151015,0.0,1.0,87.888,1,"{'model_name': 'fixed_size_recurrent_memory', 'state_dim': 32, 'seed': 151015, 'sequence_length': 512, 'num_items': 4}"
sequence_length,long_horizon_recall,fixed_size_recurrent_memory,sequence_length,512,158934,0.0,1.0,121.252,1,"{'model_name': 'fixed_size_recurrent_memory', 'state_dim': 32, 'seed': 158934, 'sequence_length': 512, 'num_items': 4}"
sequence_length,long_horizon_recall,fixed_size_recurrent_memory,sequence_length,512,166853,0.0,1.0,170.778,1,"{'model_name': 'fixed_size_recurrent_memory', 'state_dim': 32, 'seed': 166853, 'sequence_length': 512, 'num_items': 4}"
sequence_length,long_horizon_recall,fixed_size_recurrent_memory,sequence_length,512,174772,0.0,1.0,96.159,1,"{'model_name': 'fixed_size_recurrent_memory', 'state_dim': 32, 'seed': 174772, 'sequence_length': 512, 'num_items': 4}"
sequence_length,long_horizon_recall,fixed_size_recurrent_memory,sequence_length,512,182691,0.0,1.0,133.636,1,"{'model_name': 'fixed_size_recurrent_memory', 'state_dim': 32, 'seed': 182691, 'sequence_length': 512, 'num_items': 4}"
sequence_length,long_horizon_recall,fixed_size_recurrent_memory,sequence_length,512,190610,0.0,1.0,103.932,1,"{'model_name': 'fixed_size_recurrent_memory', 'state_dim': 32, 'seed': 190610, 'sequence_length': 512, 'num_items': 4}"
sequence_length,long_horizon_recall,fixed_size_recurrent_memory,sequence_length,512,198529,0.0,1.0,146.693,1,"{'model_name': 'fixed_size_recurrent_memory', 'state_dim': 32, 'seed': 198529, 'sequence_length': 512, 'num_items': 4}"
sequence_length,long_horizon_recall,fixed_size_recurrent_memory,sequence_length,512,206448,0.0,1.0,158.656,1,"{'model_name': 'fixed_size_recurrent_memory', 'state_dim': 32, 'seed': 206448, 'sequence_length': 512, 'num_items': 4}"
sequence_length,long_horizon_recall,fixed_size_recurrent_memory,sequence_length,512,214367,0.0,1.0,121.949,1,"{'model_name': 'fixed_size_recurrent_memory', 'state_dim': 32, 'seed': 214367, 'sequence_length': 512, 'num_items': 4}"
sequence_length,long_horizon_recall,fixed_size_recurrent_memory,sequence_length,512,222286,0.0,1.0,97.575,1,"{'model_name': 'fixed_size_recurrent_memory', 'state_dim': 32, 'seed': 222286, 'sequence_length': 512, 'num_items': 4}"
sequence_length,long_horizon_recall,fixed_size_recurrent_memory,sequence_length,512,230205,0.0,1.0,91.508,1,"{'model_name': 'fixed_size_recurrent_memory', 'state_dim': 32, 'seed': 230205, 'sequence_length': 512, 'num_items': 4}"
sequence_length,long_horizon_recall,fixed_size_recurrent_memory,sequence_length,1024,1066,0.0,1.0,190.563,1,"{'model_name': 'fixed_size_recurrent_memory', 'state_dim': 32, 'seed': 1066, 'sequence_length': 1024, 'num_items': 4}"
sequence_length,long_horizon_recall,fixed_size_recurrent_memory,sequence_length,1024,8985,0.0,1.0,203.676,1,"{'model_name': 'fixed_size_recurrent_memory', 'state_dim': 32, 'seed': 8985, 'sequence_length': 1024, 'num_items': 4}"
sequence_length,long_horizon_recall,fixed_size_recurrent_memory,sequence_length,1024,16904,0.0,1.0,340.987,1,"{'model_name': 'fixed_size_recurrent_memory', 'state_dim': 32, 'seed': 16904, 'sequence_length': 1024, 'num_items': 4}"
sequence_length,long_horizon_recall,fixed_size_recurrent_memory,sequence_length,1024,24823,0.0,1.0,201.408,1,"{'model_name': 'fixed_size_recurrent_memory', 'state_dim': 32, 'seed': 24823, 'sequence_length': 1024, 'num_items': 4}"
sequence_length,long_horizon_recall,fixed_size_recurrent_memory,sequence_length,1024,32742,0.0,1.0,182.624,1,"{'model_name': 'fixed_size_recurrent_memory', 'state_dim': 32, 'seed': 32742, 'sequence_length': 1024, 'num_items': 4}"
sequence_length,long_horizon_recall,fixed_size_recurrent_memory,sequence_length,1024,40661,0.0,1.0,245.258,1,"{'model_name': 'fixed_size_recurrent_memory', 'state_dim': 32, 'seed': 40661, 'sequence_length': 1024, 'num_items': 4}"
sequence_length,long_horizon_recall,fixed_size_recurrent_memory,sequence_length,1024,48580,0.0,1.0,225.622,1,"{'model_name': 'fixed_size_recurrent_memory', 'state_dim': 32, 'seed': 48580, 'sequence_length': 1024, 'num_items': 4}"
sequence_length,long_horizon_recall,fixed_size_recurrent_memory,sequence_length,1024,56499,0.0,1.0,244.804,1,"{'model_name': 'fixed_size_recurrent_memory', 'state_dim': 32, 'seed': 56499, 'sequence_length': 1024, 'num_items': 4}"
sequence_length,long_horizon_recall,fixed_size_recurrent_memory,sequence_length,1024,64418,0.0,1.0,206.298,1,"{'model_name': 'fixed_size_recurrent_memory', 'state_dim': 32, 'seed': 64418, 'sequence_length': 1024, 'num_items': 4}"
sequence_length,long_horizon_recall,fixed_size_recurrent_memory,sequence_length,1024,72337,0.0,1.0,239.36,1,"{'model_name': 'fixed_size_recurrent_memory', 'state_dim': 32, 'seed': 72337, 'sequence_length': 1024, 'num_items': 4}"
sequence_length,long_horizon_recall,fixed_size_recurrent_memory,sequence_length,1024,80256,0.0,1.0,222.818,1,"{'model_name': 'fixed_size_recurrent_memory', 'state_dim': 32, 'seed': 80256, 'sequence_length': 1024, 'num_items': 4}"
sequence_length,long_horizon_recall,fixed_size_recurrent_memory,sequence_length,1024,88175,0.0,1.0,247.551,1,"{'model_name': 'fixed_size_recurrent_memory', 'state_dim': 32, 'seed': 88175, 'sequence_length': 1024, 'num_items': 4}"
sequence_length,long_horizon_recall,fixed_size_recurrent_memory,sequence_length,1024,96094,0.0,1.0,266.051,1,"{'model_name': 'fixed_size_recurrent_memory', 'state_dim': 32, 'seed': 96094, 'sequence_length': 1024, 'num_items': 4}"
sequence_length,long_horizon_recall,fixed_size_recurrent_memory,sequence_length,1024,104013,0.0,1.0,218.371,1,"{'model_name': 'fixed_size_recurrent_memory', 'state_dim': 32, 'seed': 104013, 'sequence_length': 1024, 'num_items': 4}"
sequence_length,long_horizon_recall,fixed_size_recurrent_memory,sequence_length,1024,111932,0.0,1.0,228.515,1,"{'model_name': 'fixed_size_recurrent_memory', 'state_dim': 32, 'seed': 111932, 'sequence_length': 1024, 'num_items': 4}"
sequence_length,long_horizon_recall,fixed_size_recurrent_memory,sequence_length,1024,119851,0.0,1.0,241.278,1,"{'model_name': 'fixed_size_recurrent_memory', 'state_dim': 32, 'seed': 119851, 'sequence_length': 1024, 'num_items': 4}"
sequence_length,long_horizon_recall,fixed_size_recurrent_memory,sequence_length,1024,127770,0.0,1.0,225.776,1,"{'model_name': 'fixed_size_recurrent_memory', 'state_dim': 32, 'seed': 127770, 'sequence_length': 1024, 'num_items': 4}"
sequence_length,long_horizon_recall,fixed_size_recurrent_memory,sequence_length,1024,135689,0.0,1.0,270.089,1,"{'model_name': 'fixed_size_recurrent_memory', 'state_dim': 32, 'seed': 135689, 'sequence_length': 1024, 'num_items': 4}"
sequence_length,long_horizon_recall,fixed_size_recurrent_memory,sequence_length,1024,143608,0.0,1.0,219.169,1,"{'model_name': 'fixed_size_recurrent_memory', 'state_dim': 32, 'seed': 143608, 'sequence_length': 1024, 'num_items': 4}"
sequence_length,long_horizon_recall,fixed_size_recurrent_memory,sequence_length,1024,151527,0.0,1.0,281.858,1,"{'model_name': 'fixed_size_recurrent_memory', 'state_dim': 32, 'seed': 151527, 'sequence_length': 1024, 'num_items': 4}"
sequence_length,long_horizon_recall,fixed_size_recurrent_memory,sequence_length,1024,159446,0.0,1.0,232.305,1,"{'model_name': 'fixed_size_recurrent_memory', 'state_dim': 32, 'seed': 159446, 'sequence_length': 1024, 'num_items': 4}"
sequence_length,long_horizon_recall,fixed_size_recurrent_memory,sequence_length,1024,167365,0.0,1.0,270.347,1,"{'model_name': 'fixed_size_recurrent_memory', 'state_dim': 32, 'seed': 167365, 'sequence_length': 1024, 'num_items': 4}"
sequence_length,long_horizon_recall,fixed_size_recurrent_memory,sequence_length,1024,175284,0.0,1.0,225.598,1,"{'model_name': 'fixed_size_recurrent_memory', 'state_dim': 32, 'seed': 175284, 'sequence_length': 1024, 'num_items': 4}"
sequence_length,long_horizon_recall,fixed_size_recurrent_memory,sequence_length,1024,183203,0.0,1.0,218.448,1,"{'model_name': 'fixed_size_recurrent_memory', 'state_dim': 32, 'seed': 183203, 'sequence_length': 1024, 'num_items': 4}"
sequence_length,long_horizon_recall,fixed_size_recurrent_memory,sequence_length,1024,191122,0.0,1.0,214.929,1,"{'model_name': 'fixed_size_recurrent_memory', 'state_dim': 32, 'seed': 191122, 'sequence_length': 1024, 'num_items': 4}"
sequence_length,long_horizon_recall,fixed_size_recurrent_memory,sequence_length,1024,199041,0.0,1.0,220.408,1,"{'model_name': 'fixed_size_recurrent_memory', 'state_dim': 32, 'seed': 199041, 'sequence_length': 1024, 'num_items': 4}"
sequence_length,long_horizon_recall,fixed_size_recurrent_memory,sequence_length,1024,206960,0.0,1.0,228.876,1,"{'model_name': 'fixed_size_recurrent_memory', 'state_dim': 32, 'seed': 206960, 'sequence_length': 1024, 'num_items': 4}"
sequence_length,long_horizon_recall,fixed_size_recurrent_memory,sequence_length,1024,214879,0.0,1.0,237.618,1,"{'model_name': 'fixed_size_recurrent_memory', 'state_dim': 32, 'seed': 214879, 'sequence_length': 1024, 'num_items': 4}"
sequence_length,long_horizon_recall,fixed_size_recurrent_memory,sequence_length,1024,222798,0.0,1.0,222.949,1,"{'model_name': 'fixed_size_recurrent_memory', 'state_dim': 32, 'seed': 222798, 'sequence_length': 1024, 'num_items': 4}"
sequence_length,long_horizon_recall,fixed_size_recurrent_memory,sequence_length,1024,230717,0.0,1.0,253.084,1,"{'model_name': 'fixed_size_recurrent_memory', 'state_dim': 32, 'seed': 230717, 'sequence_length': 1024, 'num_items': 4}"
sequence_length,long_horizon_recall,educational_evolving_memory_toy,sequence_length,16,58,0.0,1.0,4.383,1,"{'model_name': 'educational_evolving_memory_toy', 'state_dim': 32, 'seed': 58, 'sequence_length': 16, 'num_items': 4}"
sequence_length,long_horizon_recall,educational_evolving_memory_toy,sequence_length,16,7977,0.0,1.0,3.766,1,"{'model_name': 'educational_evolving_memory_toy', 'state_dim': 32, 'seed': 7977, 'sequence_length': 16, 'num_items': 4}"
sequence_length,long_horizon_recall,educational_evolving_memory_toy,sequence_length,16,15896,0.0,1.0,3.602,1,"{'model_name': 'educational_evolving_memory_toy', 'state_dim': 32, 'seed': 15896, 'sequence_length': 16, 'num_items': 4}"
sequence_length,long_horizon_recall,educational_evolving_memory_toy,sequence_length,16,23815,0.0,1.0,3.895,1,"{'model_name': 'educational_evolving_memory_toy', 'state_dim': 32, 'seed': 23815, 'sequence_length': 16, 'num_items': 4}"
sequence_length,long_horizon_recall,educational_evolving_memory_toy,sequence_length,16,31734,0.0,1.0,4.37,1,"{'model_name': 'educational_evolving_memory_toy', 'state_dim': 32, 'seed': 31734, 'sequence_length': 16, 'num_items': 4}"
sequence_length,long_horizon_recall,educational_evolving_memory_toy,sequence_length,16,39653,1.0,0.0,3.994,1,"{'model_name': 'educational_evolving_memory_toy', 'state_dim': 32, 'seed': 39653, 'sequence_length': 16, 'num_items': 4}"
sequence_length,long_horizon_recall,educational_evolving_memory_toy,sequence_length,16,47572,0.0,1.0,3.871,1,"{'model_name': 'educational_evolving_memory_toy', 'state_dim': 32, 'seed': 47572, 'sequence_length': 16, 'num_items': 4}"
sequence_length,long_horizon_recall,educational_evolving_memory_toy,sequence_length,16,55491,0.0,1.0,4.181,1,"{'model_name': 'educational_evolving_memory_toy', 'state_dim': 32, 'seed': 55491, 'sequence_length': 16, 'num_items': 4}"
sequence_length,long_horizon_recall,educational_evolving_memory_toy,sequence_length,16,63410,0.0,1.0,3.793,1,"{'model_name': 'educational_evolving_memory_toy', 'state_dim': 32, 'seed': 63410, 'sequence_length': 16, 'num_items': 4}"
sequence_length,long_horizon_recall,educational_evolving_memory_toy,sequence_length,16,71329,0.0,1.0,3.641,1,"{'model_name': 'educational_evolving_memory_toy', 'state_dim': 32, 'seed': 71329, 'sequence_length': 16, 'num_items': 4}"
sequence_length,long_horizon_recall,educational_evolving_memory_toy,sequence_length,16,79248,1.0,0.0,3.648,1,"{'model_name': 'educational_evolving_memory_toy', 'state_dim': 32, 'seed': 79248, 'sequence_length': 16, 'num_items': 4}"
sequence_length,long_horizon_recall,educational_evolving_memory_toy,sequence_length,16,87167,0.0,1.0,3.86,1,"{'model_name': 'educational_evolving_memory_toy', 'state_dim': 32, 'seed': 87167, 'sequence_length': 16, 'num_items': 4}"
sequence_length,long_horizon_recall,educational_evolving_memory_toy,sequence_length,16,95086,0.0,1.0,3.693,1,"{'model_name': 'educational_evolving_memory_toy', 'state_dim': 32, 'seed': 95086, 'sequence_length': 16, 'num_items': 4}"
sequence_length,long_horizon_recall,educational_evolving_memory_toy,sequence_length,16,103005,0.0,1.0,3.768,1,"{'model_name': 'educational_evolving_memory_toy', 'state_dim': 32, 'seed': 103005, 'sequence_length': 16, 'num_items': 4}"
sequence_length,long_horizon_recall,educational_evolving_memory_toy,sequence_length,16,110924,1.0,0.0,3.912,1,"{'model_name': 'educational_evolving_memory_toy', 'state_dim': 32, 'seed': 110924, 'sequence_length': 16, 'num_items': 4}"
sequence_length,long_horizon_recall,educational_evolving_memory_toy,sequence_length,16,118843,1.0,0.0,4.017,1,"{'model_name': 'educational_evolving_memory_toy', 'state_dim': 32, 'seed': 118843, 'sequence_length': 16, 'num_items': 4}"
sequence_length,long_horizon_recall,educational_evolving_memory_toy,sequence_length,16,126762,1.0,0.0,3.843,1,"{'model_name': 'educational_evolving_memory_toy', 'state_dim': 32, 'seed': 126762, 'sequence_length': 16, 'num_items': 4}"
sequence_length,long_horizon_recall,educational_evolving_memory_toy,sequence_length,16,134681,0.0,1.0,3.652,1,"{'model_name': 'educational_evolving_memory_toy', 'state_dim': 32, 'seed': 134681, 'sequence_length': 16, 'num_items': 4}"
sequence_length,long_horizon_recall,educational_evolving_memory_toy,sequence_length,16,142600,0.0,1.0,3.637,1,"{'model_name': 'educational_evolving_memory_toy', 'state_dim': 32, 'seed': 142600, 'sequence_length': 16, 'num_items': 4}"
sequence_length,long_horizon_recall,educational_evolving_memory_toy,sequence_length,16,150519,0.0,1.0,3.648,1,"{'model_name': 'educational_evolving_memory_toy', 'state_dim': 32, 'seed': 150519, 'sequence_length': 16, 'num_items': 4}"
sequence_length,long_horizon_recall,educational_evolving_memory_toy,sequence_length,16,158438,1.0,0.0,4.96,1,"{'model_name': 'educational_evolving_memory_toy', 'state_dim': 32, 'seed': 158438, 'sequence_length': 16, 'num_items': 4}"
sequence_length,long_horizon_recall,educational_evolving_memory_toy,sequence_length,16,166357,0.0,1.0,3.863,1,"{'model_name': 'educational_evolving_memory_toy', 'state_dim': 32, 'seed': 166357, 'sequence_length': 16, 'num_items': 4}"
sequence_length,long_horizon_recall,educational_evolving_memory_toy,sequence_length,16,174276,0.0,1.0,3.685,1,"{'model_name': 'educational_evolving_memory_toy', 'state_dim': 32, 'seed': 174276, 'sequence_length': 16, 'num_items': 4}"
sequence_length,long_horizon_recall,educational_evolving_memory_toy,sequence_length,16,182195,0.0,1.0,4.163,1,"{'model_name': 'educational_evolving_memory_toy', 'state_dim': 32, 'seed': 182195, 'sequence_length': 16, 'num_items': 4}"
sequence_length,long_horizon_recall,educational_evolving_memory_toy,sequence_length,16,190114,1.0,0.0,4.074,1,"{'model_name': 'educational_evolving_memory_toy', 'state_dim': 32, 'seed': 190114, 'sequence_length': 16, 'num_items': 4}"
sequence_length,long_horizon_recall,educational_evolving_memory_toy,sequence_length,16,198033,0.0,1.0,3.675,1,"{'model_name': 'educational_evolving_memory_toy', 'state_dim': 32, 'seed': 198033, 'sequence_length': 16, 'num_items': 4}"
sequence_length,long_horizon_recall,educational_evolving_memory_toy,sequence_length,16,205952,1.0,0.0,3.656,1,"{'model_name': 'educational_evolving_memory_toy', 'state_dim': 32, 'seed': 205952, 'sequence_length': 16, 'num_items': 4}"
sequence_length,long_horizon_recall,educational_evolving_memory_toy,sequence_length,16,213871,0.0,1.0,3.73,1,"{'model_name': 'educational_evolving_memory_toy', 'state_dim': 32, 'seed': 213871, 'sequence_length': 16, 'num_items': 4}"
sequence_length,long_horizon_recall,educational_evolving_memory_toy,sequence_length,16,221790,0.0,1.0,3.705,1,"{'model_name': 'educational_evolving_memory_toy', 'state_dim': 32, 'seed': 221790, 'sequence_length': 16, 'num_items': 4}"
sequence_length,long_horizon_recall,educational_evolving_memory_toy,sequence_length,16,229709,0.0,1.0,3.991,1,"{'model_name': 'educational_evolving_memory_toy', 'state_dim': 32, 'seed': 229709, 'sequence_length': 16, 'num_items': 4}"
sequence_length,long_horizon_recall,educational_evolving_memory_toy,sequence_length,32,74,1.0,0.0,29.683,1,"{'model_name': 'educational_evolving_memory_toy', 'state_dim': 32, 'seed': 74, 'sequence_length': 32, 'num_items': 4}"
sequence_length,long_horizon_recall,educational_evolving_memory_toy,sequence_length,32,7993,0.0,1.0,17.37,1,"{'model_name': 'educational_evolving_memory_toy', 'state_dim': 32, 'seed': 7993, 'sequence_length': 32, 'num_items': 4}"
sequence_length,long_horizon_recall,educational_evolving_memory_toy,sequence_length,32,15912,0.0,1.0,12.116,1,"{'model_name': 'educational_evolving_memory_toy', 'state_dim': 32, 'seed': 15912, 'sequence_length': 32, 'num_items': 4}"
sequence_length,long_horizon_recall,educational_evolving_memory_toy,sequence_length,32,23831,0.0,1.0,30.144,1,"{'model_name': 'educational_evolving_memory_toy', 'state_dim': 32, 'seed': 23831, 'sequence_length': 32, 'num_items': 4}"
sequence_length,long_horizon_recall,educational_evolving_memory_toy,sequence_length,32,31750,0.0,1.0,30.3,1,"{'model_name': 'educational_evolving_memory_toy', 'state_dim': 32, 'seed': 31750, 'sequence_length': 32, 'num_items': 4}"
sequence_length,long_horizon_recall,educational_evolving_memory_toy,sequence_length,32,39669,1.0,0.0,25.608,1,"{'model_name': 'educational_evolving_memory_toy', 'state_dim': 32, 'seed': 39669, 'sequence_length': 32, 'num_items': 4}"
sequence_length,long_horizon_recall,educational_evolving_memory_toy,sequence_length,32,47588,0.0,1.0,7.164,1,"{'model_name': 'educational_evolving_memory_toy', 'state_dim': 32, 'seed': 47588, 'sequence_length': 32, 'num_items': 4}"
sequence_length,long_horizon_recall,educational_evolving_memory_toy,sequence_length,32,55507,0.0,1.0,7.086,1,"{'model_name': 'educational_evolving_memory_toy', 'state_dim': 32, 'seed': 55507, 'sequence_length': 32, 'num_items': 4}"
sequence_length,long_horizon_recall,educational_evolving_memory_toy,sequence_length,32,63426,0.0,1.0,6.553,1,"{'model_name': 'educational_evolving_memory_toy', 'state_dim': 32, 'seed': 63426, 'sequence_length': 32, 'num_items': 4}"
sequence_length,long_horizon_recall,educational_evolving_memory_toy,sequence_length,32,71345,0.0,1.0,6.462,1,"{'model_name': 'educational_evolving_memory_toy', 'state_dim': 32, 'seed': 71345, 'sequence_length': 32, 'num_items': 4}"
sequence_length,long_horizon_recall,educational_evolving_memory_toy,sequence_length,32,79264,0.0,1.0,11.789,1,"{'model_name': 'educational_evolving_memory_toy', 'state_dim': 32, 'seed': 79264, 'sequence_length': 32, 'num_items': 4}"
sequence_length,long_horizon_recall,educational_evolving_memory_toy,sequence_length,32,87183,1.0,0.0,10.888,1,"{'model_name': 'educational_evolving_memory_toy', 'state_dim': 32, 'seed': 87183, 'sequence_length': 32, 'num_items': 4}"
sequence_length,long_horizon_recall,educational_evolving_memory_toy,sequence_length,32,95102,0.0,1.0,5.097,1,"{'model_name': 'educational_evolving_memory_toy', 'state_dim': 32, 'seed': 95102, 'sequence_length': 32, 'num_items': 4}"
sequence_length,long_horizon_recall,educational_evolving_memory_toy,sequence_length,32,103021,0.0,1.0,4.977,1,"{'model_name': 'educational_evolving_memory_toy', 'state_dim': 32, 'seed': 103021, 'sequence_length': 32, 'num_items': 4}"
sequence_length,long_horizon_recall,educational_evolving_memory_toy,sequence_length,32,110940,0.0,1.0,5.138,1,"{'model_name': 'educational_evolving_memory_toy', 'state_dim': 32, 'seed': 110940, 'sequence_length': 32, 'num_items': 4}"
sequence_length,long_horizon_recall,educational_evolving_memory_toy,sequence_length,32,118859,0.0,1.0,5.051,1,"{'model_name': 'educational_evolving_memory_toy', 'state_dim': 32, 'seed': 118859, 'sequence_length': 32, 'num_items': 4}"
sequence_length,long_horizon_recall,educational_evolving_memory_toy,sequence_length,32,126778,0.0,1.0,5.018,1,"{'model_name': 'educational_evolving_memory_toy', 'state_dim': 32, 'seed': 126778, 'sequence_length': 32, 'num_items': 4}"
sequence_length,long_horizon_recall,educational_evolving_memory_toy,sequence_length,32,134697,0.0,1.0,5.647,1,"{'model_name': 'educational_evolving_memory_toy', 'state_dim': 32, 'seed': 134697, 'sequence_length': 32, 'num_items': 4}"
sequence_length,long_horizon_recall,educational_evolving_memory_toy,sequence_length,32,142616,0.0,1.0,4.966,1,"{'model_name': 'educational_evolving_memory_toy', 'state_dim': 32, 'seed': 142616, 'sequence_length': 32, 'num_items': 4}"
sequence_length,long_horizon_recall,educational_evolving_memory_toy,sequence_length,32,150535,0.0,1.0,4.864,1,"{'model_name': 'educational_evolving_memory_toy', 'state_dim': 32, 'seed': 150535, 'sequence_length': 32, 'num_items': 4}"
sequence_length,long_horizon_recall,educational_evolving_memory_toy,sequence_length,32,158454,0.0,1.0,5.044,1,"{'model_name': 'educational_evolving_memory_toy', 'state_dim': 32, 'seed': 158454, 'sequence_length': 32, 'num_items': 4}"
sequence_length,long_horizon_recall,educational_evolving_memory_toy,sequence_length,32,166373,1.0,0.0,5.427,1,"{'model_name': 'educational_evolving_memory_toy', 'state_dim': 32, 'seed': 166373, 'sequence_length': 32, 'num_items': 4}"
sequence_length,long_horizon_recall,educational_evolving_memory_toy,sequence_length,32,174292,0.0,1.0,4.882,1,"{'model_name': 'educational_evolving_memory_toy', 'state_dim': 32, 'seed': 174292, 'sequence_length': 32, 'num_items': 4}"
sequence_length,long_horizon_recall,educational_evolving_memory_toy,sequence_length,32,182211,0.0,1.0,4.913,1,"{'model_name': 'educational_evolving_memory_toy', 'state_dim': 32, 'seed': 182211, 'sequence_length': 32, 'num_items': 4}"
sequence_length,long_horizon_recall,educational_evolving_memory_toy,sequence_length,32,190130,0.0,1.0,4.825,1,"{'model_name': 'educational_evolving_memory_toy', 'state_dim': 32, 'seed': 190130, 'sequence_length': 32, 'num_items': 4}"
sequence_length,long_horizon_recall,educational_evolving_memory_toy,sequence_length,32,198049,0.0,1.0,4.708,1,"{'model_name': 'educational_evolving_memory_toy', 'state_dim': 32, 'seed': 198049, 'sequence_length': 32, 'num_items': 4}"
sequence_length,long_horizon_recall,educational_evolving_memory_toy,sequence_length,32,205968,0.0,1.0,4.889,1,"{'model_name': 'educational_evolving_memory_toy', 'state_dim': 32, 'seed': 205968, 'sequence_length': 32, 'num_items': 4}"
sequence_length,long_horizon_recall,educational_evolving_memory_toy,sequence_length,32,213887,0.0,1.0,4.821,1,"{'model_name': 'educational_evolving_memory_toy', 'state_dim': 32, 'seed': 213887, 'sequence_length': 32, 'num_items': 4}"
sequence_length,long_horizon_recall,educational_evolving_memory_toy,sequence_length,32,221806,1.0,0.0,4.794,1,"{'model_name': 'educational_evolving_memory_toy', 'state_dim': 32, 'seed': 221806, 'sequence_length': 32, 'num_items': 4}"
sequence_length,long_horizon_recall,educational_evolving_memory_toy,sequence_length,32,229725,0.0,1.0,4.747,1,"{'model_name': 'educational_evolving_memory_toy', 'state_dim': 32, 'seed': 229725, 'sequence_length': 32, 'num_items': 4}"
sequence_length,long_horizon_recall,educational_evolving_memory_toy,sequence_length,64,106,0.0,1.0,12.305,1,"{'model_name': 'educational_evolving_memory_toy', 'state_dim': 32, 'seed': 106, 'sequence_length': 64, 'num_items': 4}"
sequence_length,long_horizon_recall,educational_evolving_memory_toy,sequence_length,64,8025,0.0,1.0,11.733,1,"{'model_name': 'educational_evolving_memory_toy', 'state_dim': 32, 'seed': 8025, 'sequence_length': 64, 'num_items': 4}"
sequence_length,long_horizon_recall,educational_evolving_memory_toy,sequence_length,64,15944,0.0,1.0,12.483,1,"{'model_name': 'educational_evolving_memory_toy', 'state_dim': 32, 'seed': 15944, 'sequence_length': 64, 'num_items': 4}"
sequence_length,long_horizon_recall,educational_evolving_memory_toy,sequence_length,64,23863,1.0,0.0,11.467,1,"{'model_name': 'educational_evolving_memory_toy', 'state_dim': 32, 'seed': 23863, 'sequence_length': 64, 'num_items': 4}"
sequence_length,long_horizon_recall,educational_evolving_memory_toy,sequence_length,64,31782,1.0,0.0,11.032,1,"{'model_name': 'educational_evolving_memory_toy', 'state_dim': 32, 'seed': 31782, 'sequence_length': 64, 'num_items': 4}"
sequence_length,long_horizon_recall,educational_evolving_memory_toy,sequence_length,64,39701,1.0,0.0,11.088,1,"{'model_name': 'educational_evolving_memory_toy', 'state_dim': 32, 'seed': 39701, 'sequence_length': 64, 'num_items': 4}"
sequence_length,long_horizon_recall,educational_evolving_memory_toy,sequence_length,64,47620,0.0,1.0,11.34,1,"{'model_name': 'educational_evolving_memory_toy', 'state_dim': 32, 'seed': 47620, 'sequence_length': 64, 'num_items': 4}"
sequence_length,long_horizon_recall,educational_evolving_memory_toy,sequence_length,64,55539,1.0,0.0,31.876,1,"{'model_name': 'educational_evolving_memory_toy', 'state_dim': 32, 'seed': 55539, 'sequence_length': 64, 'num_items': 4}"
sequence_length,long_horizon_recall,educational_evolving_memory_toy,sequence_length,64,63458,0.0,1.0,49.563,1,"{'model_name': 'educational_evolving_memory_toy', 'state_dim': 32, 'seed': 63458, 'sequence_length': 64, 'num_items': 4}"
sequence_length,long_horizon_recall,educational_evolving_memory_toy,sequence_length,64,71377,1.0,0.0,28.437,1,"{'model_name': 'educational_evolving_memory_toy', 'state_dim': 32, 'seed': 71377, 'sequence_length': 64, 'num_items': 4}"
sequence_length,long_horizon_recall,educational_evolving_memory_toy,sequence_length,64,79296,0.0,1.0,8.781,1,"{'model_name': 'educational_evolving_memory_toy', 'state_dim': 32, 'seed': 79296, 'sequence_length': 64, 'num_items': 4}"
sequence_length,long_horizon_recall,educational_evolving_memory_toy,sequence_length,64,87215,1.0,0.0,8.883,1,"{'model_name': 'educational_evolving_memory_toy', 'state_dim': 32, 'seed': 87215, 'sequence_length': 64, 'num_items': 4}"
sequence_length,long_horizon_recall,educational_evolving_memory_toy,sequence_length,64,95134,0.0,1.0,8.473,1,"{'model_name': 'educational_evolving_memory_toy', 'state_dim': 32, 'seed': 95134, 'sequence_length': 64, 'num_items': 4}"
sequence_length,long_horizon_recall,educational_evolving_memory_toy,sequence_length,64,103053,0.0,1.0,9.127,1,"{'model_name': 'educational_evolving_memory_toy', 'state_dim': 32, 'seed': 103053, 'sequence_length': 64, 'num_items': 4}"
sequence_length,long_horizon_recall,educational_evolving_memory_toy,sequence_length,64,110972,1.0,0.0,8.493,1,"{'model_name': 'educational_evolving_memory_toy', 'state_dim': 32, 'seed': 110972, 'sequence_length': 64, 'num_items': 4}"
sequence_length,long_horizon_recall,educational_evolving_memory_toy,sequence_length,64,118891,0.0,1.0,8.546,1,"{'model_name': 'educational_evolving_memory_toy', 'state_dim': 32, 'seed': 118891, 'sequence_length': 64, 'num_items': 4}"
sequence_length,long_horizon_recall,educational_evolving_memory_toy,sequence_length,64,126810,0.0,1.0,8.575,1,"{'model_name': 'educational_evolving_memory_toy', 'state_dim': 32, 'seed': 126810, 'sequence_length': 64, 'num_items': 4}"
sequence_length,long_horizon_recall,educational_evolving_memory_toy,sequence_length,64,134729,1.0,0.0,8.57,1,"{'model_name': 'educational_evolving_memory_toy', 'state_dim': 32, 'seed': 134729, 'sequence_length': 64, 'num_items': 4}"
sequence_length,long_horizon_recall,educational_evolving_memory_toy,sequence_length,64,142648,0.0,1.0,8.689,1,"{'model_name': 'educational_evolving_memory_toy', 'state_dim': 32, 'seed': 142648, 'sequence_length': 64, 'num_items': 4}"
sequence_length,long_horizon_recall,educational_evolving_memory_toy,sequence_length,64,150567,0.0,1.0,8.415,1,"{'model_name': 'educational_evolving_memory_toy', 'state_dim': 32, 'seed': 150567, 'sequence_length': 64, 'num_items': 4}"
sequence_length,long_horizon_recall,educational_evolving_memory_toy,sequence_length,64,158486,0.0,1.0,9.013,1,"{'model_name': 'educational_evolving_memory_toy', 'state_dim': 32, 'seed': 158486, 'sequence_length': 64, 'num_items': 4}"
sequence_length,long_horizon_recall,educational_evolving_memory_toy,sequence_length,64,166405,0.0,1.0,9.856,1,"{'model_name': 'educational_evolving_memory_toy', 'state_dim': 32, 'seed': 166405, 'sequence_length': 64, 'num_items': 4}"
sequence_length,long_horizon_recall,educational_evolving_memory_toy,sequence_length,64,174324,0.0,1.0,8.779,1,"{'model_name': 'educational_evolving_memory_toy', 'state_dim': 32, 'seed': 174324, 'sequence_length': 64, 'num_items': 4}"
sequence_length,long_horizon_recall,educational_evolving_memory_toy,sequence_length,64,182243,0.0,1.0,9.265,1,"{'model_name': 'educational_evolving_memory_toy', 'state_dim': 32, 'seed': 182243, 'sequence_length': 64, 'num_items': 4}"
sequence_length,long_horizon_recall,educational_evolving_memory_toy,sequence_length,64,190162,0.0,1.0,8.208,1,"{'model_name': 'educational_evolving_memory_toy', 'state_dim': 32, 'seed': 190162, 'sequence_length': 64, 'num_items': 4}"
sequence_length,long_horizon_recall,educational_evolving_memory_toy,sequence_length,64,198081,1.0,0.0,10.199,1,"{'model_name': 'educational_evolving_memory_toy', 'state_dim': 32, 'seed': 198081, 'sequence_length': 64, 'num_items': 4}"
sequence_length,long_horizon_recall,educational_evolving_memory_toy,sequence_length,64,206000,0.0,1.0,8.916,1,"{'model_name': 'educational_evolving_memory_toy', 'state_dim': 32, 'seed': 206000, 'sequence_length': 64, 'num_items': 4}"
sequence_length,long_horizon_recall,educational_evolving_memory_toy,sequence_length,64,213919,0.0,1.0,8.871,1,"{'model_name': 'educational_evolving_memory_toy', 'state_dim': 32, 'seed': 213919, 'sequence_length': 64, 'num_items': 4}"
sequence_length,long_horizon_recall,educational_evolving_memory_toy,sequence_length,64,221838,0.0,1.0,9.243,1,"{'model_name': 'educational_evolving_memory_toy', 'state_dim': 32, 'seed': 221838, 'sequence_length': 64, 'num_items': 4}"
sequence_length,long_horizon_recall,educational_evolving_memory_toy,sequence_length,64,229757,1.0,0.0,8.982,1,"{'model_name': 'educational_evolving_memory_toy', 'state_dim': 32, 'seed': 229757, 'sequence_length': 64, 'num_items': 4}"
sequence_length,long_horizon_recall,educational_evolving_memory_toy,sequence_length,128,170,0.0,1.0,83.572,1,"{'model_name': 'educational_evolving_memory_toy', 'state_dim': 32, 'seed': 170, 'sequence_length': 128, 'num_items': 4}"
sequence_length,long_horizon_recall,educational_evolving_memory_toy,sequence_length,128,8089,0.0,1.0,26.885,1,"{'model_name': 'educational_evolving_memory_toy', 'state_dim': 32, 'seed': 8089, 'sequence_length': 128, 'num_items': 4}"
sequence_length,long_horizon_recall,educational_evolving_memory_toy,sequence_length,128,16008,0.0,1.0,29.267,1,"{'model_name': 'educational_evolving_memory_toy', 'state_dim': 32, 'seed': 16008, 'sequence_length': 128, 'num_items': 4}"
sequence_length,long_horizon_recall,educational_evolving_memory_toy,sequence_length,128,23927,0.0,1.0,24.301,1,"{'model_name': 'educational_evolving_memory_toy', 'state_dim': 32, 'seed': 23927, 'sequence_length': 128, 'num_items': 4}"
sequence_length,long_horizon_recall,educational_evolving_memory_toy,sequence_length,128,31846,0.0,1.0,23.135,1,"{'model_name': 'educational_evolving_memory_toy', 'state_dim': 32, 'seed': 31846, 'sequence_length': 128, 'num_items': 4}"
sequence_length,long_horizon_recall,educational_evolving_memory_toy,sequence_length,128,39765,0.0,1.0,20.386,1,"{'model_name': 'educational_evolving_memory_toy', 'state_dim': 32, 'seed': 39765, 'sequence_length': 128, 'num_items': 4}"
sequence_length,long_horizon_recall,educational_evolving_memory_toy,sequence_length,128,47684,0.0,1.0,17.322,1,"{'model_name': 'educational_evolving_memory_toy', 'state_dim': 32, 'seed': 47684, 'sequence_length': 128, 'num_items': 4}"
sequence_length,long_horizon_recall,educational_evolving_memory_toy,sequence_length,128,55603,0.0,1.0,17.144,1,"{'model_name': 'educational_evolving_memory_toy', 'state_dim': 32, 'seed': 55603, 'sequence_length': 128, 'num_items': 4}"
sequence_length,long_horizon_recall,educational_evolving_memory_toy,sequence_length,128,63522,1.0,0.0,17.248,1,"{'model_name': 'educational_evolving_memory_toy', 'state_dim': 32, 'seed': 63522, 'sequence_length': 128, 'num_items': 4}"
sequence_length,long_horizon_recall,educational_evolving_memory_toy,sequence_length,128,71441,0.0,1.0,17.141,1,"{'model_name': 'educational_evolving_memory_toy', 'state_dim': 32, 'seed': 71441, 'sequence_length': 128, 'num_items': 4}"
sequence_length,long_horizon_recall,educational_evolving_memory_toy,sequence_length,128,79360,1.0,0.0,17.492,1,"{'model_name': 'educational_evolving_memory_toy', 'state_dim': 32, 'seed': 79360, 'sequence_length': 128, 'num_items': 4}"
sequence_length,long_horizon_recall,educational_evolving_memory_toy,sequence_length,128,87279,0.0,1.0,17.134,1,"{'model_name': 'educational_evolving_memory_toy', 'state_dim': 32, 'seed': 87279, 'sequence_length': 128, 'num_items': 4}"
sequence_length,long_horizon_recall,educational_evolving_memory_toy,sequence_length,128,95198,1.0,0.0,16.749,1,"{'model_name': 'educational_evolving_memory_toy', 'state_dim': 32, 'seed': 95198, 'sequence_length': 128, 'num_items': 4}"
sequence_length,long_horizon_recall,educational_evolving_memory_toy,sequence_length,128,103117,1.0,0.0,16.368,1,"{'model_name': 'educational_evolving_memory_toy', 'state_dim': 32, 'seed': 103117, 'sequence_length': 128, 'num_items': 4}"
sequence_length,long_horizon_recall,educational_evolving_memory_toy,sequence_length,128,111036,0.0,1.0,17.173,1,"{'model_name': 'educational_evolving_memory_toy', 'state_dim': 32, 'seed': 111036, 'sequence_length': 128, 'num_items': 4}"
sequence_length,long_horizon_recall,educational_evolving_memory_toy,sequence_length,128,118955,1.0,0.0,16.732,1,"{'model_name': 'educational_evolving_memory_toy', 'state_dim': 32, 'seed': 118955, 'sequence_length': 128, 'num_items': 4}"
sequence_length,long_horizon_recall,educational_evolving_memory_toy,sequence_length,128,126874,0.0,1.0,16.6,1,"{'model_name': 'educational_evolving_memory_toy', 'state_dim': 32, 'seed': 126874, 'sequence_length': 128, 'num_items': 4}"
sequence_length,long_horizon_recall,educational_evolving_memory_toy,sequence_length,128,134793,1.0,0.0,17.31,1,"{'model_name': 'educational_evolving_memory_toy', 'state_dim': 32, 'seed': 134793, 'sequence_length': 128, 'num_items': 4}"
sequence_length,long_horizon_recall,educational_evolving_memory_toy,sequence_length,128,142712,0.0,1.0,16.803,1,"{'model_name': 'educational_evolving_memory_toy', 'state_dim': 32, 'seed': 142712, 'sequence_length': 128, 'num_items': 4}"
sequence_length,long_horizon_recall,educational_evolving_memory_toy,sequence_length,128,150631,0.0,1.0,16.835,1,"{'model_name': 'educational_evolving_memory_toy', 'state_dim': 32, 'seed': 150631, 'sequence_length': 128, 'num_items': 4}"
sequence_length,long_horizon_recall,educational_evolving_memory_toy,sequence_length,128,158550,1.0,0.0,16.656,1,"{'model_name': 'educational_evolving_memory_toy', 'state_dim': 32, 'seed': 158550, 'sequence_length': 128, 'num_items': 4}"
sequence_length,long_horizon_recall,educational_evolving_memory_toy,sequence_length,128,166469,1.0,0.0,18.035,1,"{'model_name': 'educational_evolving_memory_toy', 'state_dim': 32, 'seed': 166469, 'sequence_length': 128, 'num_items': 4}"
sequence_length,long_horizon_recall,educational_evolving_memory_toy,sequence_length,128,174388,0.0,1.0,18.202,1,"{'model_name': 'educational_evolving_memory_toy', 'state_dim': 32, 'seed': 174388, 'sequence_length': 128, 'num_items': 4}"
sequence_length,long_horizon_recall,educational_evolving_memory_toy,sequence_length,128,182307,0.0,1.0,17.578,1,"{'model_name': 'educational_evolving_memory_toy', 'state_dim': 32, 'seed': 182307, 'sequence_length': 128, 'num_items': 4}"
sequence_length,long_horizon_recall,educational_evolving_memory_toy,sequence_length,128,190226,1.0,0.0,20.045,1,"{'model_name': 'educational_evolving_memory_toy', 'state_dim': 32, 'seed': 190226, 'sequence_length': 128, 'num_items': 4}"
sequence_length,long_horizon_recall,educational_evolving_memory_toy,sequence_length,128,198145,0.0,1.0,19.428,1,"{'model_name': 'educational_evolving_memory_toy', 'state_dim': 32, 'seed': 198145, 'sequence_length': 128, 'num_items': 4}"
sequence_length,long_horizon_recall,educational_evolving_memory_toy,sequence_length,128,206064,1.0,0.0,19.759,1,"{'model_name': 'educational_evolving_memory_toy', 'state_dim': 32, 'seed': 206064, 'sequence_length': 128, 'num_items': 4}"
sequence_length,long_horizon_recall,educational_evolving_memory_toy,sequence_length,128,213983,1.0,0.0,18.32,1,"{'model_name': 'educational_evolving_memory_toy', 'state_dim': 32, 'seed': 213983, 'sequence_length': 128, 'num_items': 4}"
sequence_length,long_horizon_recall,educational_evolving_memory_toy,sequence_length,128,221902,0.0,1.0,17.353,1,"{'model_name': 'educational_evolving_memory_toy', 'state_dim': 32, 'seed': 221902, 'sequence_length': 128, 'num_items': 4}"
sequence_length,long_horizon_recall,educational_evolving_memory_toy,sequence_length,128,229821,0.0,1.0,17.913,1,"{'model_name': 'educational_evolving_memory_toy', 'state_dim': 32, 'seed': 229821, 'sequence_length': 128, 'num_items': 4}"
sequence_length,long_horizon_recall,educational_evolving_memory_toy,sequence_length,256,298,0.0,1.0,103.705,1,"{'model_name': 'educational_evolving_memory_toy', 'state_dim': 32, 'seed': 298, 'sequence_length': 256, 'num_items': 4}"
sequence_length,long_horizon_recall,educational_evolving_memory_toy,sequence_length,256,8217,0.0,1.0,38.634,1,"{'model_name': 'educational_evolving_memory_toy', 'state_dim': 32, 'seed': 8217, 'sequence_length': 256, 'num_items': 4}"
sequence_length,long_horizon_recall,educational_evolving_memory_toy,sequence_length,256,16136,0.0,1.0,72.721,1,"{'model_name': 'educational_evolving_memory_toy', 'state_dim': 32, 'seed': 16136, 'sequence_length': 256, 'num_items': 4}"
sequence_length,long_horizon_recall,educational_evolving_memory_toy,sequence_length,256,24055,1.0,0.0,33.907,1,"{'model_name': 'educational_evolving_memory_toy', 'state_dim': 32, 'seed': 24055, 'sequence_length': 256, 'num_items': 4}"
sequence_length,long_horizon_recall,educational_evolving_memory_toy,sequence_length,256,31974,1.0,0.0,33.894,1,"{'model_name': 'educational_evolving_memory_toy', 'state_dim': 32, 'seed': 31974, 'sequence_length': 256, 'num_items': 4}"
sequence_length,long_horizon_recall,educational_evolving_memory_toy,sequence_length,256,39893,0.0,1.0,33.79,1,"{'model_name': 'educational_evolving_memory_toy', 'state_dim': 32, 'seed': 39893, 'sequence_length': 256, 'num_items': 4}"
sequence_length,long_horizon_recall,educational_evolving_memory_toy,sequence_length,256,47812,0.0,1.0,34.988,1,"{'model_name': 'educational_evolving_memory_toy', 'state_dim': 32, 'seed': 47812, 'sequence_length': 256, 'num_items': 4}"
sequence_length,long_horizon_recall,educational_evolving_memory_toy,sequence_length,256,55731,0.0,1.0,34.503,1,"{'model_name': 'educational_evolving_memory_toy', 'state_dim': 32, 'seed': 55731, 'sequence_length': 256, 'num_items': 4}"
sequence_length,long_horizon_recall,educational_evolving_memory_toy,sequence_length,256,63650,1.0,0.0,31.739,1,"{'model_name': 'educational_evolving_memory_toy', 'state_dim': 32, 'seed': 63650, 'sequence_length': 256, 'num_items': 4}"
sequence_length,long_horizon_recall,educational_evolving_memory_toy,sequence_length,256,71569,0.0,1.0,31.499,1,"{'model_name': 'educational_evolving_memory_toy', 'state_dim': 32, 'seed': 71569, 'sequence_length': 256, 'num_items': 4}"
sequence_length,long_horizon_recall,educational_evolving_memory_toy,sequence_length,256,79488,0.0,1.0,33.953,1,"{'model_name': 'educational_evolving_memory_toy', 'state_dim': 32, 'seed': 79488, 'sequence_length': 256, 'num_items': 4}"
sequence_length,long_horizon_recall,educational_evolving_memory_toy,sequence_length,256,87407,1.0,0.0,36.637,1,"{'model_name': 'educational_evolving_memory_toy', 'state_dim': 32, 'seed': 87407, 'sequence_length': 256, 'num_items': 4}"
sequence_length,long_horizon_recall,educational_evolving_memory_toy,sequence_length,256,95326,0.0,1.0,36.601,1,"{'model_name': 'educational_evolving_memory_toy', 'state_dim': 32, 'seed': 95326, 'sequence_length': 256, 'num_items': 4}"
sequence_length,long_horizon_recall,educational_evolving_memory_toy,sequence_length,256,103245,0.0,1.0,33.05,1,"{'model_name': 'educational_evolving_memory_toy', 'state_dim': 32, 'seed': 103245, 'sequence_length': 256, 'num_items': 4}"
sequence_length,long_horizon_recall,educational_evolving_memory_toy,sequence_length,256,111164,1.0,0.0,37.799,1,"{'model_name': 'educational_evolving_memory_toy', 'state_dim': 32, 'seed': 111164, 'sequence_length': 256, 'num_items': 4}"
sequence_length,long_horizon_recall,educational_evolving_memory_toy,sequence_length,256,119083,1.0,0.0,33.823,1,"{'model_name': 'educational_evolving_memory_toy', 'state_dim': 32, 'seed': 119083, 'sequence_length': 256, 'num_items': 4}"
sequence_length,long_horizon_recall,educational_evolving_memory_toy,sequence_length,256,127002,0.0,1.0,33.565,1,"{'model_name': 'educational_evolving_memory_toy', 'state_dim': 32, 'seed': 127002, 'sequence_length': 256, 'num_items': 4}"
sequence_length,long_horizon_recall,educational_evolving_memory_toy,sequence_length,256,134921,0.0,1.0,35.148,1,"{'model_name': 'educational_evolving_memory_toy', 'state_dim': 32, 'seed': 134921, 'sequence_length': 256, 'num_items': 4}"
sequence_length,long_horizon_recall,educational_evolving_memory_toy,sequence_length,256,142840,0.0,1.0,34.861,1,"{'model_name': 'educational_evolving_memory_toy', 'state_dim': 32, 'seed': 142840, 'sequence_length': 256, 'num_items': 4}"
sequence_length,long_horizon_recall,educational_evolving_memory_toy,sequence_length,256,150759,0.0,1.0,33.781,1,"{'model_name': 'educational_evolving_memory_toy', 'state_dim': 32, 'seed': 150759, 'sequence_length': 256, 'num_items': 4}"
sequence_length,long_horizon_recall,educational_evolving_memory_toy,sequence_length,256,158678,0.0,1.0,35.862,1,"{'model_name': 'educational_evolving_memory_toy', 'state_dim': 32, 'seed': 158678, 'sequence_length': 256, 'num_items': 4}"
sequence_length,long_horizon_recall,educational_evolving_memory_toy,sequence_length,256,166597,0.0,1.0,37.511,1,"{'model_name': 'educational_evolving_memory_toy', 'state_dim': 32, 'seed': 166597, 'sequence_length': 256, 'num_items': 4}"
sequence_length,long_horizon_recall,educational_evolving_memory_toy,sequence_length,256,174516,0.0,1.0,37.953,1,"{'model_name': 'educational_evolving_memory_toy', 'state_dim': 32, 'seed': 174516, 'sequence_length': 256, 'num_items': 4}"
sequence_length,long_horizon_recall,educational_evolving_memory_toy,sequence_length,256,182435,0.0,1.0,37.407,1,"{'model_name': 'educational_evolving_memory_toy', 'state_dim': 32, 'seed': 182435, 'sequence_length': 256, 'num_items': 4}"
sequence_length,long_horizon_recall,educational_evolving_memory_toy,sequence_length,256,190354,0.0,1.0,36.176,1,"{'model_name': 'educational_evolving_memory_toy', 'state_dim': 32, 'seed': 190354, 'sequence_length': 256, 'num_items': 4}"
sequence_length,long_horizon_recall,educational_evolving_memory_toy,sequence_length,256,198273,0.0,1.0,35.959,1,"{'model_name': 'educational_evolving_memory_toy', 'state_dim': 32, 'seed': 198273, 'sequence_length': 256, 'num_items': 4}"
sequence_length,long_horizon_recall,educational_evolving_memory_toy,sequence_length,256,206192,0.0,1.0,36.877,1,"{'model_name': 'educational_evolving_memory_toy', 'state_dim': 32, 'seed': 206192, 'sequence_length': 256, 'num_items': 4}"
sequence_length,long_horizon_recall,educational_evolving_memory_toy,sequence_length,256,214111,0.0,1.0,58.955,1,"{'model_name': 'educational_evolving_memory_toy', 'state_dim': 32, 'seed': 214111, 'sequence_length': 256, 'num_items': 4}"
sequence_length,long_horizon_recall,educational_evolving_memory_toy,sequence_length,256,222030,0.0,1.0,37.597,1,"{'model_name': 'educational_evolving_memory_toy', 'state_dim': 32, 'seed': 222030, 'sequence_length': 256, 'num_items': 4}"
sequence_length,long_horizon_recall,educational_evolving_memory_toy,sequence_length,256,229949,0.0,1.0,36.193,1,"{'model_name': 'educational_evolving_memory_toy', 'state_dim': 32, 'seed': 229949, 'sequence_length': 256, 'num_items': 4}"
sequence_length,long_horizon_recall,educational_evolving_memory_toy,sequence_length,512,554,1.0,0.0,161.474,1,"{'model_name': 'educational_evolving_memory_toy', 'state_dim': 32, 'seed': 554, 'sequence_length': 512, 'num_items': 4}"
sequence_length,long_horizon_recall,educational_evolving_memory_toy,sequence_length,512,8473,0.0,1.0,88.259,1,"{'model_name': 'educational_evolving_memory_toy', 'state_dim': 32, 'seed': 8473, 'sequence_length': 512, 'num_items': 4}"
sequence_length,long_horizon_recall,educational_evolving_memory_toy,sequence_length,512,16392,0.0,1.0,64.795,1,"{'model_name': 'educational_evolving_memory_toy', 'state_dim': 32, 'seed': 16392, 'sequence_length': 512, 'num_items': 4}"
sequence_length,long_horizon_recall,educational_evolving_memory_toy,sequence_length,512,24311,0.0,1.0,70.082,1,"{'model_name': 'educational_evolving_memory_toy', 'state_dim': 32, 'seed': 24311, 'sequence_length': 512, 'num_items': 4}"
sequence_length,long_horizon_recall,educational_evolving_memory_toy,sequence_length,512,32230,0.0,1.0,69.844,1,"{'model_name': 'educational_evolving_memory_toy', 'state_dim': 32, 'seed': 32230, 'sequence_length': 512, 'num_items': 4}"
sequence_length,long_horizon_recall,educational_evolving_memory_toy,sequence_length,512,40149,0.0,1.0,69.329,1,"{'model_name': 'educational_evolving_memory_toy', 'state_dim': 32, 'seed': 40149, 'sequence_length': 512, 'num_items': 4}"
sequence_length,long_horizon_recall,educational_evolving_memory_toy,sequence_length,512,48068,0.0,1.0,67.891,1,"{'model_name': 'educational_evolving_memory_toy', 'state_dim': 32, 'seed': 48068, 'sequence_length': 512, 'num_items': 4}"
sequence_length,long_horizon_recall,educational_evolving_memory_toy,sequence_length,512,55987,0.0,1.0,70.791,1,"{'model_name': 'educational_evolving_memory_toy', 'state_dim': 32, 'seed': 55987, 'sequence_length': 512, 'num_items': 4}"
sequence_length,long_horizon_recall,educational_evolving_memory_toy,sequence_length,512,63906,0.0,1.0,67.971,1,"{'model_name': 'educational_evolving_memory_toy', 'state_dim': 32, 'seed': 63906, 'sequence_length': 512, 'num_items': 4}"
sequence_length,long_horizon_recall,educational_evolving_memory_toy,sequence_length,512,71825,0.0,1.0,67.804,1,"{'model_name': 'educational_evolving_memory_toy', 'state_dim': 32, 'seed': 71825, 'sequence_length': 512, 'num_items': 4}"
sequence_length,long_horizon_recall,educational_evolving_memory_toy,sequence_length,512,79744,1.0,0.0,71.524,1,"{'model_name': 'educational_evolving_memory_toy', 'state_dim': 32, 'seed': 79744, 'sequence_length': 512, 'num_items': 4}"
sequence_length,long_horizon_recall,educational_evolving_memory_toy,sequence_length,512,87663,1.0,0.0,70.359,1,"{'model_name': 'educational_evolving_memory_toy', 'state_dim': 32, 'seed': 87663, 'sequence_length': 512, 'num_items': 4}"
sequence_length,long_horizon_recall,educational_evolving_memory_toy,sequence_length,512,95582,1.0,0.0,74.753,1,"{'model_name': 'educational_evolving_memory_toy', 'state_dim': 32, 'seed': 95582, 'sequence_length': 512, 'num_items': 4}"
sequence_length,long_horizon_recall,educational_evolving_memory_toy,sequence_length,512,103501,0.0,1.0,72.476,1,"{'model_name': 'educational_evolving_memory_toy', 'state_dim': 32, 'seed': 103501, 'sequence_length': 512, 'num_items': 4}"
sequence_length,long_horizon_recall,educational_evolving_memory_toy,sequence_length,512,111420,0.0,1.0,68.718,1,"{'model_name': 'educational_evolving_memory_toy', 'state_dim': 32, 'seed': 111420, 'sequence_length': 512, 'num_items': 4}"
sequence_length,long_horizon_recall,educational_evolving_memory_toy,sequence_length,512,119339,0.0,1.0,70.488,1,"{'model_name': 'educational_evolving_memory_toy', 'state_dim': 32, 'seed': 119339, 'sequence_length': 512, 'num_items': 4}"
sequence_length,long_horizon_recall,educational_evolving_memory_toy,sequence_length,512,127258,1.0,0.0,59.654,1,"{'model_name': 'educational_evolving_memory_toy', 'state_dim': 32, 'seed': 127258, 'sequence_length': 512, 'num_items': 4}"
sequence_length,long_horizon_recall,educational_evolving_memory_toy,sequence_length,512,135177,0.0,1.0,65.558,1,"{'model_name': 'educational_evolving_memory_toy', 'state_dim': 32, 'seed': 135177, 'sequence_length': 512, 'num_items': 4}"
sequence_length,long_horizon_recall,educational_evolving_memory_toy,sequence_length,512,143096,1.0,0.0,75.971,1,"{'model_name': 'educational_evolving_memory_toy', 'state_dim': 32, 'seed': 143096, 'sequence_length': 512, 'num_items': 4}"
sequence_length,long_horizon_recall,educational_evolving_memory_toy,sequence_length,512,151015,0.0,1.0,68.338,1,"{'model_name': 'educational_evolving_memory_toy', 'state_dim': 32, 'seed': 151015, 'sequence_length': 512, 'num_items': 4}"
sequence_length,long_horizon_recall,educational_evolving_memory_toy,sequence_length,512,158934,0.0,1.0,64.712,1,"{'model_name': 'educational_evolving_memory_toy', 'state_dim': 32, 'seed': 158934, 'sequence_length': 512, 'num_items': 4}"
sequence_length,long_horizon_recall,educational_evolving_memory_toy,sequence_length,512,166853,0.0,1.0,68.06,1,"{'model_name': 'educational_evolving_memory_toy', 'state_dim': 32, 'seed': 166853, 'sequence_length': 512, 'num_items': 4}"
sequence_length,long_horizon_recall,educational_evolving_memory_toy,sequence_length,512,174772,0.0,1.0,67.404,1,"{'model_name': 'educational_evolving_memory_toy', 'state_dim': 32, 'seed': 174772, 'sequence_length': 512, 'num_items': 4}"
sequence_length,long_horizon_recall,educational_evolving_memory_toy,sequence_length,512,182691,0.0,1.0,66.199,1,"{'model_name': 'educational_evolving_memory_toy', 'state_dim': 32, 'seed': 182691, 'sequence_length': 512, 'num_items': 4}"
sequence_length,long_horizon_recall,educational_evolving_memory_toy,sequence_length,512,190610,1.0,0.0,64.513,1,"{'model_name': 'educational_evolving_memory_toy', 'state_dim': 32, 'seed': 190610, 'sequence_length': 512, 'num_items': 4}"
sequence_length,long_horizon_recall,educational_evolving_memory_toy,sequence_length,512,198529,0.0,1.0,66.859,1,"{'model_name': 'educational_evolving_memory_toy', 'state_dim': 32, 'seed': 198529, 'sequence_length': 512, 'num_items': 4}"
sequence_length,long_horizon_recall,educational_evolving_memory_toy,sequence_length,512,206448,0.0,1.0,69.69,1,"{'model_name': 'educational_evolving_memory_toy', 'state_dim': 32, 'seed': 206448, 'sequence_length': 512, 'num_items': 4}"
sequence_length,long_horizon_recall,educational_evolving_memory_toy,sequence_length,512,214367,0.0,1.0,69.0,1,"{'model_name': 'educational_evolving_memory_toy', 'state_dim': 32, 'seed': 214367, 'sequence_length': 512, 'num_items': 4}"
sequence_length,long_horizon_recall,educational_evolving_memory_toy,sequence_length,512,222286,0.0,1.0,70.504,1,"{'model_name': 'educational_evolving_memory_toy', 'state_dim': 32, 'seed': 222286, 'sequence_length': 512, 'num_items': 4}"
sequence_length,long_horizon_recall,educational_evolving_memory_toy,sequence_length,512,230205,0.0,1.0,75.236,1,"{'model_name': 'educational_evolving_memory_toy', 'state_dim': 32, 'seed': 230205, 'sequence_length': 512, 'num_items': 4}"
sequence_length,long_horizon_recall,educational_evolving_memory_toy,sequence_length,1024,1066,0.0,1.0,246.141,1,"{'model_name': 'educational_evolving_memory_toy', 'state_dim': 32, 'seed': 1066, 'sequence_length': 1024, 'num_items': 4}"
sequence_length,long_horizon_recall,educational_evolving_memory_toy,sequence_length,1024,8985,0.0,1.0,130.433,1,"{'model_name': 'educational_evolving_memory_toy', 'state_dim': 32, 'seed': 8985, 'sequence_length': 1024, 'num_items': 4}"
sequence_length,long_horizon_recall,educational_evolving_memory_toy,sequence_length,1024,16904,0.0,1.0,128.02,1,"{'model_name': 'educational_evolving_memory_toy', 'state_dim': 32, 'seed': 16904, 'sequence_length': 1024, 'num_items': 4}"
sequence_length,long_horizon_recall,educational_evolving_memory_toy,sequence_length,1024,24823,0.0,1.0,130.76,1,"{'model_name': 'educational_evolving_memory_toy', 'state_dim': 32, 'seed': 24823, 'sequence_length': 1024, 'num_items': 4}"
sequence_length,long_horizon_recall,educational_evolving_memory_toy,sequence_length,1024,32742,1.0,0.0,134.437,1,"{'model_name': 'educational_evolving_memory_toy', 'state_dim': 32, 'seed': 32742, 'sequence_length': 1024, 'num_items': 4}"
sequence_length,long_horizon_recall,educational_evolving_memory_toy,sequence_length,1024,40661,1.0,0.0,139.074,1,"{'model_name': 'educational_evolving_memory_toy', 'state_dim': 32, 'seed': 40661, 'sequence_length': 1024, 'num_items': 4}"
sequence_length,long_horizon_recall,educational_evolving_memory_toy,sequence_length,1024,48580,0.0,1.0,138.715,1,"{'model_name': 'educational_evolving_memory_toy', 'state_dim': 32, 'seed': 48580, 'sequence_length': 1024, 'num_items': 4}"
sequence_length,long_horizon_recall,educational_evolving_memory_toy,sequence_length,1024,56499,0.0,1.0,149.374,1,"{'model_name': 'educational_evolving_memory_toy', 'state_dim': 32, 'seed': 56499, 'sequence_length': 1024, 'num_items': 4}"
sequence_length,long_horizon_recall,educational_evolving_memory_toy,sequence_length,1024,64418,0.0,1.0,141.507,1,"{'model_name': 'educational_evolving_memory_toy', 'state_dim': 32, 'seed': 64418, 'sequence_length': 1024, 'num_items': 4}"
sequence_length,long_horizon_recall,educational_evolving_memory_toy,sequence_length,1024,72337,0.0,1.0,135.607,1,"{'model_name': 'educational_evolving_memory_toy', 'state_dim': 32, 'seed': 72337, 'sequence_length': 1024, 'num_items': 4}"
sequence_length,long_horizon_recall,educational_evolving_memory_toy,sequence_length,1024,80256,0.0,1.0,140.865,1,"{'model_name': 'educational_evolving_memory_toy', 'state_dim': 32, 'seed': 80256, 'sequence_length': 1024, 'num_items': 4}"
sequence_length,long_horizon_recall,educational_evolving_memory_toy,sequence_length,1024,88175,1.0,0.0,139.242,1,"{'model_name': 'educational_evolving_memory_toy', 'state_dim': 32, 'seed': 88175, 'sequence_length': 1024, 'num_items': 4}"
sequence_length,long_horizon_recall,educational_evolving_memory_toy,sequence_length,1024,96094,0.0,1.0,135.832,1,"{'model_name': 'educational_evolving_memory_toy', 'state_dim': 32, 'seed': 96094, 'sequence_length': 1024, 'num_items': 4}"
sequence_length,long_horizon_recall,educational_evolving_memory_toy,sequence_length,1024,104013,1.0,0.0,132.784,1,"{'model_name': 'educational_evolving_memory_toy', 'state_dim': 32, 'seed': 104013, 'sequence_length': 1024, 'num_items': 4}"
sequence_length,long_horizon_recall,educational_evolving_memory_toy,sequence_length,1024,111932,0.0,1.0,136.299,1,"{'model_name': 'educational_evolving_memory_toy', 'state_dim': 32, 'seed': 111932, 'sequence_length': 1024, 'num_items': 4}"
sequence_length,long_horizon_recall,educational_evolving_memory_toy,sequence_length,1024,119851,1.0,0.0,151.949,1,"{'model_name': 'educational_evolving_memory_toy', 'state_dim': 32, 'seed': 119851, 'sequence_length': 1024, 'num_items': 4}"
sequence_length,long_horizon_recall,educational_evolving_memory_toy,sequence_length,1024,127770,0.0,1.0,139.737,1,"{'model_name': 'educational_evolving_memory_toy', 'state_dim': 32, 'seed': 127770, 'sequence_length': 1024, 'num_items': 4}"
sequence_length,long_horizon_recall,educational_evolving_memory_toy,sequence_length,1024,135689,0.0,1.0,137.473,1,"{'model_name': 'educational_evolving_memory_toy', 'state_dim': 32, 'seed': 135689, 'sequence_length': 1024, 'num_items': 4}"
sequence_length,long_horizon_recall,educational_evolving_memory_toy,sequence_length,1024,143608,1.0,0.0,132.229,1,"{'model_name': 'educational_evolving_memory_toy', 'state_dim': 32, 'seed': 143608, 'sequence_length': 1024, 'num_items': 4}"
sequence_length,long_horizon_recall,educational_evolving_memory_toy,sequence_length,1024,151527,1.0,0.0,144.447,1,"{'model_name': 'educational_evolving_memory_toy', 'state_dim': 32, 'seed': 151527, 'sequence_length': 1024, 'num_items': 4}"
sequence_length,long_horizon_recall,educational_evolving_memory_toy,sequence_length,1024,159446,0.0,1.0,132.152,1,"{'model_name': 'educational_evolving_memory_toy', 'state_dim': 32, 'seed': 159446, 'sequence_length': 1024, 'num_items': 4}"
sequence_length,long_horizon_recall,educational_evolving_memory_toy,sequence_length,1024,167365,0.0,1.0,138.624,1,"{'model_name': 'educational_evolving_memory_toy', 'state_dim': 32, 'seed': 167365, 'sequence_length': 1024, 'num_items': 4}"
sequence_length,long_horizon_recall,educational_evolving_memory_toy,sequence_length,1024,175284,0.0,1.0,143.238,1,"{'model_name': 'educational_evolving_memory_toy', 'state_dim': 32, 'seed': 175284, 'sequence_length': 1024, 'num_items': 4}"
sequence_length,long_horizon_recall,educational_evolving_memory_toy,sequence_length,1024,183203,0.0,1.0,138.2,1,"{'model_name': 'educational_evolving_memory_toy', 'state_dim': 32, 'seed': 183203, 'sequence_length': 1024, 'num_items': 4}"
sequence_length,long_horizon_recall,educational_evolving_memory_toy,sequence_length,1024,191122,0.0,1.0,139.76,1,"{'model_name': 'educational_evolving_memory_toy', 'state_dim': 32, 'seed': 191122, 'sequence_length': 1024, 'num_items': 4}"
sequence_length,long_horizon_recall,educational_evolving_memory_toy,sequence_length,1024,199041,1.0,0.0,176.872,1,"{'model_name': 'educational_evolving_memory_toy', 'state_dim': 32, 'seed': 199041, 'sequence_length': 1024, 'num_items': 4}"
sequence_length,long_horizon_recall,educational_evolving_memory_toy,sequence_length,1024,206960,0.0,1.0,355.032,1,"{'model_name': 'educational_evolving_memory_toy', 'state_dim': 32, 'seed': 206960, 'sequence_length': 1024, 'num_items': 4}"
sequence_length,long_horizon_recall,educational_evolving_memory_toy,sequence_length,1024,214879,0.0,1.0,378.635,1,"{'model_name': 'educational_evolving_memory_toy', 'state_dim': 32, 'seed': 214879, 'sequence_length': 1024, 'num_items': 4}"
sequence_length,long_horizon_recall,educational_evolving_memory_toy,sequence_length,1024,222798,0.0,1.0,560.085,1,"{'model_name': 'educational_evolving_memory_toy', 'state_dim': 32, 'seed': 222798, 'sequence_length': 1024, 'num_items': 4}"
sequence_length,long_horizon_recall,educational_evolving_memory_toy,sequence_length,1024,230717,1.0,0.0,226.325,1,"{'model_name': 'educational_evolving_memory_toy', 'state_dim': 32, 'seed': 230717, 'sequence_length': 1024, 'num_items': 4}"
memory_capacity,memory_capacity,full_history_reference_baseline,num_pairs,1,43,1.0,0.0,0.909,1,"{'model_name': 'full_history_reference_baseline', 'state_dim': 32, 'seed': 43, 'num_pairs': 1, 'interleaved_padding': 1}"
memory_capacity,memory_capacity,full_history_reference_baseline,num_pairs,1,7962,1.0,0.0,0.635,1,"{'model_name': 'full_history_reference_baseline', 'state_dim': 32, 'seed': 7962, 'num_pairs': 1, 'interleaved_padding': 1}"
memory_capacity,memory_capacity,full_history_reference_baseline,num_pairs,1,15881,1.0,0.0,0.63,1,"{'model_name': 'full_history_reference_baseline', 'state_dim': 32, 'seed': 15881, 'num_pairs': 1, 'interleaved_padding': 1}"
memory_capacity,memory_capacity,full_history_reference_baseline,num_pairs,1,23800,1.0,0.0,0.53,1,"{'model_name': 'full_history_reference_baseline', 'state_dim': 32, 'seed': 23800, 'num_pairs': 1, 'interleaved_padding': 1}"
memory_capacity,memory_capacity,full_history_reference_baseline,num_pairs,1,31719,1.0,0.0,0.517,1,"{'model_name': 'full_history_reference_baseline', 'state_dim': 32, 'seed': 31719, 'num_pairs': 1, 'interleaved_padding': 1}"
memory_capacity,memory_capacity,full_history_reference_baseline,num_pairs,1,39638,1.0,0.0,0.558,1,"{'model_name': 'full_history_reference_baseline', 'state_dim': 32, 'seed': 39638, 'num_pairs': 1, 'interleaved_padding': 1}"
memory_capacity,memory_capacity,full_history_reference_baseline,num_pairs,1,47557,1.0,0.0,0.512,1,"{'model_name': 'full_history_reference_baseline', 'state_dim': 32, 'seed': 47557, 'num_pairs': 1, 'interleaved_padding': 1}"
memory_capacity,memory_capacity,full_history_reference_baseline,num_pairs,1,55476,1.0,0.0,0.524,1,"{'model_name': 'full_history_reference_baseline', 'state_dim': 32, 'seed': 55476, 'num_pairs': 1, 'interleaved_padding': 1}"
memory_capacity,memory_capacity,full_history_reference_baseline,num_pairs,1,63395,1.0,0.0,0.573,1,"{'model_name': 'full_history_reference_baseline', 'state_dim': 32, 'seed': 63395, 'num_pairs': 1, 'interleaved_padding': 1}"
memory_capacity,memory_capacity,full_history_reference_baseline,num_pairs,1,71314,1.0,0.0,0.495,1,"{'model_name': 'full_history_reference_baseline', 'state_dim': 32, 'seed': 71314, 'num_pairs': 1, 'interleaved_padding': 1}"
memory_capacity,memory_capacity,full_history_reference_baseline,num_pairs,1,79233,1.0,0.0,0.492,1,"{'model_name': 'full_history_reference_baseline', 'state_dim': 32, 'seed': 79233, 'num_pairs': 1, 'interleaved_padding': 1}"
memory_capacity,memory_capacity,full_history_reference_baseline,num_pairs,1,87152,1.0,0.0,0.526,1,"{'model_name': 'full_history_reference_baseline', 'state_dim': 32, 'seed': 87152, 'num_pairs': 1, 'interleaved_padding': 1}"
memory_capacity,memory_capacity,full_history_reference_baseline,num_pairs,1,95071,1.0,0.0,0.533,1,"{'model_name': 'full_history_reference_baseline', 'state_dim': 32, 'seed': 95071, 'num_pairs': 1, 'interleaved_padding': 1}"
memory_capacity,memory_capacity,full_history_reference_baseline,num_pairs,1,102990,1.0,0.0,0.496,1,"{'model_name': 'full_history_reference_baseline', 'state_dim': 32, 'seed': 102990, 'num_pairs': 1, 'interleaved_padding': 1}"
memory_capacity,memory_capacity,full_history_reference_baseline,num_pairs,1,110909,1.0,0.0,0.518,1,"{'model_name': 'full_history_reference_baseline', 'state_dim': 32, 'seed': 110909, 'num_pairs': 1, 'interleaved_padding': 1}"
memory_capacity,memory_capacity,full_history_reference_baseline,num_pairs,1,118828,1.0,0.0,0.548,1,"{'model_name': 'full_history_reference_baseline', 'state_dim': 32, 'seed': 118828, 'num_pairs': 1, 'interleaved_padding': 1}"
memory_capacity,memory_capacity,full_history_reference_baseline,num_pairs,1,126747,1.0,0.0,0.546,1,"{'model_name': 'full_history_reference_baseline', 'state_dim': 32, 'seed': 126747, 'num_pairs': 1, 'interleaved_padding': 1}"
memory_capacity,memory_capacity,full_history_reference_baseline,num_pairs,1,134666,1.0,0.0,0.501,1,"{'model_name': 'full_history_reference_baseline', 'state_dim': 32, 'seed': 134666, 'num_pairs': 1, 'interleaved_padding': 1}"
memory_capacity,memory_capacity,full_history_reference_baseline,num_pairs,1,142585,1.0,0.0,0.554,1,"{'model_name': 'full_history_reference_baseline', 'state_dim': 32, 'seed': 142585, 'num_pairs': 1, 'interleaved_padding': 1}"
memory_capacity,memory_capacity,full_history_reference_baseline,num_pairs,1,150504,1.0,0.0,0.494,1,"{'model_name': 'full_history_reference_baseline', 'state_dim': 32, 'seed': 150504, 'num_pairs': 1, 'interleaved_padding': 1}"
memory_capacity,memory_capacity,full_history_reference_baseline,num_pairs,1,158423,1.0,0.0,0.522,1,"{'model_name': 'full_history_reference_baseline', 'state_dim': 32, 'seed': 158423, 'num_pairs': 1, 'interleaved_padding': 1}"
memory_capacity,memory_capacity,full_history_reference_baseline,num_pairs,1,166342,1.0,0.0,0.545,1,"{'model_name': 'full_history_reference_baseline', 'state_dim': 32, 'seed': 166342, 'num_pairs': 1, 'interleaved_padding': 1}"
memory_capacity,memory_capacity,full_history_reference_baseline,num_pairs,1,174261,1.0,0.0,0.542,1,"{'model_name': 'full_history_reference_baseline', 'state_dim': 32, 'seed': 174261, 'num_pairs': 1, 'interleaved_padding': 1}"
memory_capacity,memory_capacity,full_history_reference_baseline,num_pairs,1,182180,1.0,0.0,0.495,1,"{'model_name': 'full_history_reference_baseline', 'state_dim': 32, 'seed': 182180, 'num_pairs': 1, 'interleaved_padding': 1}"
memory_capacity,memory_capacity,full_history_reference_baseline,num_pairs,1,190099,1.0,0.0,0.499,1,"{'model_name': 'full_history_reference_baseline', 'state_dim': 32, 'seed': 190099, 'num_pairs': 1, 'interleaved_padding': 1}"
memory_capacity,memory_capacity,full_history_reference_baseline,num_pairs,1,198018,1.0,0.0,0.563,1,"{'model_name': 'full_history_reference_baseline', 'state_dim': 32, 'seed': 198018, 'num_pairs': 1, 'interleaved_padding': 1}"
memory_capacity,memory_capacity,full_history_reference_baseline,num_pairs,1,205937,1.0,0.0,0.501,1,"{'model_name': 'full_history_reference_baseline', 'state_dim': 32, 'seed': 205937, 'num_pairs': 1, 'interleaved_padding': 1}"
memory_capacity,memory_capacity,full_history_reference_baseline,num_pairs,1,213856,1.0,0.0,0.491,1,"{'model_name': 'full_history_reference_baseline', 'state_dim': 32, 'seed': 213856, 'num_pairs': 1, 'interleaved_padding': 1}"
memory_capacity,memory_capacity,full_history_reference_baseline,num_pairs,1,221775,1.0,0.0,0.547,1,"{'model_name': 'full_history_reference_baseline', 'state_dim': 32, 'seed': 221775, 'num_pairs': 1, 'interleaved_padding': 1}"
memory_capacity,memory_capacity,full_history_reference_baseline,num_pairs,1,229694,1.0,0.0,0.515,1,"{'model_name': 'full_history_reference_baseline', 'state_dim': 32, 'seed': 229694, 'num_pairs': 1, 'interleaved_padding': 1}"
memory_capacity,memory_capacity,full_history_reference_baseline,num_pairs,2,44,1.0,0.0,1.236,1,"{'model_name': 'full_history_reference_baseline', 'state_dim': 32, 'seed': 44, 'num_pairs': 2, 'interleaved_padding': 1}"
memory_capacity,memory_capacity,full_history_reference_baseline,num_pairs,2,7963,1.0,0.0,0.886,1,"{'model_name': 'full_history_reference_baseline', 'state_dim': 32, 'seed': 7963, 'num_pairs': 2, 'interleaved_padding': 1}"
memory_capacity,memory_capacity,full_history_reference_baseline,num_pairs,2,15882,1.0,0.0,0.842,1,"{'model_name': 'full_history_reference_baseline', 'state_dim': 32, 'seed': 15882, 'num_pairs': 2, 'interleaved_padding': 1}"
memory_capacity,memory_capacity,full_history_reference_baseline,num_pairs,2,23801,1.0,0.0,0.754,1,"{'model_name': 'full_history_reference_baseline', 'state_dim': 32, 'seed': 23801, 'num_pairs': 2, 'interleaved_padding': 1}"
memory_capacity,memory_capacity,full_history_reference_baseline,num_pairs,2,31720,1.0,0.0,0.84,1,"{'model_name': 'full_history_reference_baseline', 'state_dim': 32, 'seed': 31720, 'num_pairs': 2, 'interleaved_padding': 1}"
memory_capacity,memory_capacity,full_history_reference_baseline,num_pairs,2,39639,1.0,0.0,0.78,1,"{'model_name': 'full_history_reference_baseline', 'state_dim': 32, 'seed': 39639, 'num_pairs': 2, 'interleaved_padding': 1}"
memory_capacity,memory_capacity,full_history_reference_baseline,num_pairs,2,47558,1.0,0.0,0.802,1,"{'model_name': 'full_history_reference_baseline', 'state_dim': 32, 'seed': 47558, 'num_pairs': 2, 'interleaved_padding': 1}"
memory_capacity,memory_capacity,full_history_reference_baseline,num_pairs,2,55477,1.0,0.0,0.76,1,"{'model_name': 'full_history_reference_baseline', 'state_dim': 32, 'seed': 55477, 'num_pairs': 2, 'interleaved_padding': 1}"
memory_capacity,memory_capacity,full_history_reference_baseline,num_pairs,2,63396,1.0,0.0,0.756,1,"{'model_name': 'full_history_reference_baseline', 'state_dim': 32, 'seed': 63396, 'num_pairs': 2, 'interleaved_padding': 1}"
memory_capacity,memory_capacity,full_history_reference_baseline,num_pairs,2,71315,1.0,0.0,0.811,1,"{'model_name': 'full_history_reference_baseline', 'state_dim': 32, 'seed': 71315, 'num_pairs': 2, 'interleaved_padding': 1}"
memory_capacity,memory_capacity,full_history_reference_baseline,num_pairs,2,79234,1.0,0.0,0.744,1,"{'model_name': 'full_history_reference_baseline', 'state_dim': 32, 'seed': 79234, 'num_pairs': 2, 'interleaved_padding': 1}"
memory_capacity,memory_capacity,full_history_reference_baseline,num_pairs,2,87153,1.0,0.0,0.824,1,"{'model_name': 'full_history_reference_baseline', 'state_dim': 32, 'seed': 87153, 'num_pairs': 2, 'interleaved_padding': 1}"
memory_capacity,memory_capacity,full_history_reference_baseline,num_pairs,2,95072,1.0,0.0,0.838,1,"{'model_name': 'full_history_reference_baseline', 'state_dim': 32, 'seed': 95072, 'num_pairs': 2, 'interleaved_padding': 1}"
memory_capacity,memory_capacity,full_history_reference_baseline,num_pairs,2,102991,1.0,0.0,0.82,1,"{'model_name': 'full_history_reference_baseline', 'state_dim': 32, 'seed': 102991, 'num_pairs': 2, 'interleaved_padding': 1}"
memory_capacity,memory_capacity,full_history_reference_baseline,num_pairs,2,110910,1.0,0.0,0.746,1,"{'model_name': 'full_history_reference_baseline', 'state_dim': 32, 'seed': 110910, 'num_pairs': 2, 'interleaved_padding': 1}"
memory_capacity,memory_capacity,full_history_reference_baseline,num_pairs,2,118829,1.0,0.0,0.864,1,"{'model_name': 'full_history_reference_baseline', 'state_dim': 32, 'seed': 118829, 'num_pairs': 2, 'interleaved_padding': 1}"
memory_capacity,memory_capacity,full_history_reference_baseline,num_pairs,2,126748,1.0,0.0,0.783,1,"{'model_name': 'full_history_reference_baseline', 'state_dim': 32, 'seed': 126748, 'num_pairs': 2, 'interleaved_padding': 1}"
memory_capacity,memory_capacity,full_history_reference_baseline,num_pairs,2,134667,1.0,0.0,0.762,1,"{'model_name': 'full_history_reference_baseline', 'state_dim': 32, 'seed': 134667, 'num_pairs': 2, 'interleaved_padding': 1}"
memory_capacity,memory_capacity,full_history_reference_baseline,num_pairs,2,142586,1.0,0.0,0.775,1,"{'model_name': 'full_history_reference_baseline', 'state_dim': 32, 'seed': 142586, 'num_pairs': 2, 'interleaved_padding': 1}"
memory_capacity,memory_capacity,full_history_reference_baseline,num_pairs,2,150505,1.0,0.0,0.75,1,"{'model_name': 'full_history_reference_baseline', 'state_dim': 32, 'seed': 150505, 'num_pairs': 2, 'interleaved_padding': 1}"
memory_capacity,memory_capacity,full_history_reference_baseline,num_pairs,2,158424,1.0,0.0,0.855,1,"{'model_name': 'full_history_reference_baseline', 'state_dim': 32, 'seed': 158424, 'num_pairs': 2, 'interleaved_padding': 1}"
memory_capacity,memory_capacity,full_history_reference_baseline,num_pairs,2,166343,1.0,0.0,0.733,1,"{'model_name': 'full_history_reference_baseline', 'state_dim': 32, 'seed': 166343, 'num_pairs': 2, 'interleaved_padding': 1}"
memory_capacity,memory_capacity,full_history_reference_baseline,num_pairs,2,174262,1.0,0.0,0.796,1,"{'model_name': 'full_history_reference_baseline', 'state_dim': 32, 'seed': 174262, 'num_pairs': 2, 'interleaved_padding': 1}"
memory_capacity,memory_capacity,full_history_reference_baseline,num_pairs,2,182181,1.0,0.0,0.787,1,"{'model_name': 'full_history_reference_baseline', 'state_dim': 32, 'seed': 182181, 'num_pairs': 2, 'interleaved_padding': 1}"
memory_capacity,memory_capacity,full_history_reference_baseline,num_pairs,2,190100,1.0,0.0,0.795,1,"{'model_name': 'full_history_reference_baseline', 'state_dim': 32, 'seed': 190100, 'num_pairs': 2, 'interleaved_padding': 1}"
memory_capacity,memory_capacity,full_history_reference_baseline,num_pairs,2,198019,1.0,0.0,0.733,1,"{'model_name': 'full_history_reference_baseline', 'state_dim': 32, 'seed': 198019, 'num_pairs': 2, 'interleaved_padding': 1}"
memory_capacity,memory_capacity,full_history_reference_baseline,num_pairs,2,205938,1.0,0.0,0.772,1,"{'model_name': 'full_history_reference_baseline', 'state_dim': 32, 'seed': 205938, 'num_pairs': 2, 'interleaved_padding': 1}"
memory_capacity,memory_capacity,full_history_reference_baseline,num_pairs,2,213857,1.0,0.0,0.782,1,"{'model_name': 'full_history_reference_baseline', 'state_dim': 32, 'seed': 213857, 'num_pairs': 2, 'interleaved_padding': 1}"
memory_capacity,memory_capacity,full_history_reference_baseline,num_pairs,2,221776,1.0,0.0,0.746,1,"{'model_name': 'full_history_reference_baseline', 'state_dim': 32, 'seed': 221776, 'num_pairs': 2, 'interleaved_padding': 1}"
memory_capacity,memory_capacity,full_history_reference_baseline,num_pairs,2,229695,1.0,0.0,3.032,1,"{'model_name': 'full_history_reference_baseline', 'state_dim': 32, 'seed': 229695, 'num_pairs': 2, 'interleaved_padding': 1}"
memory_capacity,memory_capacity,full_history_reference_baseline,num_pairs,4,46,1.0,0.0,8.958,1,"{'model_name': 'full_history_reference_baseline', 'state_dim': 32, 'seed': 46, 'num_pairs': 4, 'interleaved_padding': 1}"
memory_capacity,memory_capacity,full_history_reference_baseline,num_pairs,4,7965,1.0,0.0,6.082,1,"{'model_name': 'full_history_reference_baseline', 'state_dim': 32, 'seed': 7965, 'num_pairs': 4, 'interleaved_padding': 1}"
memory_capacity,memory_capacity,full_history_reference_baseline,num_pairs,4,15884,1.0,0.0,6.129,1,"{'model_name': 'full_history_reference_baseline', 'state_dim': 32, 'seed': 15884, 'num_pairs': 4, 'interleaved_padding': 1}"
memory_capacity,memory_capacity,full_history_reference_baseline,num_pairs,4,23803,1.0,0.0,2.592,1,"{'model_name': 'full_history_reference_baseline', 'state_dim': 32, 'seed': 23803, 'num_pairs': 4, 'interleaved_padding': 1}"
memory_capacity,memory_capacity,full_history_reference_baseline,num_pairs,4,31722,1.0,0.0,2.152,1,"{'model_name': 'full_history_reference_baseline', 'state_dim': 32, 'seed': 31722, 'num_pairs': 4, 'interleaved_padding': 1}"
memory_capacity,memory_capacity,full_history_reference_baseline,num_pairs,4,39641,1.0,0.0,2.184,1,"{'model_name': 'full_history_reference_baseline', 'state_dim': 32, 'seed': 39641, 'num_pairs': 4, 'interleaved_padding': 1}"
memory_capacity,memory_capacity,full_history_reference_baseline,num_pairs,4,47560,1.0,0.0,2.016,1,"{'model_name': 'full_history_reference_baseline', 'state_dim': 32, 'seed': 47560, 'num_pairs': 4, 'interleaved_padding': 1}"
memory_capacity,memory_capacity,full_history_reference_baseline,num_pairs,4,55479,1.0,0.0,2.217,1,"{'model_name': 'full_history_reference_baseline', 'state_dim': 32, 'seed': 55479, 'num_pairs': 4, 'interleaved_padding': 1}"
memory_capacity,memory_capacity,full_history_reference_baseline,num_pairs,4,63398,1.0,0.0,2.084,1,"{'model_name': 'full_history_reference_baseline', 'state_dim': 32, 'seed': 63398, 'num_pairs': 4, 'interleaved_padding': 1}"
memory_capacity,memory_capacity,full_history_reference_baseline,num_pairs,4,71317,1.0,0.0,2.086,1,"{'model_name': 'full_history_reference_baseline', 'state_dim': 32, 'seed': 71317, 'num_pairs': 4, 'interleaved_padding': 1}"
memory_capacity,memory_capacity,full_history_reference_baseline,num_pairs,4,79236,1.0,0.0,2.127,1,"{'model_name': 'full_history_reference_baseline', 'state_dim': 32, 'seed': 79236, 'num_pairs': 4, 'interleaved_padding': 1}"
memory_capacity,memory_capacity,full_history_reference_baseline,num_pairs,4,87155,1.0,0.0,2.041,1,"{'model_name': 'full_history_reference_baseline', 'state_dim': 32, 'seed': 87155, 'num_pairs': 4, 'interleaved_padding': 1}"
memory_capacity,memory_capacity,full_history_reference_baseline,num_pairs,4,95074,1.0,0.0,2.075,1,"{'model_name': 'full_history_reference_baseline', 'state_dim': 32, 'seed': 95074, 'num_pairs': 4, 'interleaved_padding': 1}"
memory_capacity,memory_capacity,full_history_reference_baseline,num_pairs,4,102993,1.0,0.0,2.163,1,"{'model_name': 'full_history_reference_baseline', 'state_dim': 32, 'seed': 102993, 'num_pairs': 4, 'interleaved_padding': 1}"
memory_capacity,memory_capacity,full_history_reference_baseline,num_pairs,4,110912,1.0,0.0,2.206,1,"{'model_name': 'full_history_reference_baseline', 'state_dim': 32, 'seed': 110912, 'num_pairs': 4, 'interleaved_padding': 1}"
memory_capacity,memory_capacity,full_history_reference_baseline,num_pairs,4,118831,1.0,0.0,2.24,1,"{'model_name': 'full_history_reference_baseline', 'state_dim': 32, 'seed': 118831, 'num_pairs': 4, 'interleaved_padding': 1}"
memory_capacity,memory_capacity,full_history_reference_baseline,num_pairs,4,126750,1.0,0.0,2.402,1,"{'model_name': 'full_history_reference_baseline', 'state_dim': 32, 'seed': 126750, 'num_pairs': 4, 'interleaved_padding': 1}"
memory_capacity,memory_capacity,full_history_reference_baseline,num_pairs,4,134669,1.0,0.0,2.239,1,"{'model_name': 'full_history_reference_baseline', 'state_dim': 32, 'seed': 134669, 'num_pairs': 4, 'interleaved_padding': 1}"
memory_capacity,memory_capacity,full_history_reference_baseline,num_pairs,4,142588,1.0,0.0,2.326,1,"{'model_name': 'full_history_reference_baseline', 'state_dim': 32, 'seed': 142588, 'num_pairs': 4, 'interleaved_padding': 1}"
memory_capacity,memory_capacity,full_history_reference_baseline,num_pairs,4,150507,1.0,0.0,2.37,1,"{'model_name': 'full_history_reference_baseline', 'state_dim': 32, 'seed': 150507, 'num_pairs': 4, 'interleaved_padding': 1}"
memory_capacity,memory_capacity,full_history_reference_baseline,num_pairs,4,158426,1.0,0.0,2.25,1,"{'model_name': 'full_history_reference_baseline', 'state_dim': 32, 'seed': 158426, 'num_pairs': 4, 'interleaved_padding': 1}"
memory_capacity,memory_capacity,full_history_reference_baseline,num_pairs,4,166345,1.0,0.0,2.131,1,"{'model_name': 'full_history_reference_baseline', 'state_dim': 32, 'seed': 166345, 'num_pairs': 4, 'interleaved_padding': 1}"
memory_capacity,memory_capacity,full_history_reference_baseline,num_pairs,4,174264,1.0,0.0,2.187,1,"{'model_name': 'full_history_reference_baseline', 'state_dim': 32, 'seed': 174264, 'num_pairs': 4, 'interleaved_padding': 1}"
memory_capacity,memory_capacity,full_history_reference_baseline,num_pairs,4,182183,1.0,0.0,2.115,1,"{'model_name': 'full_history_reference_baseline', 'state_dim': 32, 'seed': 182183, 'num_pairs': 4, 'interleaved_padding': 1}"
memory_capacity,memory_capacity,full_history_reference_baseline,num_pairs,4,190102,1.0,0.0,2.094,1,"{'model_name': 'full_history_reference_baseline', 'state_dim': 32, 'seed': 190102, 'num_pairs': 4, 'interleaved_padding': 1}"
memory_capacity,memory_capacity,full_history_reference_baseline,num_pairs,4,198021,1.0,0.0,2.002,1,"{'model_name': 'full_history_reference_baseline', 'state_dim': 32, 'seed': 198021, 'num_pairs': 4, 'interleaved_padding': 1}"
memory_capacity,memory_capacity,full_history_reference_baseline,num_pairs,4,205940,1.0,0.0,2.072,1,"{'model_name': 'full_history_reference_baseline', 'state_dim': 32, 'seed': 205940, 'num_pairs': 4, 'interleaved_padding': 1}"
memory_capacity,memory_capacity,full_history_reference_baseline,num_pairs,4,213859,1.0,0.0,2.313,1,"{'model_name': 'full_history_reference_baseline', 'state_dim': 32, 'seed': 213859, 'num_pairs': 4, 'interleaved_padding': 1}"
memory_capacity,memory_capacity,full_history_reference_baseline,num_pairs,4,221778,1.0,0.0,2.312,1,"{'model_name': 'full_history_reference_baseline', 'state_dim': 32, 'seed': 221778, 'num_pairs': 4, 'interleaved_padding': 1}"
memory_capacity,memory_capacity,full_history_reference_baseline,num_pairs,4,229697,1.0,0.0,2.87,1,"{'model_name': 'full_history_reference_baseline', 'state_dim': 32, 'seed': 229697, 'num_pairs': 4, 'interleaved_padding': 1}"
memory_capacity,memory_capacity,full_history_reference_baseline,num_pairs,8,50,1.0,0.0,13.772,1,"{'model_name': 'full_history_reference_baseline', 'state_dim': 32, 'seed': 50, 'num_pairs': 8, 'interleaved_padding': 1}"
memory_capacity,memory_capacity,full_history_reference_baseline,num_pairs,8,7969,1.0,0.0,11.387,1,"{'model_name': 'full_history_reference_baseline', 'state_dim': 32, 'seed': 7969, 'num_pairs': 8, 'interleaved_padding': 1}"
memory_capacity,memory_capacity,full_history_reference_baseline,num_pairs,8,15888,1.0,0.0,11.318,1,"{'model_name': 'full_history_reference_baseline', 'state_dim': 32, 'seed': 15888, 'num_pairs': 8, 'interleaved_padding': 1}"
memory_capacity,memory_capacity,full_history_reference_baseline,num_pairs,8,23807,1.0,0.0,12.629,1,"{'model_name': 'full_history_reference_baseline', 'state_dim': 32, 'seed': 23807, 'num_pairs': 8, 'interleaved_padding': 1}"
memory_capacity,memory_capacity,full_history_reference_baseline,num_pairs,8,31726,1.0,0.0,3.099,1,"{'model_name': 'full_history_reference_baseline', 'state_dim': 32, 'seed': 31726, 'num_pairs': 8, 'interleaved_padding': 1}"
memory_capacity,memory_capacity,full_history_reference_baseline,num_pairs,8,39645,1.0,0.0,3.875,1,"{'model_name': 'full_history_reference_baseline', 'state_dim': 32, 'seed': 39645, 'num_pairs': 8, 'interleaved_padding': 1}"
memory_capacity,memory_capacity,full_history_reference_baseline,num_pairs,8,47564,1.0,0.0,3.34,1,"{'model_name': 'full_history_reference_baseline', 'state_dim': 32, 'seed': 47564, 'num_pairs': 8, 'interleaved_padding': 1}"
memory_capacity,memory_capacity,full_history_reference_baseline,num_pairs,8,55483,1.0,0.0,3.021,1,"{'model_name': 'full_history_reference_baseline', 'state_dim': 32, 'seed': 55483, 'num_pairs': 8, 'interleaved_padding': 1}"
memory_capacity,memory_capacity,full_history_reference_baseline,num_pairs,8,63402,1.0,0.0,3.39,1,"{'model_name': 'full_history_reference_baseline', 'state_dim': 32, 'seed': 63402, 'num_pairs': 8, 'interleaved_padding': 1}"
memory_capacity,memory_capacity,full_history_reference_baseline,num_pairs,8,71321,1.0,0.0,3.27,1,"{'model_name': 'full_history_reference_baseline', 'state_dim': 32, 'seed': 71321, 'num_pairs': 8, 'interleaved_padding': 1}"
memory_capacity,memory_capacity,full_history_reference_baseline,num_pairs,8,79240,1.0,0.0,2.984,1,"{'model_name': 'full_history_reference_baseline', 'state_dim': 32, 'seed': 79240, 'num_pairs': 8, 'interleaved_padding': 1}"
memory_capacity,memory_capacity,full_history_reference_baseline,num_pairs,8,87159,1.0,0.0,3.059,1,"{'model_name': 'full_history_reference_baseline', 'state_dim': 32, 'seed': 87159, 'num_pairs': 8, 'interleaved_padding': 1}"
memory_capacity,memory_capacity,full_history_reference_baseline,num_pairs,8,95078,1.0,0.0,2.939,1,"{'model_name': 'full_history_reference_baseline', 'state_dim': 32, 'seed': 95078, 'num_pairs': 8, 'interleaved_padding': 1}"
memory_capacity,memory_capacity,full_history_reference_baseline,num_pairs,8,102997,1.0,0.0,2.757,1,"{'model_name': 'full_history_reference_baseline', 'state_dim': 32, 'seed': 102997, 'num_pairs': 8, 'interleaved_padding': 1}"
memory_capacity,memory_capacity,full_history_reference_baseline,num_pairs,8,110916,1.0,0.0,11.289,1,"{'model_name': 'full_history_reference_baseline', 'state_dim': 32, 'seed': 110916, 'num_pairs': 8, 'interleaved_padding': 1}"
memory_capacity,memory_capacity,full_history_reference_baseline,num_pairs,8,118835,1.0,0.0,11.225,1,"{'model_name': 'full_history_reference_baseline', 'state_dim': 32, 'seed': 118835, 'num_pairs': 8, 'interleaved_padding': 1}"
memory_capacity,memory_capacity,full_history_reference_baseline,num_pairs,8,126754,1.0,0.0,10.356,1,"{'model_name': 'full_history_reference_baseline', 'state_dim': 32, 'seed': 126754, 'num_pairs': 8, 'interleaved_padding': 1}"
memory_capacity,memory_capacity,full_history_reference_baseline,num_pairs,8,134673,1.0,0.0,10.683,1,"{'model_name': 'full_history_reference_baseline', 'state_dim': 32, 'seed': 134673, 'num_pairs': 8, 'interleaved_padding': 1}"
memory_capacity,memory_capacity,full_history_reference_baseline,num_pairs,8,142592,1.0,0.0,12.131,1,"{'model_name': 'full_history_reference_baseline', 'state_dim': 32, 'seed': 142592, 'num_pairs': 8, 'interleaved_padding': 1}"
memory_capacity,memory_capacity,full_history_reference_baseline,num_pairs,8,150511,1.0,0.0,10.845,1,"{'model_name': 'full_history_reference_baseline', 'state_dim': 32, 'seed': 150511, 'num_pairs': 8, 'interleaved_padding': 1}"
memory_capacity,memory_capacity,full_history_reference_baseline,num_pairs,8,158430,1.0,0.0,10.92,1,"{'model_name': 'full_history_reference_baseline', 'state_dim': 32, 'seed': 158430, 'num_pairs': 8, 'interleaved_padding': 1}"
memory_capacity,memory_capacity,full_history_reference_baseline,num_pairs,8,166349,1.0,0.0,7.937,1,"{'model_name': 'full_history_reference_baseline', 'state_dim': 32, 'seed': 166349, 'num_pairs': 8, 'interleaved_padding': 1}"
memory_capacity,memory_capacity,full_history_reference_baseline,num_pairs,8,174268,1.0,0.0,2.554,1,"{'model_name': 'full_history_reference_baseline', 'state_dim': 32, 'seed': 174268, 'num_pairs': 8, 'interleaved_padding': 1}"
memory_capacity,memory_capacity,full_history_reference_baseline,num_pairs,8,182187,1.0,0.0,2.453,1,"{'model_name': 'full_history_reference_baseline', 'state_dim': 32, 'seed': 182187, 'num_pairs': 8, 'interleaved_padding': 1}"
memory_capacity,memory_capacity,full_history_reference_baseline,num_pairs,8,190106,1.0,0.0,2.438,1,"{'model_name': 'full_history_reference_baseline', 'state_dim': 32, 'seed': 190106, 'num_pairs': 8, 'interleaved_padding': 1}"
memory_capacity,memory_capacity,full_history_reference_baseline,num_pairs,8,198025,1.0,0.0,2.407,1,"{'model_name': 'full_history_reference_baseline', 'state_dim': 32, 'seed': 198025, 'num_pairs': 8, 'interleaved_padding': 1}"
memory_capacity,memory_capacity,full_history_reference_baseline,num_pairs,8,205944,1.0,0.0,2.512,1,"{'model_name': 'full_history_reference_baseline', 'state_dim': 32, 'seed': 205944, 'num_pairs': 8, 'interleaved_padding': 1}"
memory_capacity,memory_capacity,full_history_reference_baseline,num_pairs,8,213863,1.0,0.0,2.486,1,"{'model_name': 'full_history_reference_baseline', 'state_dim': 32, 'seed': 213863, 'num_pairs': 8, 'interleaved_padding': 1}"
memory_capacity,memory_capacity,full_history_reference_baseline,num_pairs,8,221782,1.0,0.0,2.405,1,"{'model_name': 'full_history_reference_baseline', 'state_dim': 32, 'seed': 221782, 'num_pairs': 8, 'interleaved_padding': 1}"
memory_capacity,memory_capacity,full_history_reference_baseline,num_pairs,8,229701,1.0,0.0,2.509,1,"{'model_name': 'full_history_reference_baseline', 'state_dim': 32, 'seed': 229701, 'num_pairs': 8, 'interleaved_padding': 1}"
memory_capacity,memory_capacity,full_history_reference_baseline,num_pairs,12,54,1.0,0.0,3.832,1,"{'model_name': 'full_history_reference_baseline', 'state_dim': 32, 'seed': 54, 'num_pairs': 12, 'interleaved_padding': 1}"
memory_capacity,memory_capacity,full_history_reference_baseline,num_pairs,12,7973,1.0,0.0,3.568,1,"{'model_name': 'full_history_reference_baseline', 'state_dim': 32, 'seed': 7973, 'num_pairs': 12, 'interleaved_padding': 1}"
memory_capacity,memory_capacity,full_history_reference_baseline,num_pairs,12,15892,1.0,0.0,3.523,1,"{'model_name': 'full_history_reference_baseline', 'state_dim': 32, 'seed': 15892, 'num_pairs': 12, 'interleaved_padding': 1}"
memory_capacity,memory_capacity,full_history_reference_baseline,num_pairs,12,23811,1.0,0.0,3.473,1,"{'model_name': 'full_history_reference_baseline', 'state_dim': 32, 'seed': 23811, 'num_pairs': 12, 'interleaved_padding': 1}"
memory_capacity,memory_capacity,full_history_reference_baseline,num_pairs,12,31730,1.0,0.0,3.541,1,"{'model_name': 'full_history_reference_baseline', 'state_dim': 32, 'seed': 31730, 'num_pairs': 12, 'interleaved_padding': 1}"
memory_capacity,memory_capacity,full_history_reference_baseline,num_pairs,12,39649,1.0,0.0,3.497,1,"{'model_name': 'full_history_reference_baseline', 'state_dim': 32, 'seed': 39649, 'num_pairs': 12, 'interleaved_padding': 1}"
memory_capacity,memory_capacity,full_history_reference_baseline,num_pairs,12,47568,1.0,0.0,3.496,1,"{'model_name': 'full_history_reference_baseline', 'state_dim': 32, 'seed': 47568, 'num_pairs': 12, 'interleaved_padding': 1}"
memory_capacity,memory_capacity,full_history_reference_baseline,num_pairs,12,55487,1.0,0.0,3.444,1,"{'model_name': 'full_history_reference_baseline', 'state_dim': 32, 'seed': 55487, 'num_pairs': 12, 'interleaved_padding': 1}"
memory_capacity,memory_capacity,full_history_reference_baseline,num_pairs,12,63406,1.0,0.0,4.036,1,"{'model_name': 'full_history_reference_baseline', 'state_dim': 32, 'seed': 63406, 'num_pairs': 12, 'interleaved_padding': 1}"
memory_capacity,memory_capacity,full_history_reference_baseline,num_pairs,12,71325,1.0,0.0,16.566,1,"{'model_name': 'full_history_reference_baseline', 'state_dim': 32, 'seed': 71325, 'num_pairs': 12, 'interleaved_padding': 1}"
memory_capacity,memory_capacity,full_history_reference_baseline,num_pairs,12,79244,1.0,0.0,14.589,1,"{'model_name': 'full_history_reference_baseline', 'state_dim': 32, 'seed': 79244, 'num_pairs': 12, 'interleaved_padding': 1}"
memory_capacity,memory_capacity,full_history_reference_baseline,num_pairs,12,87163,1.0,0.0,15.418,1,"{'model_name': 'full_history_reference_baseline', 'state_dim': 32, 'seed': 87163, 'num_pairs': 12, 'interleaved_padding': 1}"
memory_capacity,memory_capacity,full_history_reference_baseline,num_pairs,12,95082,1.0,0.0,16.544,1,"{'model_name': 'full_history_reference_baseline', 'state_dim': 32, 'seed': 95082, 'num_pairs': 12, 'interleaved_padding': 1}"
memory_capacity,memory_capacity,full_history_reference_baseline,num_pairs,12,103001,1.0,0.0,10.925,1,"{'model_name': 'full_history_reference_baseline', 'state_dim': 32, 'seed': 103001, 'num_pairs': 12, 'interleaved_padding': 1}"
memory_capacity,memory_capacity,full_history_reference_baseline,num_pairs,12,110920,1.0,0.0,2.989,1,"{'model_name': 'full_history_reference_baseline', 'state_dim': 32, 'seed': 110920, 'num_pairs': 12, 'interleaved_padding': 1}"
memory_capacity,memory_capacity,full_history_reference_baseline,num_pairs,12,118839,1.0,0.0,3.507,1,"{'model_name': 'full_history_reference_baseline', 'state_dim': 32, 'seed': 118839, 'num_pairs': 12, 'interleaved_padding': 1}"
memory_capacity,memory_capacity,full_history_reference_baseline,num_pairs,12,126758,1.0,0.0,4.569,1,"{'model_name': 'full_history_reference_baseline', 'state_dim': 32, 'seed': 126758, 'num_pairs': 12, 'interleaved_padding': 1}"
memory_capacity,memory_capacity,full_history_reference_baseline,num_pairs,12,134677,1.0,0.0,4.189,1,"{'model_name': 'full_history_reference_baseline', 'state_dim': 32, 'seed': 134677, 'num_pairs': 12, 'interleaved_padding': 1}"
memory_capacity,memory_capacity,full_history_reference_baseline,num_pairs,12,142596,1.0,0.0,3.602,1,"{'model_name': 'full_history_reference_baseline', 'state_dim': 32, 'seed': 142596, 'num_pairs': 12, 'interleaved_padding': 1}"
memory_capacity,memory_capacity,full_history_reference_baseline,num_pairs,12,150515,1.0,0.0,3.453,1,"{'model_name': 'full_history_reference_baseline', 'state_dim': 32, 'seed': 150515, 'num_pairs': 12, 'interleaved_padding': 1}"
memory_capacity,memory_capacity,full_history_reference_baseline,num_pairs,12,158434,1.0,0.0,3.413,1,"{'model_name': 'full_history_reference_baseline', 'state_dim': 32, 'seed': 158434, 'num_pairs': 12, 'interleaved_padding': 1}"
memory_capacity,memory_capacity,full_history_reference_baseline,num_pairs,12,166353,1.0,0.0,3.448,1,"{'model_name': 'full_history_reference_baseline', 'state_dim': 32, 'seed': 166353, 'num_pairs': 12, 'interleaved_padding': 1}"
memory_capacity,memory_capacity,full_history_reference_baseline,num_pairs,12,174272,1.0,0.0,7.906,1,"{'model_name': 'full_history_reference_baseline', 'state_dim': 32, 'seed': 174272, 'num_pairs': 12, 'interleaved_padding': 1}"
memory_capacity,memory_capacity,full_history_reference_baseline,num_pairs,12,182191,1.0,0.0,17.428,1,"{'model_name': 'full_history_reference_baseline', 'state_dim': 32, 'seed': 182191, 'num_pairs': 12, 'interleaved_padding': 1}"
memory_capacity,memory_capacity,full_history_reference_baseline,num_pairs,12,190110,1.0,0.0,16.388,1,"{'model_name': 'full_history_reference_baseline', 'state_dim': 32, 'seed': 190110, 'num_pairs': 12, 'interleaved_padding': 1}"
memory_capacity,memory_capacity,full_history_reference_baseline,num_pairs,12,198029,1.0,0.0,11.588,1,"{'model_name': 'full_history_reference_baseline', 'state_dim': 32, 'seed': 198029, 'num_pairs': 12, 'interleaved_padding': 1}"
memory_capacity,memory_capacity,full_history_reference_baseline,num_pairs,12,205948,1.0,0.0,2.953,1,"{'model_name': 'full_history_reference_baseline', 'state_dim': 32, 'seed': 205948, 'num_pairs': 12, 'interleaved_padding': 1}"
memory_capacity,memory_capacity,full_history_reference_baseline,num_pairs,12,213867,1.0,0.0,2.817,1,"{'model_name': 'full_history_reference_baseline', 'state_dim': 32, 'seed': 213867, 'num_pairs': 12, 'interleaved_padding': 1}"
memory_capacity,memory_capacity,full_history_reference_baseline,num_pairs,12,221786,1.0,0.0,3.085,1,"{'model_name': 'full_history_reference_baseline', 'state_dim': 32, 'seed': 221786, 'num_pairs': 12, 'interleaved_padding': 1}"
memory_capacity,memory_capacity,full_history_reference_baseline,num_pairs,12,229705,1.0,0.0,2.988,1,"{'model_name': 'full_history_reference_baseline', 'state_dim': 32, 'seed': 229705, 'num_pairs': 12, 'interleaved_padding': 1}"
memory_capacity,memory_capacity,full_history_reference_baseline,num_pairs,16,58,1.0,0.0,23.496,1,"{'model_name': 'full_history_reference_baseline', 'state_dim': 32, 'seed': 58, 'num_pairs': 16, 'interleaved_padding': 1}"
memory_capacity,memory_capacity,full_history_reference_baseline,num_pairs,16,7977,1.0,0.0,20.497,1,"{'model_name': 'full_history_reference_baseline', 'state_dim': 32, 'seed': 7977, 'num_pairs': 16, 'interleaved_padding': 1}"
memory_capacity,memory_capacity,full_history_reference_baseline,num_pairs,16,15896,1.0,0.0,14.973,1,"{'model_name': 'full_history_reference_baseline', 'state_dim': 32, 'seed': 15896, 'num_pairs': 16, 'interleaved_padding': 1}"
memory_capacity,memory_capacity,full_history_reference_baseline,num_pairs,16,23815,1.0,0.0,4.135,1,"{'model_name': 'full_history_reference_baseline', 'state_dim': 32, 'seed': 23815, 'num_pairs': 16, 'interleaved_padding': 1}"
memory_capacity,memory_capacity,full_history_reference_baseline,num_pairs,16,31734,1.0,0.0,3.917,1,"{'model_name': 'full_history_reference_baseline', 'state_dim': 32, 'seed': 31734, 'num_pairs': 16, 'interleaved_padding': 1}"
memory_capacity,memory_capacity,full_history_reference_baseline,num_pairs,16,39653,1.0,0.0,3.493,1,"{'model_name': 'full_history_reference_baseline', 'state_dim': 32, 'seed': 39653, 'num_pairs': 16, 'interleaved_padding': 1}"
memory_capacity,memory_capacity,full_history_reference_baseline,num_pairs,16,47572,1.0,0.0,5.324,1,"{'model_name': 'full_history_reference_baseline', 'state_dim': 32, 'seed': 47572, 'num_pairs': 16, 'interleaved_padding': 1}"
memory_capacity,memory_capacity,full_history_reference_baseline,num_pairs,16,55491,1.0,0.0,4.71,1,"{'model_name': 'full_history_reference_baseline', 'state_dim': 32, 'seed': 55491, 'num_pairs': 16, 'interleaved_padding': 1}"
memory_capacity,memory_capacity,full_history_reference_baseline,num_pairs,16,63410,1.0,0.0,9.759,1,"{'model_name': 'full_history_reference_baseline', 'state_dim': 32, 'seed': 63410, 'num_pairs': 16, 'interleaved_padding': 1}"
memory_capacity,memory_capacity,full_history_reference_baseline,num_pairs,16,71329,1.0,0.0,19.745,1,"{'model_name': 'full_history_reference_baseline', 'state_dim': 32, 'seed': 71329, 'num_pairs': 16, 'interleaved_padding': 1}"
memory_capacity,memory_capacity,full_history_reference_baseline,num_pairs,16,79248,1.0,0.0,19.732,1,"{'model_name': 'full_history_reference_baseline', 'state_dim': 32, 'seed': 79248, 'num_pairs': 16, 'interleaved_padding': 1}"
memory_capacity,memory_capacity,full_history_reference_baseline,num_pairs,16,87167,1.0,0.0,19.444,1,"{'model_name': 'full_history_reference_baseline', 'state_dim': 32, 'seed': 87167, 'num_pairs': 16, 'interleaved_padding': 1}"
memory_capacity,memory_capacity,full_history_reference_baseline,num_pairs,16,95086,1.0,0.0,5.274,1,"{'model_name': 'full_history_reference_baseline', 'state_dim': 32, 'seed': 95086, 'num_pairs': 16, 'interleaved_padding': 1}"
memory_capacity,memory_capacity,full_history_reference_baseline,num_pairs,16,103005,1.0,0.0,4.546,1,"{'model_name': 'full_history_reference_baseline', 'state_dim': 32, 'seed': 103005, 'num_pairs': 16, 'interleaved_padding': 1}"
memory_capacity,memory_capacity,full_history_reference_baseline,num_pairs,16,110924,1.0,0.0,4.871,1,"{'model_name': 'full_history_reference_baseline', 'state_dim': 32, 'seed': 110924, 'num_pairs': 16, 'interleaved_padding': 1}"
memory_capacity,memory_capacity,full_history_reference_baseline,num_pairs,16,118843,1.0,0.0,5.587,1,"{'model_name': 'full_history_reference_baseline', 'state_dim': 32, 'seed': 118843, 'num_pairs': 16, 'interleaved_padding': 1}"
memory_capacity,memory_capacity,full_history_reference_baseline,num_pairs,16,126762,1.0,0.0,4.716,1,"{'model_name': 'full_history_reference_baseline', 'state_dim': 32, 'seed': 126762, 'num_pairs': 16, 'interleaved_padding': 1}"
memory_capacity,memory_capacity,full_history_reference_baseline,num_pairs,16,134681,1.0,0.0,4.762,1,"{'model_name': 'full_history_reference_baseline', 'state_dim': 32, 'seed': 134681, 'num_pairs': 16, 'interleaved_padding': 1}"
memory_capacity,memory_capacity,full_history_reference_baseline,num_pairs,16,142600,1.0,0.0,4.684,1,"{'model_name': 'full_history_reference_baseline', 'state_dim': 32, 'seed': 142600, 'num_pairs': 16, 'interleaved_padding': 1}"
memory_capacity,memory_capacity,full_history_reference_baseline,num_pairs,16,150519,1.0,0.0,4.571,1,"{'model_name': 'full_history_reference_baseline', 'state_dim': 32, 'seed': 150519, 'num_pairs': 16, 'interleaved_padding': 1}"
memory_capacity,memory_capacity,full_history_reference_baseline,num_pairs,16,158438,1.0,0.0,3.604,1,"{'model_name': 'full_history_reference_baseline', 'state_dim': 32, 'seed': 158438, 'num_pairs': 16, 'interleaved_padding': 1}"
memory_capacity,memory_capacity,full_history_reference_baseline,num_pairs,16,166357,1.0,0.0,3.611,1,"{'model_name': 'full_history_reference_baseline', 'state_dim': 32, 'seed': 166357, 'num_pairs': 16, 'interleaved_padding': 1}"
memory_capacity,memory_capacity,full_history_reference_baseline,num_pairs,16,174276,1.0,0.0,3.488,1,"{'model_name': 'full_history_reference_baseline', 'state_dim': 32, 'seed': 174276, 'num_pairs': 16, 'interleaved_padding': 1}"
memory_capacity,memory_capacity,full_history_reference_baseline,num_pairs,16,182195,1.0,0.0,3.469,1,"{'model_name': 'full_history_reference_baseline', 'state_dim': 32, 'seed': 182195, 'num_pairs': 16, 'interleaved_padding': 1}"
memory_capacity,memory_capacity,full_history_reference_baseline,num_pairs,16,190114,1.0,0.0,3.444,1,"{'model_name': 'full_history_reference_baseline', 'state_dim': 32, 'seed': 190114, 'num_pairs': 16, 'interleaved_padding': 1}"
memory_capacity,memory_capacity,full_history_reference_baseline,num_pairs,16,198033,1.0,0.0,3.601,1,"{'model_name': 'full_history_reference_baseline', 'state_dim': 32, 'seed': 198033, 'num_pairs': 16, 'interleaved_padding': 1}"
memory_capacity,memory_capacity,full_history_reference_baseline,num_pairs,16,205952,1.0,0.0,3.718,1,"{'model_name': 'full_history_reference_baseline', 'state_dim': 32, 'seed': 205952, 'num_pairs': 16, 'interleaved_padding': 1}"
memory_capacity,memory_capacity,full_history_reference_baseline,num_pairs,16,213871,1.0,0.0,3.597,1,"{'model_name': 'full_history_reference_baseline', 'state_dim': 32, 'seed': 213871, 'num_pairs': 16, 'interleaved_padding': 1}"
memory_capacity,memory_capacity,full_history_reference_baseline,num_pairs,16,221790,1.0,0.0,3.507,1,"{'model_name': 'full_history_reference_baseline', 'state_dim': 32, 'seed': 221790, 'num_pairs': 16, 'interleaved_padding': 1}"
memory_capacity,memory_capacity,full_history_reference_baseline,num_pairs,16,229709,1.0,0.0,6.062,1,"{'model_name': 'full_history_reference_baseline', 'state_dim': 32, 'seed': 229709, 'num_pairs': 16, 'interleaved_padding': 1}"
memory_capacity,memory_capacity,full_history_reference_baseline,num_pairs,24,66,1.0,0.0,7.903,1,"{'model_name': 'full_history_reference_baseline', 'state_dim': 32, 'seed': 66, 'num_pairs': 24, 'interleaved_padding': 1}"
memory_capacity,memory_capacity,full_history_reference_baseline,num_pairs,24,7985,1.0,0.0,6.461,1,"{'model_name': 'full_history_reference_baseline', 'state_dim': 32, 'seed': 7985, 'num_pairs': 24, 'interleaved_padding': 1}"
memory_capacity,memory_capacity,full_history_reference_baseline,num_pairs,24,15904,1.0,0.0,6.469,1,"{'model_name': 'full_history_reference_baseline', 'state_dim': 32, 'seed': 15904, 'num_pairs': 24, 'interleaved_padding': 1}"
memory_capacity,memory_capacity,full_history_reference_baseline,num_pairs,24,23823,1.0,0.0,20.537,1,"{'model_name': 'full_history_reference_baseline', 'state_dim': 32, 'seed': 23823, 'num_pairs': 24, 'interleaved_padding': 1}"
memory_capacity,memory_capacity,full_history_reference_baseline,num_pairs,24,31742,1.0,0.0,5.668,1,"{'model_name': 'full_history_reference_baseline', 'state_dim': 32, 'seed': 31742, 'num_pairs': 24, 'interleaved_padding': 1}"
memory_capacity,memory_capacity,full_history_reference_baseline,num_pairs,24,39661,1.0,0.0,6.628,1,"{'model_name': 'full_history_reference_baseline', 'state_dim': 32, 'seed': 39661, 'num_pairs': 24, 'interleaved_padding': 1}"
memory_capacity,memory_capacity,full_history_reference_baseline,num_pairs,24,47580,1.0,0.0,6.782,1,"{'model_name': 'full_history_reference_baseline', 'state_dim': 32, 'seed': 47580, 'num_pairs': 24, 'interleaved_padding': 1}"
memory_capacity,memory_capacity,full_history_reference_baseline,num_pairs,24,55499,1.0,0.0,6.923,1,"{'model_name': 'full_history_reference_baseline', 'state_dim': 32, 'seed': 55499, 'num_pairs': 24, 'interleaved_padding': 1}"
memory_capacity,memory_capacity,full_history_reference_baseline,num_pairs,24,63418,1.0,0.0,6.683,1,"{'model_name': 'full_history_reference_baseline', 'state_dim': 32, 'seed': 63418, 'num_pairs': 24, 'interleaved_padding': 1}"
memory_capacity,memory_capacity,full_history_reference_baseline,num_pairs,24,71337,1.0,0.0,6.716,1,"{'model_name': 'full_history_reference_baseline', 'state_dim': 32, 'seed': 71337, 'num_pairs': 24, 'interleaved_padding': 1}"
memory_capacity,memory_capacity,full_history_reference_baseline,num_pairs,24,79256,1.0,0.0,21.803,1,"{'model_name': 'full_history_reference_baseline', 'state_dim': 32, 'seed': 79256, 'num_pairs': 24, 'interleaved_padding': 1}"
memory_capacity,memory_capacity,full_history_reference_baseline,num_pairs,24,87175,1.0,0.0,30.253,1,"{'model_name': 'full_history_reference_baseline', 'state_dim': 32, 'seed': 87175, 'num_pairs': 24, 'interleaved_padding': 1}"
memory_capacity,memory_capacity,full_history_reference_baseline,num_pairs,24,95094,1.0,0.0,29.212,1,"{'model_name': 'full_history_reference_baseline', 'state_dim': 32, 'seed': 95094, 'num_pairs': 24, 'interleaved_padding': 1}"
memory_capacity,memory_capacity,full_history_reference_baseline,num_pairs,24,103013,1.0,0.0,8.965,1,"{'model_name': 'full_history_reference_baseline', 'state_dim': 32, 'seed': 103013, 'num_pairs': 24, 'interleaved_padding': 1}"
memory_capacity,memory_capacity,full_history_reference_baseline,num_pairs,24,110932,1.0,0.0,6.38,1,"{'model_name': 'full_history_reference_baseline', 'state_dim': 32, 'seed': 110932, 'num_pairs': 24, 'interleaved_padding': 1}"
memory_capacity,memory_capacity,full_history_reference_baseline,num_pairs,24,118851,1.0,0.0,5.868,1,"{'model_name': 'full_history_reference_baseline', 'state_dim': 32, 'seed': 118851, 'num_pairs': 24, 'interleaved_padding': 1}"
memory_capacity,memory_capacity,full_history_reference_baseline,num_pairs,24,126770,1.0,0.0,6.442,1,"{'model_name': 'full_history_reference_baseline', 'state_dim': 32, 'seed': 126770, 'num_pairs': 24, 'interleaved_padding': 1}"
memory_capacity,memory_capacity,full_history_reference_baseline,num_pairs,24,134689,1.0,0.0,5.314,1,"{'model_name': 'full_history_reference_baseline', 'state_dim': 32, 'seed': 134689, 'num_pairs': 24, 'interleaved_padding': 1}"
memory_capacity,memory_capacity,full_history_reference_baseline,num_pairs,24,142608,1.0,0.0,5.128,1,"{'model_name': 'full_history_reference_baseline', 'state_dim': 32, 'seed': 142608, 'num_pairs': 24, 'interleaved_padding': 1}"
memory_capacity,memory_capacity,full_history_reference_baseline,num_pairs,24,150527,1.0,0.0,5.779,1,"{'model_name': 'full_history_reference_baseline', 'state_dim': 32, 'seed': 150527, 'num_pairs': 24, 'interleaved_padding': 1}"
memory_capacity,memory_capacity,full_history_reference_baseline,num_pairs,24,158446,1.0,0.0,5.113,1,"{'model_name': 'full_history_reference_baseline', 'state_dim': 32, 'seed': 158446, 'num_pairs': 24, 'interleaved_padding': 1}"
memory_capacity,memory_capacity,full_history_reference_baseline,num_pairs,24,166365,1.0,0.0,4.959,1,"{'model_name': 'full_history_reference_baseline', 'state_dim': 32, 'seed': 166365, 'num_pairs': 24, 'interleaved_padding': 1}"
memory_capacity,memory_capacity,full_history_reference_baseline,num_pairs,24,174284,1.0,0.0,5.172,1,"{'model_name': 'full_history_reference_baseline', 'state_dim': 32, 'seed': 174284, 'num_pairs': 24, 'interleaved_padding': 1}"
memory_capacity,memory_capacity,full_history_reference_baseline,num_pairs,24,182203,1.0,0.0,5.07,1,"{'model_name': 'full_history_reference_baseline', 'state_dim': 32, 'seed': 182203, 'num_pairs': 24, 'interleaved_padding': 1}"
memory_capacity,memory_capacity,full_history_reference_baseline,num_pairs,24,190122,1.0,0.0,5.146,1,"{'model_name': 'full_history_reference_baseline', 'state_dim': 32, 'seed': 190122, 'num_pairs': 24, 'interleaved_padding': 1}"
memory_capacity,memory_capacity,full_history_reference_baseline,num_pairs,24,198041,1.0,0.0,5.01,1,"{'model_name': 'full_history_reference_baseline', 'state_dim': 32, 'seed': 198041, 'num_pairs': 24, 'interleaved_padding': 1}"
memory_capacity,memory_capacity,full_history_reference_baseline,num_pairs,24,205960,1.0,0.0,5.015,1,"{'model_name': 'full_history_reference_baseline', 'state_dim': 32, 'seed': 205960, 'num_pairs': 24, 'interleaved_padding': 1}"
memory_capacity,memory_capacity,full_history_reference_baseline,num_pairs,24,213879,1.0,0.0,5.16,1,"{'model_name': 'full_history_reference_baseline', 'state_dim': 32, 'seed': 213879, 'num_pairs': 24, 'interleaved_padding': 1}"
memory_capacity,memory_capacity,full_history_reference_baseline,num_pairs,24,221798,1.0,0.0,5.014,1,"{'model_name': 'full_history_reference_baseline', 'state_dim': 32, 'seed': 221798, 'num_pairs': 24, 'interleaved_padding': 1}"
memory_capacity,memory_capacity,full_history_reference_baseline,num_pairs,24,229717,1.0,0.0,4.938,1,"{'model_name': 'full_history_reference_baseline', 'state_dim': 32, 'seed': 229717, 'num_pairs': 24, 'interleaved_padding': 1}"
memory_capacity,memory_capacity,full_history_reference_baseline,num_pairs,32,74,1.0,0.0,9.125,1,"{'model_name': 'full_history_reference_baseline', 'state_dim': 32, 'seed': 74, 'num_pairs': 32, 'interleaved_padding': 1}"
memory_capacity,memory_capacity,full_history_reference_baseline,num_pairs,32,7993,1.0,0.0,9.325,1,"{'model_name': 'full_history_reference_baseline', 'state_dim': 32, 'seed': 7993, 'num_pairs': 32, 'interleaved_padding': 1}"
memory_capacity,memory_capacity,full_history_reference_baseline,num_pairs,32,15912,1.0,0.0,17.713,1,"{'model_name': 'full_history_reference_baseline', 'state_dim': 32, 'seed': 15912, 'num_pairs': 32, 'interleaved_padding': 1}"
memory_capacity,memory_capacity,full_history_reference_baseline,num_pairs,32,23831,1.0,0.0,31.406,1,"{'model_name': 'full_history_reference_baseline', 'state_dim': 32, 'seed': 23831, 'num_pairs': 32, 'interleaved_padding': 1}"
memory_capacity,memory_capacity,full_history_reference_baseline,num_pairs,32,31750,1.0,0.0,7.764,1,"{'model_name': 'full_history_reference_baseline', 'state_dim': 32, 'seed': 31750, 'num_pairs': 32, 'interleaved_padding': 1}"
memory_capacity,memory_capacity,full_history_reference_baseline,num_pairs,32,39669,1.0,0.0,9.484,1,"{'model_name': 'full_history_reference_baseline', 'state_dim': 32, 'seed': 39669, 'num_pairs': 32, 'interleaved_padding': 1}"
memory_capacity,memory_capacity,full_history_reference_baseline,num_pairs,32,47588,1.0,0.0,9.255,1,"{'model_name': 'full_history_reference_baseline', 'state_dim': 32, 'seed': 47588, 'num_pairs': 32, 'interleaved_padding': 1}"
memory_capacity,memory_capacity,full_history_reference_baseline,num_pairs,32,55507,1.0,0.0,9.117,1,"{'model_name': 'full_history_reference_baseline', 'state_dim': 32, 'seed': 55507, 'num_pairs': 32, 'interleaved_padding': 1}"
memory_capacity,memory_capacity,full_history_reference_baseline,num_pairs,32,63426,1.0,0.0,9.08,1,"{'model_name': 'full_history_reference_baseline', 'state_dim': 32, 'seed': 63426, 'num_pairs': 32, 'interleaved_padding': 1}"
memory_capacity,memory_capacity,full_history_reference_baseline,num_pairs,32,71345,1.0,0.0,28.893,1,"{'model_name': 'full_history_reference_baseline', 'state_dim': 32, 'seed': 71345, 'num_pairs': 32, 'interleaved_padding': 1}"
memory_capacity,memory_capacity,full_history_reference_baseline,num_pairs,32,79264,1.0,0.0,37.851,1,"{'model_name': 'full_history_reference_baseline', 'state_dim': 32, 'seed': 79264, 'num_pairs': 32, 'interleaved_padding': 1}"
memory_capacity,memory_capacity,full_history_reference_baseline,num_pairs,32,87183,1.0,0.0,15.088,1,"{'model_name': 'full_history_reference_baseline', 'state_dim': 32, 'seed': 87183, 'num_pairs': 32, 'interleaved_padding': 1}"
memory_capacity,memory_capacity,full_history_reference_baseline,num_pairs,32,95102,1.0,0.0,6.602,1,"{'model_name': 'full_history_reference_baseline', 'state_dim': 32, 'seed': 95102, 'num_pairs': 32, 'interleaved_padding': 1}"
memory_capacity,memory_capacity,full_history_reference_baseline,num_pairs,32,103021,1.0,0.0,6.503,1,"{'model_name': 'full_history_reference_baseline', 'state_dim': 32, 'seed': 103021, 'num_pairs': 32, 'interleaved_padding': 1}"
memory_capacity,memory_capacity,full_history_reference_baseline,num_pairs,32,110940,1.0,0.0,6.685,1,"{'model_name': 'full_history_reference_baseline', 'state_dim': 32, 'seed': 110940, 'num_pairs': 32, 'interleaved_padding': 1}"
memory_capacity,memory_capacity,full_history_reference_baseline,num_pairs,32,118859,1.0,0.0,8.108,1,"{'model_name': 'full_history_reference_baseline', 'state_dim': 32, 'seed': 118859, 'num_pairs': 32, 'interleaved_padding': 1}"
memory_capacity,memory_capacity,full_history_reference_baseline,num_pairs,32,126778,1.0,0.0,8.03,1,"{'model_name': 'full_history_reference_baseline', 'state_dim': 32, 'seed': 126778, 'num_pairs': 32, 'interleaved_padding': 1}"
memory_capacity,memory_capacity,full_history_reference_baseline,num_pairs,32,134697,1.0,0.0,8.563,1,"{'model_name': 'full_history_reference_baseline', 'state_dim': 32, 'seed': 134697, 'num_pairs': 32, 'interleaved_padding': 1}"
memory_capacity,memory_capacity,full_history_reference_baseline,num_pairs,32,142616,1.0,0.0,8.32,1,"{'model_name': 'full_history_reference_baseline', 'state_dim': 32, 'seed': 142616, 'num_pairs': 32, 'interleaved_padding': 1}"
memory_capacity,memory_capacity,full_history_reference_baseline,num_pairs,32,150535,1.0,0.0,7.291,1,"{'model_name': 'full_history_reference_baseline', 'state_dim': 32, 'seed': 150535, 'num_pairs': 32, 'interleaved_padding': 1}"
memory_capacity,memory_capacity,full_history_reference_baseline,num_pairs,32,158454,1.0,0.0,7.066,1,"{'model_name': 'full_history_reference_baseline', 'state_dim': 32, 'seed': 158454, 'num_pairs': 32, 'interleaved_padding': 1}"
memory_capacity,memory_capacity,full_history_reference_baseline,num_pairs,32,166373,1.0,0.0,6.973,1,"{'model_name': 'full_history_reference_baseline', 'state_dim': 32, 'seed': 166373, 'num_pairs': 32, 'interleaved_padding': 1}"
memory_capacity,memory_capacity,full_history_reference_baseline,num_pairs,32,174292,1.0,0.0,6.844,1,"{'model_name': 'full_history_reference_baseline', 'state_dim': 32, 'seed': 174292, 'num_pairs': 32, 'interleaved_padding': 1}"
memory_capacity,memory_capacity,full_history_reference_baseline,num_pairs,32,182211,1.0,0.0,6.162,1,"{'model_name': 'full_history_reference_baseline', 'state_dim': 32, 'seed': 182211, 'num_pairs': 32, 'interleaved_padding': 1}"
memory_capacity,memory_capacity,full_history_reference_baseline,num_pairs,32,190130,1.0,0.0,6.055,1,"{'model_name': 'full_history_reference_baseline', 'state_dim': 32, 'seed': 190130, 'num_pairs': 32, 'interleaved_padding': 1}"
memory_capacity,memory_capacity,full_history_reference_baseline,num_pairs,32,198049,1.0,0.0,6.883,1,"{'model_name': 'full_history_reference_baseline', 'state_dim': 32, 'seed': 198049, 'num_pairs': 32, 'interleaved_padding': 1}"
memory_capacity,memory_capacity,full_history_reference_baseline,num_pairs,32,205968,1.0,0.0,7.027,1,"{'model_name': 'full_history_reference_baseline', 'state_dim': 32, 'seed': 205968, 'num_pairs': 32, 'interleaved_padding': 1}"
memory_capacity,memory_capacity,full_history_reference_baseline,num_pairs,32,213887,1.0,0.0,6.938,1,"{'model_name': 'full_history_reference_baseline', 'state_dim': 32, 'seed': 213887, 'num_pairs': 32, 'interleaved_padding': 1}"
memory_capacity,memory_capacity,full_history_reference_baseline,num_pairs,32,221806,1.0,0.0,7.051,1,"{'model_name': 'full_history_reference_baseline', 'state_dim': 32, 'seed': 221806, 'num_pairs': 32, 'interleaved_padding': 1}"
memory_capacity,memory_capacity,full_history_reference_baseline,num_pairs,32,229725,1.0,0.0,6.445,1,"{'model_name': 'full_history_reference_baseline', 'state_dim': 32, 'seed': 229725, 'num_pairs': 32, 'interleaved_padding': 1}"
memory_capacity,memory_capacity,fixed_size_recurrent_memory,num_pairs,1,43,0.0,1.0,1.023,1,"{'model_name': 'fixed_size_recurrent_memory', 'state_dim': 32, 'seed': 43, 'num_pairs': 1, 'interleaved_padding': 1}"
memory_capacity,memory_capacity,fixed_size_recurrent_memory,num_pairs,1,7962,1.0,0.0,0.696,1,"{'model_name': 'fixed_size_recurrent_memory', 'state_dim': 32, 'seed': 7962, 'num_pairs': 1, 'interleaved_padding': 1}"
memory_capacity,memory_capacity,fixed_size_recurrent_memory,num_pairs,1,15881,1.0,0.0,1.243,1,"{'model_name': 'fixed_size_recurrent_memory', 'state_dim': 32, 'seed': 15881, 'num_pairs': 1, 'interleaved_padding': 1}"
memory_capacity,memory_capacity,fixed_size_recurrent_memory,num_pairs,1,23800,1.0,0.0,1.095,1,"{'model_name': 'fixed_size_recurrent_memory', 'state_dim': 32, 'seed': 23800, 'num_pairs': 1, 'interleaved_padding': 1}"
memory_capacity,memory_capacity,fixed_size_recurrent_memory,num_pairs,1,31719,1.0,0.0,1.162,1,"{'model_name': 'fixed_size_recurrent_memory', 'state_dim': 32, 'seed': 31719, 'num_pairs': 1, 'interleaved_padding': 1}"
memory_capacity,memory_capacity,fixed_size_recurrent_memory,num_pairs,1,39638,1.0,0.0,0.945,1,"{'model_name': 'fixed_size_recurrent_memory', 'state_dim': 32, 'seed': 39638, 'num_pairs': 1, 'interleaved_padding': 1}"
memory_capacity,memory_capacity,fixed_size_recurrent_memory,num_pairs,1,47557,1.0,0.0,0.709,1,"{'model_name': 'fixed_size_recurrent_memory', 'state_dim': 32, 'seed': 47557, 'num_pairs': 1, 'interleaved_padding': 1}"
memory_capacity,memory_capacity,fixed_size_recurrent_memory,num_pairs,1,55476,0.0,1.0,0.636,1,"{'model_name': 'fixed_size_recurrent_memory', 'state_dim': 32, 'seed': 55476, 'num_pairs': 1, 'interleaved_padding': 1}"
memory_capacity,memory_capacity,fixed_size_recurrent_memory,num_pairs,1,63395,1.0,0.0,0.648,1,"{'model_name': 'fixed_size_recurrent_memory', 'state_dim': 32, 'seed': 63395, 'num_pairs': 1, 'interleaved_padding': 1}"
memory_capacity,memory_capacity,fixed_size_recurrent_memory,num_pairs,1,71314,1.0,0.0,0.666,1,"{'model_name': 'fixed_size_recurrent_memory', 'state_dim': 32, 'seed': 71314, 'num_pairs': 1, 'interleaved_padding': 1}"
memory_capacity,memory_capacity,fixed_size_recurrent_memory,num_pairs,1,79233,1.0,0.0,0.632,1,"{'model_name': 'fixed_size_recurrent_memory', 'state_dim': 32, 'seed': 79233, 'num_pairs': 1, 'interleaved_padding': 1}"
memory_capacity,memory_capacity,fixed_size_recurrent_memory,num_pairs,1,87152,1.0,0.0,0.599,1,"{'model_name': 'fixed_size_recurrent_memory', 'state_dim': 32, 'seed': 87152, 'num_pairs': 1, 'interleaved_padding': 1}"
memory_capacity,memory_capacity,fixed_size_recurrent_memory,num_pairs,1,95071,0.0,1.0,0.634,1,"{'model_name': 'fixed_size_recurrent_memory', 'state_dim': 32, 'seed': 95071, 'num_pairs': 1, 'interleaved_padding': 1}"
memory_capacity,memory_capacity,fixed_size_recurrent_memory,num_pairs,1,102990,1.0,0.0,0.618,1,"{'model_name': 'fixed_size_recurrent_memory', 'state_dim': 32, 'seed': 102990, 'num_pairs': 1, 'interleaved_padding': 1}"
memory_capacity,memory_capacity,fixed_size_recurrent_memory,num_pairs,1,110909,1.0,0.0,0.715,1,"{'model_name': 'fixed_size_recurrent_memory', 'state_dim': 32, 'seed': 110909, 'num_pairs': 1, 'interleaved_padding': 1}"
memory_capacity,memory_capacity,fixed_size_recurrent_memory,num_pairs,1,118828,1.0,0.0,0.871,1,"{'model_name': 'fixed_size_recurrent_memory', 'state_dim': 32, 'seed': 118828, 'num_pairs': 1, 'interleaved_padding': 1}"
memory_capacity,memory_capacity,fixed_size_recurrent_memory,num_pairs,1,126747,0.0,1.0,0.852,1,"{'model_name': 'fixed_size_recurrent_memory', 'state_dim': 32, 'seed': 126747, 'num_pairs': 1, 'interleaved_padding': 1}"
memory_capacity,memory_capacity,fixed_size_recurrent_memory,num_pairs,1,134666,1.0,0.0,0.81,1,"{'model_name': 'fixed_size_recurrent_memory', 'state_dim': 32, 'seed': 134666, 'num_pairs': 1, 'interleaved_padding': 1}"
memory_capacity,memory_capacity,fixed_size_recurrent_memory,num_pairs,1,142585,1.0,0.0,0.918,1,"{'model_name': 'fixed_size_recurrent_memory', 'state_dim': 32, 'seed': 142585, 'num_pairs': 1, 'interleaved_padding': 1}"
memory_capacity,memory_capacity,fixed_size_recurrent_memory,num_pairs,1,150504,1.0,0.0,0.861,1,"{'model_name': 'fixed_size_recurrent_memory', 'state_dim': 32, 'seed': 150504, 'num_pairs': 1, 'interleaved_padding': 1}"
memory_capacity,memory_capacity,fixed_size_recurrent_memory,num_pairs,1,158423,1.0,0.0,0.814,1,"{'model_name': 'fixed_size_recurrent_memory', 'state_dim': 32, 'seed': 158423, 'num_pairs': 1, 'interleaved_padding': 1}"
memory_capacity,memory_capacity,fixed_size_recurrent_memory,num_pairs,1,166342,1.0,0.0,0.854,1,"{'model_name': 'fixed_size_recurrent_memory', 'state_dim': 32, 'seed': 166342, 'num_pairs': 1, 'interleaved_padding': 1}"
memory_capacity,memory_capacity,fixed_size_recurrent_memory,num_pairs,1,174261,1.0,0.0,0.781,1,"{'model_name': 'fixed_size_recurrent_memory', 'state_dim': 32, 'seed': 174261, 'num_pairs': 1, 'interleaved_padding': 1}"
memory_capacity,memory_capacity,fixed_size_recurrent_memory,num_pairs,1,182180,1.0,0.0,0.901,1,"{'model_name': 'fixed_size_recurrent_memory', 'state_dim': 32, 'seed': 182180, 'num_pairs': 1, 'interleaved_padding': 1}"
memory_capacity,memory_capacity,fixed_size_recurrent_memory,num_pairs,1,190099,0.0,1.0,0.752,1,"{'model_name': 'fixed_size_recurrent_memory', 'state_dim': 32, 'seed': 190099, 'num_pairs': 1, 'interleaved_padding': 1}"
memory_capacity,memory_capacity,fixed_size_recurrent_memory,num_pairs,1,198018,1.0,0.0,0.805,1,"{'model_name': 'fixed_size_recurrent_memory', 'state_dim': 32, 'seed': 198018, 'num_pairs': 1, 'interleaved_padding': 1}"
memory_capacity,memory_capacity,fixed_size_recurrent_memory,num_pairs,1,205937,0.0,1.0,0.774,1,"{'model_name': 'fixed_size_recurrent_memory', 'state_dim': 32, 'seed': 205937, 'num_pairs': 1, 'interleaved_padding': 1}"
memory_capacity,memory_capacity,fixed_size_recurrent_memory,num_pairs,1,213856,1.0,0.0,0.823,1,"{'model_name': 'fixed_size_recurrent_memory', 'state_dim': 32, 'seed': 213856, 'num_pairs': 1, 'interleaved_padding': 1}"
memory_capacity,memory_capacity,fixed_size_recurrent_memory,num_pairs,1,221775,0.0,1.0,0.813,1,"{'model_name': 'fixed_size_recurrent_memory', 'state_dim': 32, 'seed': 221775, 'num_pairs': 1, 'interleaved_padding': 1}"
memory_capacity,memory_capacity,fixed_size_recurrent_memory,num_pairs,1,229694,0.0,1.0,0.751,1,"{'model_name': 'fixed_size_recurrent_memory', 'state_dim': 32, 'seed': 229694, 'num_pairs': 1, 'interleaved_padding': 1}"
memory_capacity,memory_capacity,fixed_size_recurrent_memory,num_pairs,2,44,0.0,1.0,1.277,1,"{'model_name': 'fixed_size_recurrent_memory', 'state_dim': 32, 'seed': 44, 'num_pairs': 2, 'interleaved_padding': 1}"
memory_capacity,memory_capacity,fixed_size_recurrent_memory,num_pairs,2,7963,0.0,1.0,0.951,1,"{'model_name': 'fixed_size_recurrent_memory', 'state_dim': 32, 'seed': 7963, 'num_pairs': 2, 'interleaved_padding': 1}"
memory_capacity,memory_capacity,fixed_size_recurrent_memory,num_pairs,2,15882,1.0,0.0,0.854,1,"{'model_name': 'fixed_size_recurrent_memory', 'state_dim': 32, 'seed': 15882, 'num_pairs': 2, 'interleaved_padding': 1}"
memory_capacity,memory_capacity,fixed_size_recurrent_memory,num_pairs,2,23801,1.0,0.0,0.933,1,"{'model_name': 'fixed_size_recurrent_memory', 'state_dim': 32, 'seed': 23801, 'num_pairs': 2, 'interleaved_padding': 1}"
memory_capacity,memory_capacity,fixed_size_recurrent_memory,num_pairs,2,31720,0.0,1.0,1.056,1,"{'model_name': 'fixed_size_recurrent_memory', 'state_dim': 32, 'seed': 31720, 'num_pairs': 2, 'interleaved_padding': 1}"
memory_capacity,memory_capacity,fixed_size_recurrent_memory,num_pairs,2,39639,1.0,0.0,1.098,1,"{'model_name': 'fixed_size_recurrent_memory', 'state_dim': 32, 'seed': 39639, 'num_pairs': 2, 'interleaved_padding': 1}"
memory_capacity,memory_capacity,fixed_size_recurrent_memory,num_pairs,2,47558,0.0,1.0,1.068,1,"{'model_name': 'fixed_size_recurrent_memory', 'state_dim': 32, 'seed': 47558, 'num_pairs': 2, 'interleaved_padding': 1}"
memory_capacity,memory_capacity,fixed_size_recurrent_memory,num_pairs,2,55477,0.0,1.0,1.131,1,"{'model_name': 'fixed_size_recurrent_memory', 'state_dim': 32, 'seed': 55477, 'num_pairs': 2, 'interleaved_padding': 1}"
memory_capacity,memory_capacity,fixed_size_recurrent_memory,num_pairs,2,63396,0.0,1.0,1.104,1,"{'model_name': 'fixed_size_recurrent_memory', 'state_dim': 32, 'seed': 63396, 'num_pairs': 2, 'interleaved_padding': 1}"
memory_capacity,memory_capacity,fixed_size_recurrent_memory,num_pairs,2,71315,0.0,1.0,1.03,1,"{'model_name': 'fixed_size_recurrent_memory', 'state_dim': 32, 'seed': 71315, 'num_pairs': 2, 'interleaved_padding': 1}"
memory_capacity,memory_capacity,fixed_size_recurrent_memory,num_pairs,2,79234,0.0,1.0,1.143,1,"{'model_name': 'fixed_size_recurrent_memory', 'state_dim': 32, 'seed': 79234, 'num_pairs': 2, 'interleaved_padding': 1}"
memory_capacity,memory_capacity,fixed_size_recurrent_memory,num_pairs,2,87153,0.0,1.0,1.033,1,"{'model_name': 'fixed_size_recurrent_memory', 'state_dim': 32, 'seed': 87153, 'num_pairs': 2, 'interleaved_padding': 1}"
memory_capacity,memory_capacity,fixed_size_recurrent_memory,num_pairs,2,95072,0.0,1.0,1.112,1,"{'model_name': 'fixed_size_recurrent_memory', 'state_dim': 32, 'seed': 95072, 'num_pairs': 2, 'interleaved_padding': 1}"
memory_capacity,memory_capacity,fixed_size_recurrent_memory,num_pairs,2,102991,1.0,0.0,1.045,1,"{'model_name': 'fixed_size_recurrent_memory', 'state_dim': 32, 'seed': 102991, 'num_pairs': 2, 'interleaved_padding': 1}"
memory_capacity,memory_capacity,fixed_size_recurrent_memory,num_pairs,2,110910,0.0,1.0,1.06,1,"{'model_name': 'fixed_size_recurrent_memory', 'state_dim': 32, 'seed': 110910, 'num_pairs': 2, 'interleaved_padding': 1}"
memory_capacity,memory_capacity,fixed_size_recurrent_memory,num_pairs,2,118829,1.0,0.0,1.074,1,"{'model_name': 'fixed_size_recurrent_memory', 'state_dim': 32, 'seed': 118829, 'num_pairs': 2, 'interleaved_padding': 1}"
memory_capacity,memory_capacity,fixed_size_recurrent_memory,num_pairs,2,126748,0.0,1.0,1.009,1,"{'model_name': 'fixed_size_recurrent_memory', 'state_dim': 32, 'seed': 126748, 'num_pairs': 2, 'interleaved_padding': 1}"
memory_capacity,memory_capacity,fixed_size_recurrent_memory,num_pairs,2,134667,1.0,0.0,1.098,1,"{'model_name': 'fixed_size_recurrent_memory', 'state_dim': 32, 'seed': 134667, 'num_pairs': 2, 'interleaved_padding': 1}"
memory_capacity,memory_capacity,fixed_size_recurrent_memory,num_pairs,2,142586,1.0,0.0,1.033,1,"{'model_name': 'fixed_size_recurrent_memory', 'state_dim': 32, 'seed': 142586, 'num_pairs': 2, 'interleaved_padding': 1}"
memory_capacity,memory_capacity,fixed_size_recurrent_memory,num_pairs,2,150505,1.0,0.0,1.058,1,"{'model_name': 'fixed_size_recurrent_memory', 'state_dim': 32, 'seed': 150505, 'num_pairs': 2, 'interleaved_padding': 1}"
memory_capacity,memory_capacity,fixed_size_recurrent_memory,num_pairs,2,158424,0.0,1.0,1.151,1,"{'model_name': 'fixed_size_recurrent_memory', 'state_dim': 32, 'seed': 158424, 'num_pairs': 2, 'interleaved_padding': 1}"
memory_capacity,memory_capacity,fixed_size_recurrent_memory,num_pairs,2,166343,0.0,1.0,1.055,1,"{'model_name': 'fixed_size_recurrent_memory', 'state_dim': 32, 'seed': 166343, 'num_pairs': 2, 'interleaved_padding': 1}"
memory_capacity,memory_capacity,fixed_size_recurrent_memory,num_pairs,2,174262,0.0,1.0,1.13,1,"{'model_name': 'fixed_size_recurrent_memory', 'state_dim': 32, 'seed': 174262, 'num_pairs': 2, 'interleaved_padding': 1}"
memory_capacity,memory_capacity,fixed_size_recurrent_memory,num_pairs,2,182181,0.0,1.0,1.045,1,"{'model_name': 'fixed_size_recurrent_memory', 'state_dim': 32, 'seed': 182181, 'num_pairs': 2, 'interleaved_padding': 1}"
memory_capacity,memory_capacity,fixed_size_recurrent_memory,num_pairs,2,190100,0.0,1.0,1.112,1,"{'model_name': 'fixed_size_recurrent_memory', 'state_dim': 32, 'seed': 190100, 'num_pairs': 2, 'interleaved_padding': 1}"
memory_capacity,memory_capacity,fixed_size_recurrent_memory,num_pairs,2,198019,0.0,1.0,1.085,1,"{'model_name': 'fixed_size_recurrent_memory', 'state_dim': 32, 'seed': 198019, 'num_pairs': 2, 'interleaved_padding': 1}"
memory_capacity,memory_capacity,fixed_size_recurrent_memory,num_pairs,2,205938,0.0,1.0,1.105,1,"{'model_name': 'fixed_size_recurrent_memory', 'state_dim': 32, 'seed': 205938, 'num_pairs': 2, 'interleaved_padding': 1}"
memory_capacity,memory_capacity,fixed_size_recurrent_memory,num_pairs,2,213857,0.0,1.0,1.113,1,"{'model_name': 'fixed_size_recurrent_memory', 'state_dim': 32, 'seed': 213857, 'num_pairs': 2, 'interleaved_padding': 1}"
memory_capacity,memory_capacity,fixed_size_recurrent_memory,num_pairs,2,221776,0.0,1.0,1.043,1,"{'model_name': 'fixed_size_recurrent_memory', 'state_dim': 32, 'seed': 221776, 'num_pairs': 2, 'interleaved_padding': 1}"
memory_capacity,memory_capacity,fixed_size_recurrent_memory,num_pairs,2,229695,1.0,0.0,1.065,1,"{'model_name': 'fixed_size_recurrent_memory', 'state_dim': 32, 'seed': 229695, 'num_pairs': 2, 'interleaved_padding': 1}"
memory_capacity,memory_capacity,fixed_size_recurrent_memory,num_pairs,4,46,0.0,1.0,2.103,1,"{'model_name': 'fixed_size_recurrent_memory', 'state_dim': 32, 'seed': 46, 'num_pairs': 4, 'interleaved_padding': 1}"
memory_capacity,memory_capacity,fixed_size_recurrent_memory,num_pairs,4,7965,0.0,1.0,1.808,1,"{'model_name': 'fixed_size_recurrent_memory', 'state_dim': 32, 'seed': 7965, 'num_pairs': 4, 'interleaved_padding': 1}"
memory_capacity,memory_capacity,fixed_size_recurrent_memory,num_pairs,4,15884,0.0,1.0,1.76,1,"{'model_name': 'fixed_size_recurrent_memory', 'state_dim': 32, 'seed': 15884, 'num_pairs': 4, 'interleaved_padding': 1}"
memory_capacity,memory_capacity,fixed_size_recurrent_memory,num_pairs,4,23803,0.0,1.0,1.83,1,"{'model_name': 'fixed_size_recurrent_memory', 'state_dim': 32, 'seed': 23803, 'num_pairs': 4, 'interleaved_padding': 1}"
memory_capacity,memory_capacity,fixed_size_recurrent_memory,num_pairs,4,31722,0.0,1.0,2.261,1,"{'model_name': 'fixed_size_recurrent_memory', 'state_dim': 32, 'seed': 31722, 'num_pairs': 4, 'interleaved_padding': 1}"
memory_capacity,memory_capacity,fixed_size_recurrent_memory,num_pairs,4,39641,0.0,1.0,7.119,1,"{'model_name': 'fixed_size_recurrent_memory', 'state_dim': 32, 'seed': 39641, 'num_pairs': 4, 'interleaved_padding': 1}"
memory_capacity,memory_capacity,fixed_size_recurrent_memory,num_pairs,4,47560,0.0,1.0,6.912,1,"{'model_name': 'fixed_size_recurrent_memory', 'state_dim': 32, 'seed': 47560, 'num_pairs': 4, 'interleaved_padding': 1}"
memory_capacity,memory_capacity,fixed_size_recurrent_memory,num_pairs,4,55479,0.0,1.0,7.164,1,"{'model_name': 'fixed_size_recurrent_memory', 'state_dim': 32, 'seed': 55479, 'num_pairs': 4, 'interleaved_padding': 1}"
memory_capacity,memory_capacity,fixed_size_recurrent_memory,num_pairs,4,63398,0.0,1.0,7.263,1,"{'model_name': 'fixed_size_recurrent_memory', 'state_dim': 32, 'seed': 63398, 'num_pairs': 4, 'interleaved_padding': 1}"
memory_capacity,memory_capacity,fixed_size_recurrent_memory,num_pairs,4,71317,0.0,1.0,7.122,1,"{'model_name': 'fixed_size_recurrent_memory', 'state_dim': 32, 'seed': 71317, 'num_pairs': 4, 'interleaved_padding': 1}"
memory_capacity,memory_capacity,fixed_size_recurrent_memory,num_pairs,4,79236,0.0,1.0,7.176,1,"{'model_name': 'fixed_size_recurrent_memory', 'state_dim': 32, 'seed': 79236, 'num_pairs': 4, 'interleaved_padding': 1}"
memory_capacity,memory_capacity,fixed_size_recurrent_memory,num_pairs,4,87155,1.0,0.0,7.701,1,"{'model_name': 'fixed_size_recurrent_memory', 'state_dim': 32, 'seed': 87155, 'num_pairs': 4, 'interleaved_padding': 1}"
memory_capacity,memory_capacity,fixed_size_recurrent_memory,num_pairs,4,95074,0.0,1.0,7.407,1,"{'model_name': 'fixed_size_recurrent_memory', 'state_dim': 32, 'seed': 95074, 'num_pairs': 4, 'interleaved_padding': 1}"
memory_capacity,memory_capacity,fixed_size_recurrent_memory,num_pairs,4,102993,0.0,1.0,2.276,1,"{'model_name': 'fixed_size_recurrent_memory', 'state_dim': 32, 'seed': 102993, 'num_pairs': 4, 'interleaved_padding': 1}"
memory_capacity,memory_capacity,fixed_size_recurrent_memory,num_pairs,4,110912,0.0,1.0,3.068,1,"{'model_name': 'fixed_size_recurrent_memory', 'state_dim': 32, 'seed': 110912, 'num_pairs': 4, 'interleaved_padding': 1}"
memory_capacity,memory_capacity,fixed_size_recurrent_memory,num_pairs,4,118831,0.0,1.0,1.992,1,"{'model_name': 'fixed_size_recurrent_memory', 'state_dim': 32, 'seed': 118831, 'num_pairs': 4, 'interleaved_padding': 1}"
memory_capacity,memory_capacity,fixed_size_recurrent_memory,num_pairs,4,126750,0.0,1.0,1.881,1,"{'model_name': 'fixed_size_recurrent_memory', 'state_dim': 32, 'seed': 126750, 'num_pairs': 4, 'interleaved_padding': 1}"
memory_capacity,memory_capacity,fixed_size_recurrent_memory,num_pairs,4,134669,0.0,1.0,1.84,1,"{'model_name': 'fixed_size_recurrent_memory', 'state_dim': 32, 'seed': 134669, 'num_pairs': 4, 'interleaved_padding': 1}"
memory_capacity,memory_capacity,fixed_size_recurrent_memory,num_pairs,4,142588,0.0,1.0,1.806,1,"{'model_name': 'fixed_size_recurrent_memory', 'state_dim': 32, 'seed': 142588, 'num_pairs': 4, 'interleaved_padding': 1}"
memory_capacity,memory_capacity,fixed_size_recurrent_memory,num_pairs,4,150507,0.0,1.0,1.834,1,"{'model_name': 'fixed_size_recurrent_memory', 'state_dim': 32, 'seed': 150507, 'num_pairs': 4, 'interleaved_padding': 1}"
memory_capacity,memory_capacity,fixed_size_recurrent_memory,num_pairs,4,158426,0.0,1.0,1.94,1,"{'model_name': 'fixed_size_recurrent_memory', 'state_dim': 32, 'seed': 158426, 'num_pairs': 4, 'interleaved_padding': 1}"
memory_capacity,memory_capacity,fixed_size_recurrent_memory,num_pairs,4,166345,0.0,1.0,1.86,1,"{'model_name': 'fixed_size_recurrent_memory', 'state_dim': 32, 'seed': 166345, 'num_pairs': 4, 'interleaved_padding': 1}"
memory_capacity,memory_capacity,fixed_size_recurrent_memory,num_pairs,4,174264,0.0,1.0,1.809,1,"{'model_name': 'fixed_size_recurrent_memory', 'state_dim': 32, 'seed': 174264, 'num_pairs': 4, 'interleaved_padding': 1}"
memory_capacity,memory_capacity,fixed_size_recurrent_memory,num_pairs,4,182183,0.0,1.0,1.783,1,"{'model_name': 'fixed_size_recurrent_memory', 'state_dim': 32, 'seed': 182183, 'num_pairs': 4, 'interleaved_padding': 1}"
memory_capacity,memory_capacity,fixed_size_recurrent_memory,num_pairs,4,190102,0.0,1.0,1.852,1,"{'model_name': 'fixed_size_recurrent_memory', 'state_dim': 32, 'seed': 190102, 'num_pairs': 4, 'interleaved_padding': 1}"
memory_capacity,memory_capacity,fixed_size_recurrent_memory,num_pairs,4,198021,0.0,1.0,1.801,1,"{'model_name': 'fixed_size_recurrent_memory', 'state_dim': 32, 'seed': 198021, 'num_pairs': 4, 'interleaved_padding': 1}"
memory_capacity,memory_capacity,fixed_size_recurrent_memory,num_pairs,4,205940,0.0,1.0,1.808,1,"{'model_name': 'fixed_size_recurrent_memory', 'state_dim': 32, 'seed': 205940, 'num_pairs': 4, 'interleaved_padding': 1}"
memory_capacity,memory_capacity,fixed_size_recurrent_memory,num_pairs,4,213859,0.0,1.0,1.757,1,"{'model_name': 'fixed_size_recurrent_memory', 'state_dim': 32, 'seed': 213859, 'num_pairs': 4, 'interleaved_padding': 1}"
memory_capacity,memory_capacity,fixed_size_recurrent_memory,num_pairs,4,221778,1.0,0.0,1.844,1,"{'model_name': 'fixed_size_recurrent_memory', 'state_dim': 32, 'seed': 221778, 'num_pairs': 4, 'interleaved_padding': 1}"
memory_capacity,memory_capacity,fixed_size_recurrent_memory,num_pairs,4,229697,0.0,1.0,1.806,1,"{'model_name': 'fixed_size_recurrent_memory', 'state_dim': 32, 'seed': 229697, 'num_pairs': 4, 'interleaved_padding': 1}"
memory_capacity,memory_capacity,fixed_size_recurrent_memory,num_pairs,8,50,0.0,1.0,13.934,1,"{'model_name': 'fixed_size_recurrent_memory', 'state_dim': 32, 'seed': 50, 'num_pairs': 8, 'interleaved_padding': 1}"
memory_capacity,memory_capacity,fixed_size_recurrent_memory,num_pairs,8,7969,0.0,1.0,13.877,1,"{'model_name': 'fixed_size_recurrent_memory', 'state_dim': 32, 'seed': 7969, 'num_pairs': 8, 'interleaved_padding': 1}"
memory_capacity,memory_capacity,fixed_size_recurrent_memory,num_pairs,8,15888,0.0,1.0,14.115,1,"{'model_name': 'fixed_size_recurrent_memory', 'state_dim': 32, 'seed': 15888, 'num_pairs': 8, 'interleaved_padding': 1}"
memory_capacity,memory_capacity,fixed_size_recurrent_memory,num_pairs,8,23807,0.0,1.0,13.51,1,"{'model_name': 'fixed_size_recurrent_memory', 'state_dim': 32, 'seed': 23807, 'num_pairs': 8, 'interleaved_padding': 1}"
memory_capacity,memory_capacity,fixed_size_recurrent_memory,num_pairs,8,31726,0.0,1.0,3.762,1,"{'model_name': 'fixed_size_recurrent_memory', 'state_dim': 32, 'seed': 31726, 'num_pairs': 8, 'interleaved_padding': 1}"
memory_capacity,memory_capacity,fixed_size_recurrent_memory,num_pairs,8,39645,0.0,1.0,3.645,1,"{'model_name': 'fixed_size_recurrent_memory', 'state_dim': 32, 'seed': 39645, 'num_pairs': 8, 'interleaved_padding': 1}"
memory_capacity,memory_capacity,fixed_size_recurrent_memory,num_pairs,8,47564,0.0,1.0,3.365,1,"{'model_name': 'fixed_size_recurrent_memory', 'state_dim': 32, 'seed': 47564, 'num_pairs': 8, 'interleaved_padding': 1}"
memory_capacity,memory_capacity,fixed_size_recurrent_memory,num_pairs,8,55483,0.0,1.0,3.126,1,"{'model_name': 'fixed_size_recurrent_memory', 'state_dim': 32, 'seed': 55483, 'num_pairs': 8, 'interleaved_padding': 1}"
memory_capacity,memory_capacity,fixed_size_recurrent_memory,num_pairs,8,63402,0.0,1.0,3.688,1,"{'model_name': 'fixed_size_recurrent_memory', 'state_dim': 32, 'seed': 63402, 'num_pairs': 8, 'interleaved_padding': 1}"
memory_capacity,memory_capacity,fixed_size_recurrent_memory,num_pairs,8,71321,0.0,1.0,3.077,1,"{'model_name': 'fixed_size_recurrent_memory', 'state_dim': 32, 'seed': 71321, 'num_pairs': 8, 'interleaved_padding': 1}"
memory_capacity,memory_capacity,fixed_size_recurrent_memory,num_pairs,8,79240,0.0,1.0,3.179,1,"{'model_name': 'fixed_size_recurrent_memory', 'state_dim': 32, 'seed': 79240, 'num_pairs': 8, 'interleaved_padding': 1}"
memory_capacity,memory_capacity,fixed_size_recurrent_memory,num_pairs,8,87159,0.0,1.0,3.125,1,"{'model_name': 'fixed_size_recurrent_memory', 'state_dim': 32, 'seed': 87159, 'num_pairs': 8, 'interleaved_padding': 1}"
memory_capacity,memory_capacity,fixed_size_recurrent_memory,num_pairs,8,95078,0.0,1.0,3.078,1,"{'model_name': 'fixed_size_recurrent_memory', 'state_dim': 32, 'seed': 95078, 'num_pairs': 8, 'interleaved_padding': 1}"
memory_capacity,memory_capacity,fixed_size_recurrent_memory,num_pairs,8,102997,0.0,1.0,3.084,1,"{'model_name': 'fixed_size_recurrent_memory', 'state_dim': 32, 'seed': 102997, 'num_pairs': 8, 'interleaved_padding': 1}"
memory_capacity,memory_capacity,fixed_size_recurrent_memory,num_pairs,8,110916,0.0,1.0,3.095,1,"{'model_name': 'fixed_size_recurrent_memory', 'state_dim': 32, 'seed': 110916, 'num_pairs': 8, 'interleaved_padding': 1}"
memory_capacity,memory_capacity,fixed_size_recurrent_memory,num_pairs,8,118835,0.0,1.0,3.066,1,"{'model_name': 'fixed_size_recurrent_memory', 'state_dim': 32, 'seed': 118835, 'num_pairs': 8, 'interleaved_padding': 1}"
memory_capacity,memory_capacity,fixed_size_recurrent_memory,num_pairs,8,126754,0.0,1.0,3.419,1,"{'model_name': 'fixed_size_recurrent_memory', 'state_dim': 32, 'seed': 126754, 'num_pairs': 8, 'interleaved_padding': 1}"
memory_capacity,memory_capacity,fixed_size_recurrent_memory,num_pairs,8,134673,0.0,1.0,3.086,1,"{'model_name': 'fixed_size_recurrent_memory', 'state_dim': 32, 'seed': 134673, 'num_pairs': 8, 'interleaved_padding': 1}"
memory_capacity,memory_capacity,fixed_size_recurrent_memory,num_pairs,8,142592,0.0,1.0,9.189,1,"{'model_name': 'fixed_size_recurrent_memory', 'state_dim': 32, 'seed': 142592, 'num_pairs': 8, 'interleaved_padding': 1}"
memory_capacity,memory_capacity,fixed_size_recurrent_memory,num_pairs,8,150511,0.0,1.0,13.967,1,"{'model_name': 'fixed_size_recurrent_memory', 'state_dim': 32, 'seed': 150511, 'num_pairs': 8, 'interleaved_padding': 1}"
memory_capacity,memory_capacity,fixed_size_recurrent_memory,num_pairs,8,158430,0.0,1.0,13.356,1,"{'model_name': 'fixed_size_recurrent_memory', 'state_dim': 32, 'seed': 158430, 'num_pairs': 8, 'interleaved_padding': 1}"
memory_capacity,memory_capacity,fixed_size_recurrent_memory,num_pairs,8,166349,0.0,1.0,13.582,1,"{'model_name': 'fixed_size_recurrent_memory', 'state_dim': 32, 'seed': 166349, 'num_pairs': 8, 'interleaved_padding': 1}"
memory_capacity,memory_capacity,fixed_size_recurrent_memory,num_pairs,8,174268,0.0,1.0,13.411,1,"{'model_name': 'fixed_size_recurrent_memory', 'state_dim': 32, 'seed': 174268, 'num_pairs': 8, 'interleaved_padding': 1}"
memory_capacity,memory_capacity,fixed_size_recurrent_memory,num_pairs,8,182187,0.0,1.0,13.455,1,"{'model_name': 'fixed_size_recurrent_memory', 'state_dim': 32, 'seed': 182187, 'num_pairs': 8, 'interleaved_padding': 1}"
memory_capacity,memory_capacity,fixed_size_recurrent_memory,num_pairs,8,190106,0.0,1.0,13.197,1,"{'model_name': 'fixed_size_recurrent_memory', 'state_dim': 32, 'seed': 190106, 'num_pairs': 8, 'interleaved_padding': 1}"
memory_capacity,memory_capacity,fixed_size_recurrent_memory,num_pairs,8,198025,0.0,1.0,6.406,1,"{'model_name': 'fixed_size_recurrent_memory', 'state_dim': 32, 'seed': 198025, 'num_pairs': 8, 'interleaved_padding': 1}"
memory_capacity,memory_capacity,fixed_size_recurrent_memory,num_pairs,8,205944,0.0,1.0,3.827,1,"{'model_name': 'fixed_size_recurrent_memory', 'state_dim': 32, 'seed': 205944, 'num_pairs': 8, 'interleaved_padding': 1}"
memory_capacity,memory_capacity,fixed_size_recurrent_memory,num_pairs,8,213863,0.0,1.0,3.672,1,"{'model_name': 'fixed_size_recurrent_memory', 'state_dim': 32, 'seed': 213863, 'num_pairs': 8, 'interleaved_padding': 1}"
memory_capacity,memory_capacity,fixed_size_recurrent_memory,num_pairs,8,221782,0.0,1.0,8.814,1,"{'model_name': 'fixed_size_recurrent_memory', 'state_dim': 32, 'seed': 221782, 'num_pairs': 8, 'interleaved_padding': 1}"
memory_capacity,memory_capacity,fixed_size_recurrent_memory,num_pairs,8,229701,0.0,1.0,13.054,1,"{'model_name': 'fixed_size_recurrent_memory', 'state_dim': 32, 'seed': 229701, 'num_pairs': 8, 'interleaved_padding': 1}"
memory_capacity,memory_capacity,fixed_size_recurrent_memory,num_pairs,12,54,0.0,1.0,18.559,1,"{'model_name': 'fixed_size_recurrent_memory', 'state_dim': 32, 'seed': 54, 'num_pairs': 12, 'interleaved_padding': 1}"
memory_capacity,memory_capacity,fixed_size_recurrent_memory,num_pairs,12,7973,0.0,1.0,4.581,1,"{'model_name': 'fixed_size_recurrent_memory', 'state_dim': 32, 'seed': 7973, 'num_pairs': 12, 'interleaved_padding': 1}"
memory_capacity,memory_capacity,fixed_size_recurrent_memory,num_pairs,12,15892,0.0,1.0,5.223,1,"{'model_name': 'fixed_size_recurrent_memory', 'state_dim': 32, 'seed': 15892, 'num_pairs': 12, 'interleaved_padding': 1}"
memory_capacity,memory_capacity,fixed_size_recurrent_memory,num_pairs,12,23811,0.0,1.0,4.678,1,"{'model_name': 'fixed_size_recurrent_memory', 'state_dim': 32, 'seed': 23811, 'num_pairs': 12, 'interleaved_padding': 1}"
memory_capacity,memory_capacity,fixed_size_recurrent_memory,num_pairs,12,31730,0.0,1.0,4.408,1,"{'model_name': 'fixed_size_recurrent_memory', 'state_dim': 32, 'seed': 31730, 'num_pairs': 12, 'interleaved_padding': 1}"
memory_capacity,memory_capacity,fixed_size_recurrent_memory,num_pairs,12,39649,0.0,1.0,14.341,1,"{'model_name': 'fixed_size_recurrent_memory', 'state_dim': 32, 'seed': 39649, 'num_pairs': 12, 'interleaved_padding': 1}"
memory_capacity,memory_capacity,fixed_size_recurrent_memory,num_pairs,12,47568,0.0,1.0,18.472,1,"{'model_name': 'fixed_size_recurrent_memory', 'state_dim': 32, 'seed': 47568, 'num_pairs': 12, 'interleaved_padding': 1}"
memory_capacity,memory_capacity,fixed_size_recurrent_memory,num_pairs,12,55487,0.0,1.0,18.201,1,"{'model_name': 'fixed_size_recurrent_memory', 'state_dim': 32, 'seed': 55487, 'num_pairs': 12, 'interleaved_padding': 1}"
memory_capacity,memory_capacity,fixed_size_recurrent_memory,num_pairs,12,63406,0.0,1.0,6.206,1,"{'model_name': 'fixed_size_recurrent_memory', 'state_dim': 32, 'seed': 63406, 'num_pairs': 12, 'interleaved_padding': 1}"
memory_capacity,memory_capacity,fixed_size_recurrent_memory,num_pairs,12,71325,0.0,1.0,4.674,1,"{'model_name': 'fixed_size_recurrent_memory', 'state_dim': 32, 'seed': 71325, 'num_pairs': 12, 'interleaved_padding': 1}"
memory_capacity,memory_capacity,fixed_size_recurrent_memory,num_pairs,12,79244,0.0,1.0,4.503,1,"{'model_name': 'fixed_size_recurrent_memory', 'state_dim': 32, 'seed': 79244, 'num_pairs': 12, 'interleaved_padding': 1}"
memory_capacity,memory_capacity,fixed_size_recurrent_memory,num_pairs,12,87163,0.0,1.0,4.37,1,"{'model_name': 'fixed_size_recurrent_memory', 'state_dim': 32, 'seed': 87163, 'num_pairs': 12, 'interleaved_padding': 1}"
memory_capacity,memory_capacity,fixed_size_recurrent_memory,num_pairs,12,95082,0.0,1.0,5.106,1,"{'model_name': 'fixed_size_recurrent_memory', 'state_dim': 32, 'seed': 95082, 'num_pairs': 12, 'interleaved_padding': 1}"
memory_capacity,memory_capacity,fixed_size_recurrent_memory,num_pairs,12,103001,0.0,1.0,4.47,1,"{'model_name': 'fixed_size_recurrent_memory', 'state_dim': 32, 'seed': 103001, 'num_pairs': 12, 'interleaved_padding': 1}"
memory_capacity,memory_capacity,fixed_size_recurrent_memory,num_pairs,12,110920,0.0,1.0,4.264,1,"{'model_name': 'fixed_size_recurrent_memory', 'state_dim': 32, 'seed': 110920, 'num_pairs': 12, 'interleaved_padding': 1}"
memory_capacity,memory_capacity,fixed_size_recurrent_memory,num_pairs,12,118839,0.0,1.0,4.432,1,"{'model_name': 'fixed_size_recurrent_memory', 'state_dim': 32, 'seed': 118839, 'num_pairs': 12, 'interleaved_padding': 1}"
memory_capacity,memory_capacity,fixed_size_recurrent_memory,num_pairs,12,126758,0.0,1.0,4.309,1,"{'model_name': 'fixed_size_recurrent_memory', 'state_dim': 32, 'seed': 126758, 'num_pairs': 12, 'interleaved_padding': 1}"
memory_capacity,memory_capacity,fixed_size_recurrent_memory,num_pairs,12,134677,0.0,1.0,4.382,1,"{'model_name': 'fixed_size_recurrent_memory', 'state_dim': 32, 'seed': 134677, 'num_pairs': 12, 'interleaved_padding': 1}"
memory_capacity,memory_capacity,fixed_size_recurrent_memory,num_pairs,12,142596,0.0,1.0,4.364,1,"{'model_name': 'fixed_size_recurrent_memory', 'state_dim': 32, 'seed': 142596, 'num_pairs': 12, 'interleaved_padding': 1}"
memory_capacity,memory_capacity,fixed_size_recurrent_memory,num_pairs,12,150515,0.0,1.0,4.376,1,"{'model_name': 'fixed_size_recurrent_memory', 'state_dim': 32, 'seed': 150515, 'num_pairs': 12, 'interleaved_padding': 1}"
memory_capacity,memory_capacity,fixed_size_recurrent_memory,num_pairs,12,158434,1.0,0.0,4.341,1,"{'model_name': 'fixed_size_recurrent_memory', 'state_dim': 32, 'seed': 158434, 'num_pairs': 12, 'interleaved_padding': 1}"
memory_capacity,memory_capacity,fixed_size_recurrent_memory,num_pairs,12,166353,0.0,1.0,4.356,1,"{'model_name': 'fixed_size_recurrent_memory', 'state_dim': 32, 'seed': 166353, 'num_pairs': 12, 'interleaved_padding': 1}"
memory_capacity,memory_capacity,fixed_size_recurrent_memory,num_pairs,12,174272,0.0,1.0,4.334,1,"{'model_name': 'fixed_size_recurrent_memory', 'state_dim': 32, 'seed': 174272, 'num_pairs': 12, 'interleaved_padding': 1}"
memory_capacity,memory_capacity,fixed_size_recurrent_memory,num_pairs,12,182191,0.0,1.0,4.369,1,"{'model_name': 'fixed_size_recurrent_memory', 'state_dim': 32, 'seed': 182191, 'num_pairs': 12, 'interleaved_padding': 1}"
memory_capacity,memory_capacity,fixed_size_recurrent_memory,num_pairs,12,190110,0.0,1.0,12.778,1,"{'model_name': 'fixed_size_recurrent_memory', 'state_dim': 32, 'seed': 190110, 'num_pairs': 12, 'interleaved_padding': 1}"
memory_capacity,memory_capacity,fixed_size_recurrent_memory,num_pairs,12,198029,0.0,1.0,4.007,1,"{'model_name': 'fixed_size_recurrent_memory', 'state_dim': 32, 'seed': 198029, 'num_pairs': 12, 'interleaved_padding': 1}"
memory_capacity,memory_capacity,fixed_size_recurrent_memory,num_pairs,12,205948,0.0,1.0,3.827,1,"{'model_name': 'fixed_size_recurrent_memory', 'state_dim': 32, 'seed': 205948, 'num_pairs': 12, 'interleaved_padding': 1}"
memory_capacity,memory_capacity,fixed_size_recurrent_memory,num_pairs,12,213867,0.0,1.0,4.122,1,"{'model_name': 'fixed_size_recurrent_memory', 'state_dim': 32, 'seed': 213867, 'num_pairs': 12, 'interleaved_padding': 1}"
memory_capacity,memory_capacity,fixed_size_recurrent_memory,num_pairs,12,221786,0.0,1.0,19.968,1,"{'model_name': 'fixed_size_recurrent_memory', 'state_dim': 32, 'seed': 221786, 'num_pairs': 12, 'interleaved_padding': 1}"
memory_capacity,memory_capacity,fixed_size_recurrent_memory,num_pairs,12,229705,0.0,1.0,18.733,1,"{'model_name': 'fixed_size_recurrent_memory', 'state_dim': 32, 'seed': 229705, 'num_pairs': 12, 'interleaved_padding': 1}"
memory_capacity,memory_capacity,fixed_size_recurrent_memory,num_pairs,16,58,0.0,1.0,10.453,1,"{'model_name': 'fixed_size_recurrent_memory', 'state_dim': 32, 'seed': 58, 'num_pairs': 16, 'interleaved_padding': 1}"
memory_capacity,memory_capacity,fixed_size_recurrent_memory,num_pairs,16,7977,0.0,1.0,5.712,1,"{'model_name': 'fixed_size_recurrent_memory', 'state_dim': 32, 'seed': 7977, 'num_pairs': 16, 'interleaved_padding': 1}"
memory_capacity,memory_capacity,fixed_size_recurrent_memory,num_pairs,16,15896,0.0,1.0,5.739,1,"{'model_name': 'fixed_size_recurrent_memory', 'state_dim': 32, 'seed': 15896, 'num_pairs': 16, 'interleaved_padding': 1}"
memory_capacity,memory_capacity,fixed_size_recurrent_memory,num_pairs,16,23815,0.0,1.0,5.598,1,"{'model_name': 'fixed_size_recurrent_memory', 'state_dim': 32, 'seed': 23815, 'num_pairs': 16, 'interleaved_padding': 1}"
memory_capacity,memory_capacity,fixed_size_recurrent_memory,num_pairs,16,31734,0.0,1.0,5.786,1,"{'model_name': 'fixed_size_recurrent_memory', 'state_dim': 32, 'seed': 31734, 'num_pairs': 16, 'interleaved_padding': 1}"
memory_capacity,memory_capacity,fixed_size_recurrent_memory,num_pairs,16,39653,0.0,1.0,5.641,1,"{'model_name': 'fixed_size_recurrent_memory', 'state_dim': 32, 'seed': 39653, 'num_pairs': 16, 'interleaved_padding': 1}"
memory_capacity,memory_capacity,fixed_size_recurrent_memory,num_pairs,16,47572,0.0,1.0,5.319,1,"{'model_name': 'fixed_size_recurrent_memory', 'state_dim': 32, 'seed': 47572, 'num_pairs': 16, 'interleaved_padding': 1}"
memory_capacity,memory_capacity,fixed_size_recurrent_memory,num_pairs,16,55491,0.0,1.0,11.053,1,"{'model_name': 'fixed_size_recurrent_memory', 'state_dim': 32, 'seed': 55491, 'num_pairs': 16, 'interleaved_padding': 1}"
memory_capacity,memory_capacity,fixed_size_recurrent_memory,num_pairs,16,63410,0.0,1.0,24.327,1,"{'model_name': 'fixed_size_recurrent_memory', 'state_dim': 32, 'seed': 63410, 'num_pairs': 16, 'interleaved_padding': 1}"
memory_capacity,memory_capacity,fixed_size_recurrent_memory,num_pairs,16,71329,0.0,1.0,23.442,1,"{'model_name': 'fixed_size_recurrent_memory', 'state_dim': 32, 'seed': 71329, 'num_pairs': 16, 'interleaved_padding': 1}"
memory_capacity,memory_capacity,fixed_size_recurrent_memory,num_pairs,16,79248,0.0,1.0,24.16,1,"{'model_name': 'fixed_size_recurrent_memory', 'state_dim': 32, 'seed': 79248, 'num_pairs': 16, 'interleaved_padding': 1}"
memory_capacity,memory_capacity,fixed_size_recurrent_memory,num_pairs,16,87167,0.0,1.0,22.885,1,"{'model_name': 'fixed_size_recurrent_memory', 'state_dim': 32, 'seed': 87167, 'num_pairs': 16, 'interleaved_padding': 1}"
memory_capacity,memory_capacity,fixed_size_recurrent_memory,num_pairs,16,95086,0.0,1.0,5.754,1,"{'model_name': 'fixed_size_recurrent_memory', 'state_dim': 32, 'seed': 95086, 'num_pairs': 16, 'interleaved_padding': 1}"
memory_capacity,memory_capacity,fixed_size_recurrent_memory,num_pairs,16,103005,0.0,1.0,5.747,1,"{'model_name': 'fixed_size_recurrent_memory', 'state_dim': 32, 'seed': 103005, 'num_pairs': 16, 'interleaved_padding': 1}"
memory_capacity,memory_capacity,fixed_size_recurrent_memory,num_pairs,16,110924,0.0,1.0,6.368,1,"{'model_name': 'fixed_size_recurrent_memory', 'state_dim': 32, 'seed': 110924, 'num_pairs': 16, 'interleaved_padding': 1}"
memory_capacity,memory_capacity,fixed_size_recurrent_memory,num_pairs,16,118843,0.0,1.0,5.888,1,"{'model_name': 'fixed_size_recurrent_memory', 'state_dim': 32, 'seed': 118843, 'num_pairs': 16, 'interleaved_padding': 1}"
memory_capacity,memory_capacity,fixed_size_recurrent_memory,num_pairs,16,126762,0.0,1.0,5.797,1,"{'model_name': 'fixed_size_recurrent_memory', 'state_dim': 32, 'seed': 126762, 'num_pairs': 16, 'interleaved_padding': 1}"
memory_capacity,memory_capacity,fixed_size_recurrent_memory,num_pairs,16,134681,0.0,1.0,5.689,1,"{'model_name': 'fixed_size_recurrent_memory', 'state_dim': 32, 'seed': 134681, 'num_pairs': 16, 'interleaved_padding': 1}"
memory_capacity,memory_capacity,fixed_size_recurrent_memory,num_pairs,16,142600,0.0,1.0,5.692,1,"{'model_name': 'fixed_size_recurrent_memory', 'state_dim': 32, 'seed': 142600, 'num_pairs': 16, 'interleaved_padding': 1}"
memory_capacity,memory_capacity,fixed_size_recurrent_memory,num_pairs,16,150519,0.0,1.0,5.647,1,"{'model_name': 'fixed_size_recurrent_memory', 'state_dim': 32, 'seed': 150519, 'num_pairs': 16, 'interleaved_padding': 1}"
memory_capacity,memory_capacity,fixed_size_recurrent_memory,num_pairs,16,158438,0.0,1.0,6.406,1,"{'model_name': 'fixed_size_recurrent_memory', 'state_dim': 32, 'seed': 158438, 'num_pairs': 16, 'interleaved_padding': 1}"
memory_capacity,memory_capacity,fixed_size_recurrent_memory,num_pairs,16,166357,0.0,1.0,28.248,1,"{'model_name': 'fixed_size_recurrent_memory', 'state_dim': 32, 'seed': 166357, 'num_pairs': 16, 'interleaved_padding': 1}"
memory_capacity,memory_capacity,fixed_size_recurrent_memory,num_pairs,16,174276,0.0,1.0,28.196,1,"{'model_name': 'fixed_size_recurrent_memory', 'state_dim': 32, 'seed': 174276, 'num_pairs': 16, 'interleaved_padding': 1}"
memory_capacity,memory_capacity,fixed_size_recurrent_memory,num_pairs,16,182195,0.0,1.0,24.273,1,"{'model_name': 'fixed_size_recurrent_memory', 'state_dim': 32, 'seed': 182195, 'num_pairs': 16, 'interleaved_padding': 1}"
memory_capacity,memory_capacity,fixed_size_recurrent_memory,num_pairs,16,190114,0.0,1.0,24.345,1,"{'model_name': 'fixed_size_recurrent_memory', 'state_dim': 32, 'seed': 190114, 'num_pairs': 16, 'interleaved_padding': 1}"
memory_capacity,memory_capacity,fixed_size_recurrent_memory,num_pairs,16,198033,0.0,1.0,24.442,1,"{'model_name': 'fixed_size_recurrent_memory', 'state_dim': 32, 'seed': 198033, 'num_pairs': 16, 'interleaved_padding': 1}"
memory_capacity,memory_capacity,fixed_size_recurrent_memory,num_pairs,16,205952,0.0,1.0,15.502,1,"{'model_name': 'fixed_size_recurrent_memory', 'state_dim': 32, 'seed': 205952, 'num_pairs': 16, 'interleaved_padding': 1}"
memory_capacity,memory_capacity,fixed_size_recurrent_memory,num_pairs,16,213871,0.0,1.0,4.899,1,"{'model_name': 'fixed_size_recurrent_memory', 'state_dim': 32, 'seed': 213871, 'num_pairs': 16, 'interleaved_padding': 1}"
memory_capacity,memory_capacity,fixed_size_recurrent_memory,num_pairs,16,221790,0.0,1.0,4.453,1,"{'model_name': 'fixed_size_recurrent_memory', 'state_dim': 32, 'seed': 221790, 'num_pairs': 16, 'interleaved_padding': 1}"
memory_capacity,memory_capacity,fixed_size_recurrent_memory,num_pairs,16,229709,0.0,1.0,5.716,1,"{'model_name': 'fixed_size_recurrent_memory', 'state_dim': 32, 'seed': 229709, 'num_pairs': 16, 'interleaved_padding': 1}"
memory_capacity,memory_capacity,fixed_size_recurrent_memory,num_pairs,24,66,0.0,1.0,9.226,1,"{'model_name': 'fixed_size_recurrent_memory', 'state_dim': 32, 'seed': 66, 'num_pairs': 24, 'interleaved_padding': 1}"
memory_capacity,memory_capacity,fixed_size_recurrent_memory,num_pairs,24,7985,0.0,1.0,8.44,1,"{'model_name': 'fixed_size_recurrent_memory', 'state_dim': 32, 'seed': 7985, 'num_pairs': 24, 'interleaved_padding': 1}"
memory_capacity,memory_capacity,fixed_size_recurrent_memory,num_pairs,24,15904,0.0,1.0,8.305,1,"{'model_name': 'fixed_size_recurrent_memory', 'state_dim': 32, 'seed': 15904, 'num_pairs': 24, 'interleaved_padding': 1}"
memory_capacity,memory_capacity,fixed_size_recurrent_memory,num_pairs,24,23823,0.0,1.0,8.683,1,"{'model_name': 'fixed_size_recurrent_memory', 'state_dim': 32, 'seed': 23823, 'num_pairs': 24, 'interleaved_padding': 1}"
memory_capacity,memory_capacity,fixed_size_recurrent_memory,num_pairs,24,31742,0.0,1.0,8.436,1,"{'model_name': 'fixed_size_recurrent_memory', 'state_dim': 32, 'seed': 31742, 'num_pairs': 24, 'interleaved_padding': 1}"
memory_capacity,memory_capacity,fixed_size_recurrent_memory,num_pairs,24,39661,0.0,1.0,8.391,1,"{'model_name': 'fixed_size_recurrent_memory', 'state_dim': 32, 'seed': 39661, 'num_pairs': 24, 'interleaved_padding': 1}"
memory_capacity,memory_capacity,fixed_size_recurrent_memory,num_pairs,24,47580,0.0,1.0,8.704,1,"{'model_name': 'fixed_size_recurrent_memory', 'state_dim': 32, 'seed': 47580, 'num_pairs': 24, 'interleaved_padding': 1}"
memory_capacity,memory_capacity,fixed_size_recurrent_memory,num_pairs,24,55499,0.0,1.0,8.896,1,"{'model_name': 'fixed_size_recurrent_memory', 'state_dim': 32, 'seed': 55499, 'num_pairs': 24, 'interleaved_padding': 1}"
memory_capacity,memory_capacity,fixed_size_recurrent_memory,num_pairs,24,63418,0.0,1.0,10.127,1,"{'model_name': 'fixed_size_recurrent_memory', 'state_dim': 32, 'seed': 63418, 'num_pairs': 24, 'interleaved_padding': 1}"
memory_capacity,memory_capacity,fixed_size_recurrent_memory,num_pairs,24,71337,0.0,1.0,9.465,1,"{'model_name': 'fixed_size_recurrent_memory', 'state_dim': 32, 'seed': 71337, 'num_pairs': 24, 'interleaved_padding': 1}"
memory_capacity,memory_capacity,fixed_size_recurrent_memory,num_pairs,24,79256,0.0,1.0,7.96,1,"{'model_name': 'fixed_size_recurrent_memory', 'state_dim': 32, 'seed': 79256, 'num_pairs': 24, 'interleaved_padding': 1}"
memory_capacity,memory_capacity,fixed_size_recurrent_memory,num_pairs,24,87175,0.0,1.0,8.207,1,"{'model_name': 'fixed_size_recurrent_memory', 'state_dim': 32, 'seed': 87175, 'num_pairs': 24, 'interleaved_padding': 1}"
memory_capacity,memory_capacity,fixed_size_recurrent_memory,num_pairs,24,95094,0.0,1.0,25.564,1,"{'model_name': 'fixed_size_recurrent_memory', 'state_dim': 32, 'seed': 95094, 'num_pairs': 24, 'interleaved_padding': 1}"
memory_capacity,memory_capacity,fixed_size_recurrent_memory,num_pairs,24,103013,0.0,1.0,9.013,1,"{'model_name': 'fixed_size_recurrent_memory', 'state_dim': 32, 'seed': 103013, 'num_pairs': 24, 'interleaved_padding': 1}"
memory_capacity,memory_capacity,fixed_size_recurrent_memory,num_pairs,24,110932,0.0,1.0,8.686,1,"{'model_name': 'fixed_size_recurrent_memory', 'state_dim': 32, 'seed': 110932, 'num_pairs': 24, 'interleaved_padding': 1}"
memory_capacity,memory_capacity,fixed_size_recurrent_memory,num_pairs,24,118851,0.0,1.0,8.438,1,"{'model_name': 'fixed_size_recurrent_memory', 'state_dim': 32, 'seed': 118851, 'num_pairs': 24, 'interleaved_padding': 1}"
memory_capacity,memory_capacity,fixed_size_recurrent_memory,num_pairs,24,126770,0.0,1.0,9.525,1,"{'model_name': 'fixed_size_recurrent_memory', 'state_dim': 32, 'seed': 126770, 'num_pairs': 24, 'interleaved_padding': 1}"
memory_capacity,memory_capacity,fixed_size_recurrent_memory,num_pairs,24,134689,0.0,1.0,30.548,1,"{'model_name': 'fixed_size_recurrent_memory', 'state_dim': 32, 'seed': 134689, 'num_pairs': 24, 'interleaved_padding': 1}"
memory_capacity,memory_capacity,fixed_size_recurrent_memory,num_pairs,24,142608,0.0,1.0,36.893,1,"{'model_name': 'fixed_size_recurrent_memory', 'state_dim': 32, 'seed': 142608, 'num_pairs': 24, 'interleaved_padding': 1}"
memory_capacity,memory_capacity,fixed_size_recurrent_memory,num_pairs,24,150527,0.0,1.0,22.018,1,"{'model_name': 'fixed_size_recurrent_memory', 'state_dim': 32, 'seed': 150527, 'num_pairs': 24, 'interleaved_padding': 1}"
memory_capacity,memory_capacity,fixed_size_recurrent_memory,num_pairs,24,158446,0.0,1.0,9.979,1,"{'model_name': 'fixed_size_recurrent_memory', 'state_dim': 32, 'seed': 158446, 'num_pairs': 24, 'interleaved_padding': 1}"
memory_capacity,memory_capacity,fixed_size_recurrent_memory,num_pairs,24,166365,0.0,1.0,8.893,1,"{'model_name': 'fixed_size_recurrent_memory', 'state_dim': 32, 'seed': 166365, 'num_pairs': 24, 'interleaved_padding': 1}"
memory_capacity,memory_capacity,fixed_size_recurrent_memory,num_pairs,24,174284,0.0,1.0,8.692,1,"{'model_name': 'fixed_size_recurrent_memory', 'state_dim': 32, 'seed': 174284, 'num_pairs': 24, 'interleaved_padding': 1}"
memory_capacity,memory_capacity,fixed_size_recurrent_memory,num_pairs,24,182203,0.0,1.0,8.498,1,"{'model_name': 'fixed_size_recurrent_memory', 'state_dim': 32, 'seed': 182203, 'num_pairs': 24, 'interleaved_padding': 1}"
memory_capacity,memory_capacity,fixed_size_recurrent_memory,num_pairs,24,190122,0.0,1.0,8.483,1,"{'model_name': 'fixed_size_recurrent_memory', 'state_dim': 32, 'seed': 190122, 'num_pairs': 24, 'interleaved_padding': 1}"
memory_capacity,memory_capacity,fixed_size_recurrent_memory,num_pairs,24,198041,0.0,1.0,35.604,1,"{'model_name': 'fixed_size_recurrent_memory', 'state_dim': 32, 'seed': 198041, 'num_pairs': 24, 'interleaved_padding': 1}"
memory_capacity,memory_capacity,fixed_size_recurrent_memory,num_pairs,24,205960,0.0,1.0,26.554,1,"{'model_name': 'fixed_size_recurrent_memory', 'state_dim': 32, 'seed': 205960, 'num_pairs': 24, 'interleaved_padding': 1}"
memory_capacity,memory_capacity,fixed_size_recurrent_memory,num_pairs,24,213879,0.0,1.0,10.39,1,"{'model_name': 'fixed_size_recurrent_memory', 'state_dim': 32, 'seed': 213879, 'num_pairs': 24, 'interleaved_padding': 1}"
memory_capacity,memory_capacity,fixed_size_recurrent_memory,num_pairs,24,221798,0.0,1.0,10.169,1,"{'model_name': 'fixed_size_recurrent_memory', 'state_dim': 32, 'seed': 221798, 'num_pairs': 24, 'interleaved_padding': 1}"
memory_capacity,memory_capacity,fixed_size_recurrent_memory,num_pairs,24,229717,0.0,1.0,9.854,1,"{'model_name': 'fixed_size_recurrent_memory', 'state_dim': 32, 'seed': 229717, 'num_pairs': 24, 'interleaved_padding': 1}"
memory_capacity,memory_capacity,fixed_size_recurrent_memory,num_pairs,32,74,0.0,1.0,11.518,1,"{'model_name': 'fixed_size_recurrent_memory', 'state_dim': 32, 'seed': 74, 'num_pairs': 32, 'interleaved_padding': 1}"
memory_capacity,memory_capacity,fixed_size_recurrent_memory,num_pairs,32,7993,0.0,1.0,12.671,1,"{'model_name': 'fixed_size_recurrent_memory', 'state_dim': 32, 'seed': 7993, 'num_pairs': 32, 'interleaved_padding': 1}"
memory_capacity,memory_capacity,fixed_size_recurrent_memory,num_pairs,32,15912,0.0,1.0,11.805,1,"{'model_name': 'fixed_size_recurrent_memory', 'state_dim': 32, 'seed': 15912, 'num_pairs': 32, 'interleaved_padding': 1}"
memory_capacity,memory_capacity,fixed_size_recurrent_memory,num_pairs,32,23831,0.0,1.0,10.406,1,"{'model_name': 'fixed_size_recurrent_memory', 'state_dim': 32, 'seed': 23831, 'num_pairs': 32, 'interleaved_padding': 1}"
memory_capacity,memory_capacity,fixed_size_recurrent_memory,num_pairs,32,31750,0.0,1.0,11.357,1,"{'model_name': 'fixed_size_recurrent_memory', 'state_dim': 32, 'seed': 31750, 'num_pairs': 32, 'interleaved_padding': 1}"
memory_capacity,memory_capacity,fixed_size_recurrent_memory,num_pairs,32,39669,0.0,1.0,10.907,1,"{'model_name': 'fixed_size_recurrent_memory', 'state_dim': 32, 'seed': 39669, 'num_pairs': 32, 'interleaved_padding': 1}"
memory_capacity,memory_capacity,fixed_size_recurrent_memory,num_pairs,32,47588,0.0,1.0,10.811,1,"{'model_name': 'fixed_size_recurrent_memory', 'state_dim': 32, 'seed': 47588, 'num_pairs': 32, 'interleaved_padding': 1}"
memory_capacity,memory_capacity,fixed_size_recurrent_memory,num_pairs,32,55507,0.0,1.0,14.226,1,"{'model_name': 'fixed_size_recurrent_memory', 'state_dim': 32, 'seed': 55507, 'num_pairs': 32, 'interleaved_padding': 1}"
memory_capacity,memory_capacity,fixed_size_recurrent_memory,num_pairs,32,63426,0.0,1.0,17.333,1,"{'model_name': 'fixed_size_recurrent_memory', 'state_dim': 32, 'seed': 63426, 'num_pairs': 32, 'interleaved_padding': 1}"
memory_capacity,memory_capacity,fixed_size_recurrent_memory,num_pairs,32,71345,0.0,1.0,11.503,1,"{'model_name': 'fixed_size_recurrent_memory', 'state_dim': 32, 'seed': 71345, 'num_pairs': 32, 'interleaved_padding': 1}"
memory_capacity,memory_capacity,fixed_size_recurrent_memory,num_pairs,32,79264,0.0,1.0,10.825,1,"{'model_name': 'fixed_size_recurrent_memory', 'state_dim': 32, 'seed': 79264, 'num_pairs': 32, 'interleaved_padding': 1}"
memory_capacity,memory_capacity,fixed_size_recurrent_memory,num_pairs,32,87183,0.0,1.0,10.931,1,"{'model_name': 'fixed_size_recurrent_memory', 'state_dim': 32, 'seed': 87183, 'num_pairs': 32, 'interleaved_padding': 1}"
memory_capacity,memory_capacity,fixed_size_recurrent_memory,num_pairs,32,95102,0.0,1.0,37.26,1,"{'model_name': 'fixed_size_recurrent_memory', 'state_dim': 32, 'seed': 95102, 'num_pairs': 32, 'interleaved_padding': 1}"
memory_capacity,memory_capacity,fixed_size_recurrent_memory,num_pairs,32,103021,0.0,1.0,46.333,1,"{'model_name': 'fixed_size_recurrent_memory', 'state_dim': 32, 'seed': 103021, 'num_pairs': 32, 'interleaved_padding': 1}"
memory_capacity,memory_capacity,fixed_size_recurrent_memory,num_pairs,32,110940,0.0,1.0,14.745,1,"{'model_name': 'fixed_size_recurrent_memory', 'state_dim': 32, 'seed': 110940, 'num_pairs': 32, 'interleaved_padding': 1}"
memory_capacity,memory_capacity,fixed_size_recurrent_memory,num_pairs,32,118859,0.0,1.0,10.969,1,"{'model_name': 'fixed_size_recurrent_memory', 'state_dim': 32, 'seed': 118859, 'num_pairs': 32, 'interleaved_padding': 1}"
memory_capacity,memory_capacity,fixed_size_recurrent_memory,num_pairs,32,126778,0.0,1.0,10.953,1,"{'model_name': 'fixed_size_recurrent_memory', 'state_dim': 32, 'seed': 126778, 'num_pairs': 32, 'interleaved_padding': 1}"
memory_capacity,memory_capacity,fixed_size_recurrent_memory,num_pairs,32,134697,0.0,1.0,23.41,1,"{'model_name': 'fixed_size_recurrent_memory', 'state_dim': 32, 'seed': 134697, 'num_pairs': 32, 'interleaved_padding': 1}"
memory_capacity,memory_capacity,fixed_size_recurrent_memory,num_pairs,32,142616,0.0,1.0,11.205,1,"{'model_name': 'fixed_size_recurrent_memory', 'state_dim': 32, 'seed': 142616, 'num_pairs': 32, 'interleaved_padding': 1}"
memory_capacity,memory_capacity,fixed_size_recurrent_memory,num_pairs,32,150535,0.0,1.0,10.811,1,"{'model_name': 'fixed_size_recurrent_memory', 'state_dim': 32, 'seed': 150535, 'num_pairs': 32, 'interleaved_padding': 1}"
memory_capacity,memory_capacity,fixed_size_recurrent_memory,num_pairs,32,158454,0.0,1.0,12.457,1,"{'model_name': 'fixed_size_recurrent_memory', 'state_dim': 32, 'seed': 158454, 'num_pairs': 32, 'interleaved_padding': 1}"
memory_capacity,memory_capacity,fixed_size_recurrent_memory,num_pairs,32,166373,0.0,1.0,10.904,1,"{'model_name': 'fixed_size_recurrent_memory', 'state_dim': 32, 'seed': 166373, 'num_pairs': 32, 'interleaved_padding': 1}"
memory_capacity,memory_capacity,fixed_size_recurrent_memory,num_pairs,32,174292,0.0,1.0,12.94,1,"{'model_name': 'fixed_size_recurrent_memory', 'state_dim': 32, 'seed': 174292, 'num_pairs': 32, 'interleaved_padding': 1}"
memory_capacity,memory_capacity,fixed_size_recurrent_memory,num_pairs,32,182211,0.0,1.0,12.103,1,"{'model_name': 'fixed_size_recurrent_memory', 'state_dim': 32, 'seed': 182211, 'num_pairs': 32, 'interleaved_padding': 1}"
memory_capacity,memory_capacity,fixed_size_recurrent_memory,num_pairs,32,190130,0.0,1.0,31.415,1,"{'model_name': 'fixed_size_recurrent_memory', 'state_dim': 32, 'seed': 190130, 'num_pairs': 32, 'interleaved_padding': 1}"
memory_capacity,memory_capacity,fixed_size_recurrent_memory,num_pairs,32,198049,0.0,1.0,28.989,1,"{'model_name': 'fixed_size_recurrent_memory', 'state_dim': 32, 'seed': 198049, 'num_pairs': 32, 'interleaved_padding': 1}"
memory_capacity,memory_capacity,fixed_size_recurrent_memory,num_pairs,32,205968,1.0,0.0,17.253,1,"{'model_name': 'fixed_size_recurrent_memory', 'state_dim': 32, 'seed': 205968, 'num_pairs': 32, 'interleaved_padding': 1}"
memory_capacity,memory_capacity,fixed_size_recurrent_memory,num_pairs,32,213887,0.0,1.0,45.85,1,"{'model_name': 'fixed_size_recurrent_memory', 'state_dim': 32, 'seed': 213887, 'num_pairs': 32, 'interleaved_padding': 1}"
memory_capacity,memory_capacity,fixed_size_recurrent_memory,num_pairs,32,221806,0.0,1.0,39.795,1,"{'model_name': 'fixed_size_recurrent_memory', 'state_dim': 32, 'seed': 221806, 'num_pairs': 32, 'interleaved_padding': 1}"
memory_capacity,memory_capacity,fixed_size_recurrent_memory,num_pairs,32,229725,0.0,1.0,39.364,1,"{'model_name': 'fixed_size_recurrent_memory', 'state_dim': 32, 'seed': 229725, 'num_pairs': 32, 'interleaved_padding': 1}"
memory_capacity,memory_capacity,educational_evolving_memory_toy,num_pairs,1,43,1.0,0.0,4.62,1,"{'model_name': 'educational_evolving_memory_toy', 'state_dim': 32, 'seed': 43, 'num_pairs': 1, 'interleaved_padding': 1}"
memory_capacity,memory_capacity,educational_evolving_memory_toy,num_pairs,1,7962,1.0,0.0,3.922,1,"{'model_name': 'educational_evolving_memory_toy', 'state_dim': 32, 'seed': 7962, 'num_pairs': 1, 'interleaved_padding': 1}"
memory_capacity,memory_capacity,educational_evolving_memory_toy,num_pairs,1,15881,1.0,0.0,2.762,1,"{'model_name': 'educational_evolving_memory_toy', 'state_dim': 32, 'seed': 15881, 'num_pairs': 1, 'interleaved_padding': 1}"
memory_capacity,memory_capacity,educational_evolving_memory_toy,num_pairs,1,23800,1.0,0.0,0.917,1,"{'model_name': 'educational_evolving_memory_toy', 'state_dim': 32, 'seed': 23800, 'num_pairs': 1, 'interleaved_padding': 1}"
memory_capacity,memory_capacity,educational_evolving_memory_toy,num_pairs,1,31719,1.0,0.0,0.784,1,"{'model_name': 'educational_evolving_memory_toy', 'state_dim': 32, 'seed': 31719, 'num_pairs': 1, 'interleaved_padding': 1}"
memory_capacity,memory_capacity,educational_evolving_memory_toy,num_pairs,1,39638,1.0,0.0,0.798,1,"{'model_name': 'educational_evolving_memory_toy', 'state_dim': 32, 'seed': 39638, 'num_pairs': 1, 'interleaved_padding': 1}"
memory_capacity,memory_capacity,educational_evolving_memory_toy,num_pairs,1,47557,1.0,0.0,0.729,1,"{'model_name': 'educational_evolving_memory_toy', 'state_dim': 32, 'seed': 47557, 'num_pairs': 1, 'interleaved_padding': 1}"
memory_capacity,memory_capacity,educational_evolving_memory_toy,num_pairs,1,55476,1.0,0.0,1.12,1,"{'model_name': 'educational_evolving_memory_toy', 'state_dim': 32, 'seed': 55476, 'num_pairs': 1, 'interleaved_padding': 1}"
memory_capacity,memory_capacity,educational_evolving_memory_toy,num_pairs,1,63395,1.0,0.0,0.989,1,"{'model_name': 'educational_evolving_memory_toy', 'state_dim': 32, 'seed': 63395, 'num_pairs': 1, 'interleaved_padding': 1}"
memory_capacity,memory_capacity,educational_evolving_memory_toy,num_pairs,1,71314,1.0,0.0,0.893,1,"{'model_name': 'educational_evolving_memory_toy', 'state_dim': 32, 'seed': 71314, 'num_pairs': 1, 'interleaved_padding': 1}"
memory_capacity,memory_capacity,educational_evolving_memory_toy,num_pairs,1,79233,1.0,0.0,0.805,1,"{'model_name': 'educational_evolving_memory_toy', 'state_dim': 32, 'seed': 79233, 'num_pairs': 1, 'interleaved_padding': 1}"
memory_capacity,memory_capacity,educational_evolving_memory_toy,num_pairs,1,87152,1.0,0.0,1.242,1,"{'model_name': 'educational_evolving_memory_toy', 'state_dim': 32, 'seed': 87152, 'num_pairs': 1, 'interleaved_padding': 1}"
memory_capacity,memory_capacity,educational_evolving_memory_toy,num_pairs,1,95071,1.0,0.0,0.966,1,"{'model_name': 'educational_evolving_memory_toy', 'state_dim': 32, 'seed': 95071, 'num_pairs': 1, 'interleaved_padding': 1}"
memory_capacity,memory_capacity,educational_evolving_memory_toy,num_pairs,1,102990,1.0,0.0,1.358,1,"{'model_name': 'educational_evolving_memory_toy', 'state_dim': 32, 'seed': 102990, 'num_pairs': 1, 'interleaved_padding': 1}"
memory_capacity,memory_capacity,educational_evolving_memory_toy,num_pairs,1,110909,1.0,0.0,0.91,1,"{'model_name': 'educational_evolving_memory_toy', 'state_dim': 32, 'seed': 110909, 'num_pairs': 1, 'interleaved_padding': 1}"
memory_capacity,memory_capacity,educational_evolving_memory_toy,num_pairs,1,118828,1.0,0.0,0.848,1,"{'model_name': 'educational_evolving_memory_toy', 'state_dim': 32, 'seed': 118828, 'num_pairs': 1, 'interleaved_padding': 1}"
memory_capacity,memory_capacity,educational_evolving_memory_toy,num_pairs,1,126747,1.0,0.0,0.891,1,"{'model_name': 'educational_evolving_memory_toy', 'state_dim': 32, 'seed': 126747, 'num_pairs': 1, 'interleaved_padding': 1}"
memory_capacity,memory_capacity,educational_evolving_memory_toy,num_pairs,1,134666,1.0,0.0,0.837,1,"{'model_name': 'educational_evolving_memory_toy', 'state_dim': 32, 'seed': 134666, 'num_pairs': 1, 'interleaved_padding': 1}"
memory_capacity,memory_capacity,educational_evolving_memory_toy,num_pairs,1,142585,1.0,0.0,0.916,1,"{'model_name': 'educational_evolving_memory_toy', 'state_dim': 32, 'seed': 142585, 'num_pairs': 1, 'interleaved_padding': 1}"
memory_capacity,memory_capacity,educational_evolving_memory_toy,num_pairs,1,150504,1.0,0.0,0.837,1,"{'model_name': 'educational_evolving_memory_toy', 'state_dim': 32, 'seed': 150504, 'num_pairs': 1, 'interleaved_padding': 1}"
memory_capacity,memory_capacity,educational_evolving_memory_toy,num_pairs,1,158423,1.0,0.0,1.302,1,"{'model_name': 'educational_evolving_memory_toy', 'state_dim': 32, 'seed': 158423, 'num_pairs': 1, 'interleaved_padding': 1}"
memory_capacity,memory_capacity,educational_evolving_memory_toy,num_pairs,1,166342,1.0,0.0,0.838,1,"{'model_name': 'educational_evolving_memory_toy', 'state_dim': 32, 'seed': 166342, 'num_pairs': 1, 'interleaved_padding': 1}"
memory_capacity,memory_capacity,educational_evolving_memory_toy,num_pairs,1,174261,1.0,0.0,0.883,1,"{'model_name': 'educational_evolving_memory_toy', 'state_dim': 32, 'seed': 174261, 'num_pairs': 1, 'interleaved_padding': 1}"
memory_capacity,memory_capacity,educational_evolving_memory_toy,num_pairs,1,182180,1.0,0.0,0.856,1,"{'model_name': 'educational_evolving_memory_toy', 'state_dim': 32, 'seed': 182180, 'num_pairs': 1, 'interleaved_padding': 1}"
memory_capacity,memory_capacity,educational_evolving_memory_toy,num_pairs,1,190099,1.0,0.0,0.913,1,"{'model_name': 'educational_evolving_memory_toy', 'state_dim': 32, 'seed': 190099, 'num_pairs': 1, 'interleaved_padding': 1}"
memory_capacity,memory_capacity,educational_evolving_memory_toy,num_pairs,1,198018,1.0,0.0,0.833,1,"{'model_name': 'educational_evolving_memory_toy', 'state_dim': 32, 'seed': 198018, 'num_pairs': 1, 'interleaved_padding': 1}"
memory_capacity,memory_capacity,educational_evolving_memory_toy,num_pairs,1,205937,1.0,0.0,0.903,1,"{'model_name': 'educational_evolving_memory_toy', 'state_dim': 32, 'seed': 205937, 'num_pairs': 1, 'interleaved_padding': 1}"
memory_capacity,memory_capacity,educational_evolving_memory_toy,num_pairs,1,213856,1.0,0.0,0.931,1,"{'model_name': 'educational_evolving_memory_toy', 'state_dim': 32, 'seed': 213856, 'num_pairs': 1, 'interleaved_padding': 1}"
memory_capacity,memory_capacity,educational_evolving_memory_toy,num_pairs,1,221775,1.0,0.0,0.9,1,"{'model_name': 'educational_evolving_memory_toy', 'state_dim': 32, 'seed': 221775, 'num_pairs': 1, 'interleaved_padding': 1}"
memory_capacity,memory_capacity,educational_evolving_memory_toy,num_pairs,1,229694,1.0,0.0,0.851,1,"{'model_name': 'educational_evolving_memory_toy', 'state_dim': 32, 'seed': 229694, 'num_pairs': 1, 'interleaved_padding': 1}"
memory_capacity,memory_capacity,educational_evolving_memory_toy,num_pairs,2,44,0.0,1.0,7.16,1,"{'model_name': 'educational_evolving_memory_toy', 'state_dim': 32, 'seed': 44, 'num_pairs': 2, 'interleaved_padding': 1}"
memory_capacity,memory_capacity,educational_evolving_memory_toy,num_pairs,2,7963,0.0,1.0,6.511,1,"{'model_name': 'educational_evolving_memory_toy', 'state_dim': 32, 'seed': 7963, 'num_pairs': 2, 'interleaved_padding': 1}"
memory_capacity,memory_capacity,educational_evolving_memory_toy,num_pairs,2,15882,0.0,1.0,5.855,1,"{'model_name': 'educational_evolving_memory_toy', 'state_dim': 32, 'seed': 15882, 'num_pairs': 2, 'interleaved_padding': 1}"
memory_capacity,memory_capacity,educational_evolving_memory_toy,num_pairs,2,23801,0.0,1.0,6.389,1,"{'model_name': 'educational_evolving_memory_toy', 'state_dim': 32, 'seed': 23801, 'num_pairs': 2, 'interleaved_padding': 1}"
memory_capacity,memory_capacity,educational_evolving_memory_toy,num_pairs,2,31720,1.0,0.0,5.749,1,"{'model_name': 'educational_evolving_memory_toy', 'state_dim': 32, 'seed': 31720, 'num_pairs': 2, 'interleaved_padding': 1}"
memory_capacity,memory_capacity,educational_evolving_memory_toy,num_pairs,2,39639,0.0,1.0,5.812,1,"{'model_name': 'educational_evolving_memory_toy', 'state_dim': 32, 'seed': 39639, 'num_pairs': 2, 'interleaved_padding': 1}"
memory_capacity,memory_capacity,educational_evolving_memory_toy,num_pairs,2,47558,0.0,1.0,1.531,1,"{'model_name': 'educational_evolving_memory_toy', 'state_dim': 32, 'seed': 47558, 'num_pairs': 2, 'interleaved_padding': 1}"
memory_capacity,memory_capacity,educational_evolving_memory_toy,num_pairs,2,55477,0.0,1.0,1.57,1,"{'model_name': 'educational_evolving_memory_toy', 'state_dim': 32, 'seed': 55477, 'num_pairs': 2, 'interleaved_padding': 1}"
memory_capacity,memory_capacity,educational_evolving_memory_toy,num_pairs,2,63396,0.0,1.0,1.432,1,"{'model_name': 'educational_evolving_memory_toy', 'state_dim': 32, 'seed': 63396, 'num_pairs': 2, 'interleaved_padding': 1}"
memory_capacity,memory_capacity,educational_evolving_memory_toy,num_pairs,2,71315,0.0,1.0,1.414,1,"{'model_name': 'educational_evolving_memory_toy', 'state_dim': 32, 'seed': 71315, 'num_pairs': 2, 'interleaved_padding': 1}"
memory_capacity,memory_capacity,educational_evolving_memory_toy,num_pairs,2,79234,1.0,0.0,1.34,1,"{'model_name': 'educational_evolving_memory_toy', 'state_dim': 32, 'seed': 79234, 'num_pairs': 2, 'interleaved_padding': 1}"
memory_capacity,memory_capacity,educational_evolving_memory_toy,num_pairs,2,87153,0.0,1.0,1.368,1,"{'model_name': 'educational_evolving_memory_toy', 'state_dim': 32, 'seed': 87153, 'num_pairs': 2, 'interleaved_padding': 1}"
memory_capacity,memory_capacity,educational_evolving_memory_toy,num_pairs,2,95072,1.0,0.0,1.393,1,"{'model_name': 'educational_evolving_memory_toy', 'state_dim': 32, 'seed': 95072, 'num_pairs': 2, 'interleaved_padding': 1}"
memory_capacity,memory_capacity,educational_evolving_memory_toy,num_pairs,2,102991,0.0,1.0,1.381,1,"{'model_name': 'educational_evolving_memory_toy', 'state_dim': 32, 'seed': 102991, 'num_pairs': 2, 'interleaved_padding': 1}"
memory_capacity,memory_capacity,educational_evolving_memory_toy,num_pairs,2,110910,0.0,1.0,1.368,1,"{'model_name': 'educational_evolving_memory_toy', 'state_dim': 32, 'seed': 110910, 'num_pairs': 2, 'interleaved_padding': 1}"
memory_capacity,memory_capacity,educational_evolving_memory_toy,num_pairs,2,118829,0.0,1.0,1.385,1,"{'model_name': 'educational_evolving_memory_toy', 'state_dim': 32, 'seed': 118829, 'num_pairs': 2, 'interleaved_padding': 1}"
memory_capacity,memory_capacity,educational_evolving_memory_toy,num_pairs,2,126748,1.0,0.0,1.382,1,"{'model_name': 'educational_evolving_memory_toy', 'state_dim': 32, 'seed': 126748, 'num_pairs': 2, 'interleaved_padding': 1}"
memory_capacity,memory_capacity,educational_evolving_memory_toy,num_pairs,2,134667,0.0,1.0,1.445,1,"{'model_name': 'educational_evolving_memory_toy', 'state_dim': 32, 'seed': 134667, 'num_pairs': 2, 'interleaved_padding': 1}"
memory_capacity,memory_capacity,educational_evolving_memory_toy,num_pairs,2,142586,0.0,1.0,1.336,1,"{'model_name': 'educational_evolving_memory_toy', 'state_dim': 32, 'seed': 142586, 'num_pairs': 2, 'interleaved_padding': 1}"
memory_capacity,memory_capacity,educational_evolving_memory_toy,num_pairs,2,150505,1.0,0.0,1.393,1,"{'model_name': 'educational_evolving_memory_toy', 'state_dim': 32, 'seed': 150505, 'num_pairs': 2, 'interleaved_padding': 1}"
memory_capacity,memory_capacity,educational_evolving_memory_toy,num_pairs,2,158424,1.0,0.0,1.374,1,"{'model_name': 'educational_evolving_memory_toy', 'state_dim': 32, 'seed': 158424, 'num_pairs': 2, 'interleaved_padding': 1}"
memory_capacity,memory_capacity,educational_evolving_memory_toy,num_pairs,2,166343,0.0,1.0,1.381,1,"{'model_name': 'educational_evolving_memory_toy', 'state_dim': 32, 'seed': 166343, 'num_pairs': 2, 'interleaved_padding': 1}"
memory_capacity,memory_capacity,educational_evolving_memory_toy,num_pairs,2,174262,1.0,0.0,1.347,1,"{'model_name': 'educational_evolving_memory_toy', 'state_dim': 32, 'seed': 174262, 'num_pairs': 2, 'interleaved_padding': 1}"
memory_capacity,memory_capacity,educational_evolving_memory_toy,num_pairs,2,182181,1.0,0.0,1.429,1,"{'model_name': 'educational_evolving_memory_toy', 'state_dim': 32, 'seed': 182181, 'num_pairs': 2, 'interleaved_padding': 1}"
memory_capacity,memory_capacity,educational_evolving_memory_toy,num_pairs,2,190100,1.0,0.0,1.41,1,"{'model_name': 'educational_evolving_memory_toy', 'state_dim': 32, 'seed': 190100, 'num_pairs': 2, 'interleaved_padding': 1}"
memory_capacity,memory_capacity,educational_evolving_memory_toy,num_pairs,2,198019,1.0,0.0,1.345,1,"{'model_name': 'educational_evolving_memory_toy', 'state_dim': 32, 'seed': 198019, 'num_pairs': 2, 'interleaved_padding': 1}"
memory_capacity,memory_capacity,educational_evolving_memory_toy,num_pairs,2,205938,1.0,0.0,1.323,1,"{'model_name': 'educational_evolving_memory_toy', 'state_dim': 32, 'seed': 205938, 'num_pairs': 2, 'interleaved_padding': 1}"
memory_capacity,memory_capacity,educational_evolving_memory_toy,num_pairs,2,213857,0.0,1.0,1.398,1,"{'model_name': 'educational_evolving_memory_toy', 'state_dim': 32, 'seed': 213857, 'num_pairs': 2, 'interleaved_padding': 1}"
memory_capacity,memory_capacity,educational_evolving_memory_toy,num_pairs,2,221776,1.0,0.0,4.661,1,"{'model_name': 'educational_evolving_memory_toy', 'state_dim': 32, 'seed': 221776, 'num_pairs': 2, 'interleaved_padding': 1}"
memory_capacity,memory_capacity,educational_evolving_memory_toy,num_pairs,2,229695,1.0,0.0,1.291,1,"{'model_name': 'educational_evolving_memory_toy', 'state_dim': 32, 'seed': 229695, 'num_pairs': 2, 'interleaved_padding': 1}"
memory_capacity,memory_capacity,educational_evolving_memory_toy,num_pairs,4,46,0.0,1.0,3.318,1,"{'model_name': 'educational_evolving_memory_toy', 'state_dim': 32, 'seed': 46, 'num_pairs': 4, 'interleaved_padding': 1}"
memory_capacity,memory_capacity,educational_evolving_memory_toy,num_pairs,4,7965,0.0,1.0,2.817,1,"{'model_name': 'educational_evolving_memory_toy', 'state_dim': 32, 'seed': 7965, 'num_pairs': 4, 'interleaved_padding': 1}"
memory_capacity,memory_capacity,educational_evolving_memory_toy,num_pairs,4,15884,0.0,1.0,1.962,1,"{'model_name': 'educational_evolving_memory_toy', 'state_dim': 32, 'seed': 15884, 'num_pairs': 4, 'interleaved_padding': 1}"
memory_capacity,memory_capacity,educational_evolving_memory_toy,num_pairs,4,23803,0.0,1.0,1.88,1,"{'model_name': 'educational_evolving_memory_toy', 'state_dim': 32, 'seed': 23803, 'num_pairs': 4, 'interleaved_padding': 1}"
memory_capacity,memory_capacity,educational_evolving_memory_toy,num_pairs,4,31722,0.0,1.0,3.038,1,"{'model_name': 'educational_evolving_memory_toy', 'state_dim': 32, 'seed': 31722, 'num_pairs': 4, 'interleaved_padding': 1}"
memory_capacity,memory_capacity,educational_evolving_memory_toy,num_pairs,4,39641,0.0,1.0,2.521,1,"{'model_name': 'educational_evolving_memory_toy', 'state_dim': 32, 'seed': 39641, 'num_pairs': 4, 'interleaved_padding': 1}"
memory_capacity,memory_capacity,educational_evolving_memory_toy,num_pairs,4,47560,0.0,1.0,2.443,1,"{'model_name': 'educational_evolving_memory_toy', 'state_dim': 32, 'seed': 47560, 'num_pairs': 4, 'interleaved_padding': 1}"
memory_capacity,memory_capacity,educational_evolving_memory_toy,num_pairs,4,55479,1.0,0.0,2.402,1,"{'model_name': 'educational_evolving_memory_toy', 'state_dim': 32, 'seed': 55479, 'num_pairs': 4, 'interleaved_padding': 1}"
memory_capacity,memory_capacity,educational_evolving_memory_toy,num_pairs,4,63398,0.0,1.0,2.546,1,"{'model_name': 'educational_evolving_memory_toy', 'state_dim': 32, 'seed': 63398, 'num_pairs': 4, 'interleaved_padding': 1}"
memory_capacity,memory_capacity,educational_evolving_memory_toy,num_pairs,4,71317,0.0,1.0,2.407,1,"{'model_name': 'educational_evolving_memory_toy', 'state_dim': 32, 'seed': 71317, 'num_pairs': 4, 'interleaved_padding': 1}"
memory_capacity,memory_capacity,educational_evolving_memory_toy,num_pairs,4,79236,0.0,1.0,2.443,1,"{'model_name': 'educational_evolving_memory_toy', 'state_dim': 32, 'seed': 79236, 'num_pairs': 4, 'interleaved_padding': 1}"
memory_capacity,memory_capacity,educational_evolving_memory_toy,num_pairs,4,87155,0.0,1.0,2.488,1,"{'model_name': 'educational_evolving_memory_toy', 'state_dim': 32, 'seed': 87155, 'num_pairs': 4, 'interleaved_padding': 1}"
memory_capacity,memory_capacity,educational_evolving_memory_toy,num_pairs,4,95074,0.0,1.0,2.434,1,"{'model_name': 'educational_evolving_memory_toy', 'state_dim': 32, 'seed': 95074, 'num_pairs': 4, 'interleaved_padding': 1}"
memory_capacity,memory_capacity,educational_evolving_memory_toy,num_pairs,4,102993,0.0,1.0,2.374,1,"{'model_name': 'educational_evolving_memory_toy', 'state_dim': 32, 'seed': 102993, 'num_pairs': 4, 'interleaved_padding': 1}"
memory_capacity,memory_capacity,educational_evolving_memory_toy,num_pairs,4,110912,0.0,1.0,2.578,1,"{'model_name': 'educational_evolving_memory_toy', 'state_dim': 32, 'seed': 110912, 'num_pairs': 4, 'interleaved_padding': 1}"
memory_capacity,memory_capacity,educational_evolving_memory_toy,num_pairs,4,118831,1.0,0.0,2.563,1,"{'model_name': 'educational_evolving_memory_toy', 'state_dim': 32, 'seed': 118831, 'num_pairs': 4, 'interleaved_padding': 1}"
memory_capacity,memory_capacity,educational_evolving_memory_toy,num_pairs,4,126750,0.0,1.0,2.563,1,"{'model_name': 'educational_evolving_memory_toy', 'state_dim': 32, 'seed': 126750, 'num_pairs': 4, 'interleaved_padding': 1}"
memory_capacity,memory_capacity,educational_evolving_memory_toy,num_pairs,4,134669,0.0,1.0,2.418,1,"{'model_name': 'educational_evolving_memory_toy', 'state_dim': 32, 'seed': 134669, 'num_pairs': 4, 'interleaved_padding': 1}"
memory_capacity,memory_capacity,educational_evolving_memory_toy,num_pairs,4,142588,0.0,1.0,2.363,1,"{'model_name': 'educational_evolving_memory_toy', 'state_dim': 32, 'seed': 142588, 'num_pairs': 4, 'interleaved_padding': 1}"
memory_capacity,memory_capacity,educational_evolving_memory_toy,num_pairs,4,150507,0.0,1.0,2.497,1,"{'model_name': 'educational_evolving_memory_toy', 'state_dim': 32, 'seed': 150507, 'num_pairs': 4, 'interleaved_padding': 1}"
memory_capacity,memory_capacity,educational_evolving_memory_toy,num_pairs,4,158426,0.0,1.0,2.403,1,"{'model_name': 'educational_evolving_memory_toy', 'state_dim': 32, 'seed': 158426, 'num_pairs': 4, 'interleaved_padding': 1}"
memory_capacity,memory_capacity,educational_evolving_memory_toy,num_pairs,4,166345,0.0,1.0,2.373,1,"{'model_name': 'educational_evolving_memory_toy', 'state_dim': 32, 'seed': 166345, 'num_pairs': 4, 'interleaved_padding': 1}"
memory_capacity,memory_capacity,educational_evolving_memory_toy,num_pairs,4,174264,0.0,1.0,2.445,1,"{'model_name': 'educational_evolving_memory_toy', 'state_dim': 32, 'seed': 174264, 'num_pairs': 4, 'interleaved_padding': 1}"
memory_capacity,memory_capacity,educational_evolving_memory_toy,num_pairs,4,182183,1.0,0.0,2.498,1,"{'model_name': 'educational_evolving_memory_toy', 'state_dim': 32, 'seed': 182183, 'num_pairs': 4, 'interleaved_padding': 1}"
memory_capacity,memory_capacity,educational_evolving_memory_toy,num_pairs,4,190102,0.0,1.0,2.369,1,"{'model_name': 'educational_evolving_memory_toy', 'state_dim': 32, 'seed': 190102, 'num_pairs': 4, 'interleaved_padding': 1}"
memory_capacity,memory_capacity,educational_evolving_memory_toy,num_pairs,4,198021,0.0,1.0,2.552,1,"{'model_name': 'educational_evolving_memory_toy', 'state_dim': 32, 'seed': 198021, 'num_pairs': 4, 'interleaved_padding': 1}"
memory_capacity,memory_capacity,educational_evolving_memory_toy,num_pairs,4,205940,0.0,1.0,2.382,1,"{'model_name': 'educational_evolving_memory_toy', 'state_dim': 32, 'seed': 205940, 'num_pairs': 4, 'interleaved_padding': 1}"
memory_capacity,memory_capacity,educational_evolving_memory_toy,num_pairs,4,213859,0.0,1.0,2.386,1,"{'model_name': 'educational_evolving_memory_toy', 'state_dim': 32, 'seed': 213859, 'num_pairs': 4, 'interleaved_padding': 1}"
memory_capacity,memory_capacity,educational_evolving_memory_toy,num_pairs,4,221778,1.0,0.0,2.343,1,"{'model_name': 'educational_evolving_memory_toy', 'state_dim': 32, 'seed': 221778, 'num_pairs': 4, 'interleaved_padding': 1}"
memory_capacity,memory_capacity,educational_evolving_memory_toy,num_pairs,4,229697,0.0,1.0,2.331,1,"{'model_name': 'educational_evolving_memory_toy', 'state_dim': 32, 'seed': 229697, 'num_pairs': 4, 'interleaved_padding': 1}"
memory_capacity,memory_capacity,educational_evolving_memory_toy,num_pairs,8,50,0.0,1.0,4.83,1,"{'model_name': 'educational_evolving_memory_toy', 'state_dim': 32, 'seed': 50, 'num_pairs': 8, 'interleaved_padding': 1}"
memory_capacity,memory_capacity,educational_evolving_memory_toy,num_pairs,8,7969,0.0,1.0,4.326,1,"{'model_name': 'educational_evolving_memory_toy', 'state_dim': 32, 'seed': 7969, 'num_pairs': 8, 'interleaved_padding': 1}"
memory_capacity,memory_capacity,educational_evolving_memory_toy,num_pairs,8,15888,0.0,1.0,4.293,1,"{'model_name': 'educational_evolving_memory_toy', 'state_dim': 32, 'seed': 15888, 'num_pairs': 8, 'interleaved_padding': 1}"
memory_capacity,memory_capacity,educational_evolving_memory_toy,num_pairs,8,23807,0.0,1.0,4.339,1,"{'model_name': 'educational_evolving_memory_toy', 'state_dim': 32, 'seed': 23807, 'num_pairs': 8, 'interleaved_padding': 1}"
memory_capacity,memory_capacity,educational_evolving_memory_toy,num_pairs,8,31726,0.0,1.0,4.329,1,"{'model_name': 'educational_evolving_memory_toy', 'state_dim': 32, 'seed': 31726, 'num_pairs': 8, 'interleaved_padding': 1}"
memory_capacity,memory_capacity,educational_evolving_memory_toy,num_pairs,8,39645,0.0,1.0,4.323,1,"{'model_name': 'educational_evolving_memory_toy', 'state_dim': 32, 'seed': 39645, 'num_pairs': 8, 'interleaved_padding': 1}"
memory_capacity,memory_capacity,educational_evolving_memory_toy,num_pairs,8,47564,0.0,1.0,4.267,1,"{'model_name': 'educational_evolving_memory_toy', 'state_dim': 32, 'seed': 47564, 'num_pairs': 8, 'interleaved_padding': 1}"
memory_capacity,memory_capacity,educational_evolving_memory_toy,num_pairs,8,55483,0.0,1.0,4.354,1,"{'model_name': 'educational_evolving_memory_toy', 'state_dim': 32, 'seed': 55483, 'num_pairs': 8, 'interleaved_padding': 1}"
memory_capacity,memory_capacity,educational_evolving_memory_toy,num_pairs,8,63402,0.0,1.0,4.199,1,"{'model_name': 'educational_evolving_memory_toy', 'state_dim': 32, 'seed': 63402, 'num_pairs': 8, 'interleaved_padding': 1}"
memory_capacity,memory_capacity,educational_evolving_memory_toy,num_pairs,8,71321,0.0,1.0,4.267,1,"{'model_name': 'educational_evolving_memory_toy', 'state_dim': 32, 'seed': 71321, 'num_pairs': 8, 'interleaved_padding': 1}"
memory_capacity,memory_capacity,educational_evolving_memory_toy,num_pairs,8,79240,0.0,1.0,4.245,1,"{'model_name': 'educational_evolving_memory_toy', 'state_dim': 32, 'seed': 79240, 'num_pairs': 8, 'interleaved_padding': 1}"
memory_capacity,memory_capacity,educational_evolving_memory_toy,num_pairs,8,87159,0.0,1.0,4.278,1,"{'model_name': 'educational_evolving_memory_toy', 'state_dim': 32, 'seed': 87159, 'num_pairs': 8, 'interleaved_padding': 1}"
memory_capacity,memory_capacity,educational_evolving_memory_toy,num_pairs,8,95078,0.0,1.0,4.325,1,"{'model_name': 'educational_evolving_memory_toy', 'state_dim': 32, 'seed': 95078, 'num_pairs': 8, 'interleaved_padding': 1}"
memory_capacity,memory_capacity,educational_evolving_memory_toy,num_pairs,8,102997,0.0,1.0,6.15,1,"{'model_name': 'educational_evolving_memory_toy', 'state_dim': 32, 'seed': 102997, 'num_pairs': 8, 'interleaved_padding': 1}"
memory_capacity,memory_capacity,educational_evolving_memory_toy,num_pairs,8,110916,0.0,1.0,4.378,1,"{'model_name': 'educational_evolving_memory_toy', 'state_dim': 32, 'seed': 110916, 'num_pairs': 8, 'interleaved_padding': 1}"
memory_capacity,memory_capacity,educational_evolving_memory_toy,num_pairs,8,118835,0.0,1.0,4.261,1,"{'model_name': 'educational_evolving_memory_toy', 'state_dim': 32, 'seed': 118835, 'num_pairs': 8, 'interleaved_padding': 1}"
memory_capacity,memory_capacity,educational_evolving_memory_toy,num_pairs,8,126754,0.0,1.0,4.228,1,"{'model_name': 'educational_evolving_memory_toy', 'state_dim': 32, 'seed': 126754, 'num_pairs': 8, 'interleaved_padding': 1}"
memory_capacity,memory_capacity,educational_evolving_memory_toy,num_pairs,8,134673,0.0,1.0,4.372,1,"{'model_name': 'educational_evolving_memory_toy', 'state_dim': 32, 'seed': 134673, 'num_pairs': 8, 'interleaved_padding': 1}"
memory_capacity,memory_capacity,educational_evolving_memory_toy,num_pairs,8,142592,0.0,1.0,4.418,1,"{'model_name': 'educational_evolving_memory_toy', 'state_dim': 32, 'seed': 142592, 'num_pairs': 8, 'interleaved_padding': 1}"
memory_capacity,memory_capacity,educational_evolving_memory_toy,num_pairs,8,150511,0.0,1.0,4.195,1,"{'model_name': 'educational_evolving_memory_toy', 'state_dim': 32, 'seed': 150511, 'num_pairs': 8, 'interleaved_padding': 1}"
memory_capacity,memory_capacity,educational_evolving_memory_toy,num_pairs,8,158430,0.0,1.0,4.185,1,"{'model_name': 'educational_evolving_memory_toy', 'state_dim': 32, 'seed': 158430, 'num_pairs': 8, 'interleaved_padding': 1}"
memory_capacity,memory_capacity,educational_evolving_memory_toy,num_pairs,8,166349,0.0,1.0,4.365,1,"{'model_name': 'educational_evolving_memory_toy', 'state_dim': 32, 'seed': 166349, 'num_pairs': 8, 'interleaved_padding': 1}"
memory_capacity,memory_capacity,educational_evolving_memory_toy,num_pairs,8,174268,0.0,1.0,4.232,1,"{'model_name': 'educational_evolving_memory_toy', 'state_dim': 32, 'seed': 174268, 'num_pairs': 8, 'interleaved_padding': 1}"
memory_capacity,memory_capacity,educational_evolving_memory_toy,num_pairs,8,182187,1.0,0.0,4.218,1,"{'model_name': 'educational_evolving_memory_toy', 'state_dim': 32, 'seed': 182187, 'num_pairs': 8, 'interleaved_padding': 1}"
memory_capacity,memory_capacity,educational_evolving_memory_toy,num_pairs,8,190106,0.0,1.0,4.269,1,"{'model_name': 'educational_evolving_memory_toy', 'state_dim': 32, 'seed': 190106, 'num_pairs': 8, 'interleaved_padding': 1}"
memory_capacity,memory_capacity,educational_evolving_memory_toy,num_pairs,8,198025,0.0,1.0,4.53,1,"{'model_name': 'educational_evolving_memory_toy', 'state_dim': 32, 'seed': 198025, 'num_pairs': 8, 'interleaved_padding': 1}"
memory_capacity,memory_capacity,educational_evolving_memory_toy,num_pairs,8,205944,0.0,1.0,7.549,1,"{'model_name': 'educational_evolving_memory_toy', 'state_dim': 32, 'seed': 205944, 'num_pairs': 8, 'interleaved_padding': 1}"
memory_capacity,memory_capacity,educational_evolving_memory_toy,num_pairs,8,213863,0.0,1.0,18.855,1,"{'model_name': 'educational_evolving_memory_toy', 'state_dim': 32, 'seed': 213863, 'num_pairs': 8, 'interleaved_padding': 1}"
memory_capacity,memory_capacity,educational_evolving_memory_toy,num_pairs,8,221782,0.0,1.0,18.065,1,"{'model_name': 'educational_evolving_memory_toy', 'state_dim': 32, 'seed': 221782, 'num_pairs': 8, 'interleaved_padding': 1}"
memory_capacity,memory_capacity,educational_evolving_memory_toy,num_pairs,8,229701,1.0,0.0,18.388,1,"{'model_name': 'educational_evolving_memory_toy', 'state_dim': 32, 'seed': 229701, 'num_pairs': 8, 'interleaved_padding': 1}"
memory_capacity,memory_capacity,educational_evolving_memory_toy,num_pairs,12,54,0.0,1.0,6.686,1,"{'model_name': 'educational_evolving_memory_toy', 'state_dim': 32, 'seed': 54, 'num_pairs': 12, 'interleaved_padding': 1}"
memory_capacity,memory_capacity,educational_evolving_memory_toy,num_pairs,12,7973,0.0,1.0,7.085,1,"{'model_name': 'educational_evolving_memory_toy', 'state_dim': 32, 'seed': 7973, 'num_pairs': 12, 'interleaved_padding': 1}"
memory_capacity,memory_capacity,educational_evolving_memory_toy,num_pairs,12,15892,0.0,1.0,6.352,1,"{'model_name': 'educational_evolving_memory_toy', 'state_dim': 32, 'seed': 15892, 'num_pairs': 12, 'interleaved_padding': 1}"
memory_capacity,memory_capacity,educational_evolving_memory_toy,num_pairs,12,23811,0.0,1.0,6.467,1,"{'model_name': 'educational_evolving_memory_toy', 'state_dim': 32, 'seed': 23811, 'num_pairs': 12, 'interleaved_padding': 1}"
memory_capacity,memory_capacity,educational_evolving_memory_toy,num_pairs,12,31730,0.0,1.0,6.284,1,"{'model_name': 'educational_evolving_memory_toy', 'state_dim': 32, 'seed': 31730, 'num_pairs': 12, 'interleaved_padding': 1}"
memory_capacity,memory_capacity,educational_evolving_memory_toy,num_pairs,12,39649,0.0,1.0,6.144,1,"{'model_name': 'educational_evolving_memory_toy', 'state_dim': 32, 'seed': 39649, 'num_pairs': 12, 'interleaved_padding': 1}"
memory_capacity,memory_capacity,educational_evolving_memory_toy,num_pairs,12,47568,0.0,1.0,22.479,1,"{'model_name': 'educational_evolving_memory_toy', 'state_dim': 32, 'seed': 47568, 'num_pairs': 12, 'interleaved_padding': 1}"
memory_capacity,memory_capacity,educational_evolving_memory_toy,num_pairs,12,55487,1.0,0.0,5.259,1,"{'model_name': 'educational_evolving_memory_toy', 'state_dim': 32, 'seed': 55487, 'num_pairs': 12, 'interleaved_padding': 1}"
memory_capacity,memory_capacity,educational_evolving_memory_toy,num_pairs,12,63406,1.0,0.0,6.666,1,"{'model_name': 'educational_evolving_memory_toy', 'state_dim': 32, 'seed': 63406, 'num_pairs': 12, 'interleaved_padding': 1}"
memory_capacity,memory_capacity,educational_evolving_memory_toy,num_pairs,12,71325,0.0,1.0,6.301,1,"{'model_name': 'educational_evolving_memory_toy', 'state_dim': 32, 'seed': 71325, 'num_pairs': 12, 'interleaved_padding': 1}"
memory_capacity,memory_capacity,educational_evolving_memory_toy,num_pairs,12,79244,0.0,1.0,6.174,1,"{'model_name': 'educational_evolving_memory_toy', 'state_dim': 32, 'seed': 79244, 'num_pairs': 12, 'interleaved_padding': 1}"
memory_capacity,memory_capacity,educational_evolving_memory_toy,num_pairs,12,87163,1.0,0.0,6.316,1,"{'model_name': 'educational_evolving_memory_toy', 'state_dim': 32, 'seed': 87163, 'num_pairs': 12, 'interleaved_padding': 1}"
memory_capacity,memory_capacity,educational_evolving_memory_toy,num_pairs,12,95082,0.0,1.0,6.162,1,"{'model_name': 'educational_evolving_memory_toy', 'state_dim': 32, 'seed': 95082, 'num_pairs': 12, 'interleaved_padding': 1}"
memory_capacity,memory_capacity,educational_evolving_memory_toy,num_pairs,12,103001,0.0,1.0,16.739,1,"{'model_name': 'educational_evolving_memory_toy', 'state_dim': 32, 'seed': 103001, 'num_pairs': 12, 'interleaved_padding': 1}"
memory_capacity,memory_capacity,educational_evolving_memory_toy,num_pairs,12,110920,0.0,1.0,26.452,1,"{'model_name': 'educational_evolving_memory_toy', 'state_dim': 32, 'seed': 110920, 'num_pairs': 12, 'interleaved_padding': 1}"
memory_capacity,memory_capacity,educational_evolving_memory_toy,num_pairs,12,118839,1.0,0.0,27.416,1,"{'model_name': 'educational_evolving_memory_toy', 'state_dim': 32, 'seed': 118839, 'num_pairs': 12, 'interleaved_padding': 1}"
memory_capacity,memory_capacity,educational_evolving_memory_toy,num_pairs,12,126758,0.0,1.0,21.319,1,"{'model_name': 'educational_evolving_memory_toy', 'state_dim': 32, 'seed': 126758, 'num_pairs': 12, 'interleaved_padding': 1}"
memory_capacity,memory_capacity,educational_evolving_memory_toy,num_pairs,12,134677,0.0,1.0,5.252,1,"{'model_name': 'educational_evolving_memory_toy', 'state_dim': 32, 'seed': 134677, 'num_pairs': 12, 'interleaved_padding': 1}"
memory_capacity,memory_capacity,educational_evolving_memory_toy,num_pairs,12,142596,0.0,1.0,4.859,1,"{'model_name': 'educational_evolving_memory_toy', 'state_dim': 32, 'seed': 142596, 'num_pairs': 12, 'interleaved_padding': 1}"
memory_capacity,memory_capacity,educational_evolving_memory_toy,num_pairs,12,150515,0.0,1.0,4.714,1,"{'model_name': 'educational_evolving_memory_toy', 'state_dim': 32, 'seed': 150515, 'num_pairs': 12, 'interleaved_padding': 1}"
memory_capacity,memory_capacity,educational_evolving_memory_toy,num_pairs,12,158434,0.0,1.0,4.628,1,"{'model_name': 'educational_evolving_memory_toy', 'state_dim': 32, 'seed': 158434, 'num_pairs': 12, 'interleaved_padding': 1}"
memory_capacity,memory_capacity,educational_evolving_memory_toy,num_pairs,12,166353,0.0,1.0,4.724,1,"{'model_name': 'educational_evolving_memory_toy', 'state_dim': 32, 'seed': 166353, 'num_pairs': 12, 'interleaved_padding': 1}"
memory_capacity,memory_capacity,educational_evolving_memory_toy,num_pairs,12,174272,0.0,1.0,4.645,1,"{'model_name': 'educational_evolving_memory_toy', 'state_dim': 32, 'seed': 174272, 'num_pairs': 12, 'interleaved_padding': 1}"
memory_capacity,memory_capacity,educational_evolving_memory_toy,num_pairs,12,182191,0.0,1.0,4.638,1,"{'model_name': 'educational_evolving_memory_toy', 'state_dim': 32, 'seed': 182191, 'num_pairs': 12, 'interleaved_padding': 1}"
memory_capacity,memory_capacity,educational_evolving_memory_toy,num_pairs,12,190110,0.0,1.0,4.814,1,"{'model_name': 'educational_evolving_memory_toy', 'state_dim': 32, 'seed': 190110, 'num_pairs': 12, 'interleaved_padding': 1}"
memory_capacity,memory_capacity,educational_evolving_memory_toy,num_pairs,12,198029,0.0,1.0,5.458,1,"{'model_name': 'educational_evolving_memory_toy', 'state_dim': 32, 'seed': 198029, 'num_pairs': 12, 'interleaved_padding': 1}"
memory_capacity,memory_capacity,educational_evolving_memory_toy,num_pairs,12,205948,0.0,1.0,4.843,1,"{'model_name': 'educational_evolving_memory_toy', 'state_dim': 32, 'seed': 205948, 'num_pairs': 12, 'interleaved_padding': 1}"
memory_capacity,memory_capacity,educational_evolving_memory_toy,num_pairs,12,213867,0.0,1.0,4.955,1,"{'model_name': 'educational_evolving_memory_toy', 'state_dim': 32, 'seed': 213867, 'num_pairs': 12, 'interleaved_padding': 1}"
memory_capacity,memory_capacity,educational_evolving_memory_toy,num_pairs,12,221786,0.0,1.0,5.702,1,"{'model_name': 'educational_evolving_memory_toy', 'state_dim': 32, 'seed': 221786, 'num_pairs': 12, 'interleaved_padding': 1}"
memory_capacity,memory_capacity,educational_evolving_memory_toy,num_pairs,12,229705,0.0,1.0,4.997,1,"{'model_name': 'educational_evolving_memory_toy', 'state_dim': 32, 'seed': 229705, 'num_pairs': 12, 'interleaved_padding': 1}"
memory_capacity,memory_capacity,educational_evolving_memory_toy,num_pairs,16,58,0.0,1.0,8.763,1,"{'model_name': 'educational_evolving_memory_toy', 'state_dim': 32, 'seed': 58, 'num_pairs': 16, 'interleaved_padding': 1}"
memory_capacity,memory_capacity,educational_evolving_memory_toy,num_pairs,16,7977,0.0,1.0,8.532,1,"{'model_name': 'educational_evolving_memory_toy', 'state_dim': 32, 'seed': 7977, 'num_pairs': 16, 'interleaved_padding': 1}"
memory_capacity,memory_capacity,educational_evolving_memory_toy,num_pairs,16,15896,0.0,1.0,7.642,1,"{'model_name': 'educational_evolving_memory_toy', 'state_dim': 32, 'seed': 15896, 'num_pairs': 16, 'interleaved_padding': 1}"
memory_capacity,memory_capacity,educational_evolving_memory_toy,num_pairs,16,23815,0.0,1.0,7.692,1,"{'model_name': 'educational_evolving_memory_toy', 'state_dim': 32, 'seed': 23815, 'num_pairs': 16, 'interleaved_padding': 1}"
memory_capacity,memory_capacity,educational_evolving_memory_toy,num_pairs,16,31734,0.0,1.0,7.705,1,"{'model_name': 'educational_evolving_memory_toy', 'state_dim': 32, 'seed': 31734, 'num_pairs': 16, 'interleaved_padding': 1}"
memory_capacity,memory_capacity,educational_evolving_memory_toy,num_pairs,16,39653,0.0,1.0,7.658,1,"{'model_name': 'educational_evolving_memory_toy', 'state_dim': 32, 'seed': 39653, 'num_pairs': 16, 'interleaved_padding': 1}"
memory_capacity,memory_capacity,educational_evolving_memory_toy,num_pairs,16,47572,0.0,1.0,7.531,1,"{'model_name': 'educational_evolving_memory_toy', 'state_dim': 32, 'seed': 47572, 'num_pairs': 16, 'interleaved_padding': 1}"
memory_capacity,memory_capacity,educational_evolving_memory_toy,num_pairs,16,55491,0.0,1.0,9.326,1,"{'model_name': 'educational_evolving_memory_toy', 'state_dim': 32, 'seed': 55491, 'num_pairs': 16, 'interleaved_padding': 1}"
memory_capacity,memory_capacity,educational_evolving_memory_toy,num_pairs,16,63410,0.0,1.0,7.598,1,"{'model_name': 'educational_evolving_memory_toy', 'state_dim': 32, 'seed': 63410, 'num_pairs': 16, 'interleaved_padding': 1}"
memory_capacity,memory_capacity,educational_evolving_memory_toy,num_pairs,16,71329,0.0,1.0,8.732,1,"{'model_name': 'educational_evolving_memory_toy', 'state_dim': 32, 'seed': 71329, 'num_pairs': 16, 'interleaved_padding': 1}"
memory_capacity,memory_capacity,educational_evolving_memory_toy,num_pairs,16,79248,0.0,1.0,8.101,1,"{'model_name': 'educational_evolving_memory_toy', 'state_dim': 32, 'seed': 79248, 'num_pairs': 16, 'interleaved_padding': 1}"
memory_capacity,memory_capacity,educational_evolving_memory_toy,num_pairs,16,87167,0.0,1.0,8.218,1,"{'model_name': 'educational_evolving_memory_toy', 'state_dim': 32, 'seed': 87167, 'num_pairs': 16, 'interleaved_padding': 1}"
memory_capacity,memory_capacity,educational_evolving_memory_toy,num_pairs,16,95086,0.0,1.0,8.131,1,"{'model_name': 'educational_evolving_memory_toy', 'state_dim': 32, 'seed': 95086, 'num_pairs': 16, 'interleaved_padding': 1}"
memory_capacity,memory_capacity,educational_evolving_memory_toy,num_pairs,16,103005,0.0,1.0,8.178,1,"{'model_name': 'educational_evolving_memory_toy', 'state_dim': 32, 'seed': 103005, 'num_pairs': 16, 'interleaved_padding': 1}"
memory_capacity,memory_capacity,educational_evolving_memory_toy,num_pairs,16,110924,1.0,0.0,25.995,1,"{'model_name': 'educational_evolving_memory_toy', 'state_dim': 32, 'seed': 110924, 'num_pairs': 16, 'interleaved_padding': 1}"
memory_capacity,memory_capacity,educational_evolving_memory_toy,num_pairs,16,118843,0.0,1.0,34.322,1,"{'model_name': 'educational_evolving_memory_toy', 'state_dim': 32, 'seed': 118843, 'num_pairs': 16, 'interleaved_padding': 1}"
memory_capacity,memory_capacity,educational_evolving_memory_toy,num_pairs,16,126762,0.0,1.0,36.329,1,"{'model_name': 'educational_evolving_memory_toy', 'state_dim': 32, 'seed': 126762, 'num_pairs': 16, 'interleaved_padding': 1}"
memory_capacity,memory_capacity,educational_evolving_memory_toy,num_pairs,16,134681,1.0,0.0,45.74,1,"{'model_name': 'educational_evolving_memory_toy', 'state_dim': 32, 'seed': 134681, 'num_pairs': 16, 'interleaved_padding': 1}"
memory_capacity,memory_capacity,educational_evolving_memory_toy,num_pairs,16,142600,0.0,1.0,50.283,1,"{'model_name': 'educational_evolving_memory_toy', 'state_dim': 32, 'seed': 142600, 'num_pairs': 16, 'interleaved_padding': 1}"
memory_capacity,memory_capacity,educational_evolving_memory_toy,num_pairs,16,150519,0.0,1.0,53.33,1,"{'model_name': 'educational_evolving_memory_toy', 'state_dim': 32, 'seed': 150519, 'num_pairs': 16, 'interleaved_padding': 1}"
memory_capacity,memory_capacity,educational_evolving_memory_toy,num_pairs,16,158438,0.0,1.0,49.539,1,"{'model_name': 'educational_evolving_memory_toy', 'state_dim': 32, 'seed': 158438, 'num_pairs': 16, 'interleaved_padding': 1}"
memory_capacity,memory_capacity,educational_evolving_memory_toy,num_pairs,16,166357,0.0,1.0,52.006,1,"{'model_name': 'educational_evolving_memory_toy', 'state_dim': 32, 'seed': 166357, 'num_pairs': 16, 'interleaved_padding': 1}"
memory_capacity,memory_capacity,educational_evolving_memory_toy,num_pairs,16,174276,1.0,0.0,47.127,1,"{'model_name': 'educational_evolving_memory_toy', 'state_dim': 32, 'seed': 174276, 'num_pairs': 16, 'interleaved_padding': 1}"
memory_capacity,memory_capacity,educational_evolving_memory_toy,num_pairs,16,182195,1.0,0.0,50.184,1,"{'model_name': 'educational_evolving_memory_toy', 'state_dim': 32, 'seed': 182195, 'num_pairs': 16, 'interleaved_padding': 1}"
memory_capacity,memory_capacity,educational_evolving_memory_toy,num_pairs,16,190114,0.0,1.0,40.885,1,"{'model_name': 'educational_evolving_memory_toy', 'state_dim': 32, 'seed': 190114, 'num_pairs': 16, 'interleaved_padding': 1}"
memory_capacity,memory_capacity,educational_evolving_memory_toy,num_pairs,16,198033,0.0,1.0,50.313,1,"{'model_name': 'educational_evolving_memory_toy', 'state_dim': 32, 'seed': 198033, 'num_pairs': 16, 'interleaved_padding': 1}"
memory_capacity,memory_capacity,educational_evolving_memory_toy,num_pairs,16,205952,0.0,1.0,44.462,1,"{'model_name': 'educational_evolving_memory_toy', 'state_dim': 32, 'seed': 205952, 'num_pairs': 16, 'interleaved_padding': 1}"
memory_capacity,memory_capacity,educational_evolving_memory_toy,num_pairs,16,213871,0.0,1.0,41.653,1,"{'model_name': 'educational_evolving_memory_toy', 'state_dim': 32, 'seed': 213871, 'num_pairs': 16, 'interleaved_padding': 1}"
memory_capacity,memory_capacity,educational_evolving_memory_toy,num_pairs,16,221790,0.0,1.0,43.181,1,"{'model_name': 'educational_evolving_memory_toy', 'state_dim': 32, 'seed': 221790, 'num_pairs': 16, 'interleaved_padding': 1}"
memory_capacity,memory_capacity,educational_evolving_memory_toy,num_pairs,16,229709,0.0,1.0,44.614,1,"{'model_name': 'educational_evolving_memory_toy', 'state_dim': 32, 'seed': 229709, 'num_pairs': 16, 'interleaved_padding': 1}"
memory_capacity,memory_capacity,educational_evolving_memory_toy,num_pairs,24,66,0.0,1.0,67.769,1,"{'model_name': 'educational_evolving_memory_toy', 'state_dim': 32, 'seed': 66, 'num_pairs': 24, 'interleaved_padding': 1}"
memory_capacity,memory_capacity,educational_evolving_memory_toy,num_pairs,24,7985,0.0,1.0,65.928,1,"{'model_name': 'educational_evolving_memory_toy', 'state_dim': 32, 'seed': 7985, 'num_pairs': 24, 'interleaved_padding': 1}"
memory_capacity,memory_capacity,educational_evolving_memory_toy,num_pairs,24,15904,0.0,1.0,66.351,1,"{'model_name': 'educational_evolving_memory_toy', 'state_dim': 32, 'seed': 15904, 'num_pairs': 24, 'interleaved_padding': 1}"
memory_capacity,memory_capacity,educational_evolving_memory_toy,num_pairs,24,23823,0.0,1.0,63.143,1,"{'model_name': 'educational_evolving_memory_toy', 'state_dim': 32, 'seed': 23823, 'num_pairs': 24, 'interleaved_padding': 1}"
memory_capacity,memory_capacity,educational_evolving_memory_toy,num_pairs,24,31742,0.0,1.0,59.771,1,"{'model_name': 'educational_evolving_memory_toy', 'state_dim': 32, 'seed': 31742, 'num_pairs': 24, 'interleaved_padding': 1}"
memory_capacity,memory_capacity,educational_evolving_memory_toy,num_pairs,24,39661,0.0,1.0,64.726,1,"{'model_name': 'educational_evolving_memory_toy', 'state_dim': 32, 'seed': 39661, 'num_pairs': 24, 'interleaved_padding': 1}"
memory_capacity,memory_capacity,educational_evolving_memory_toy,num_pairs,24,47580,0.0,1.0,65.53,1,"{'model_name': 'educational_evolving_memory_toy', 'state_dim': 32, 'seed': 47580, 'num_pairs': 24, 'interleaved_padding': 1}"
memory_capacity,memory_capacity,educational_evolving_memory_toy,num_pairs,24,55499,0.0,1.0,78.081,1,"{'model_name': 'educational_evolving_memory_toy', 'state_dim': 32, 'seed': 55499, 'num_pairs': 24, 'interleaved_padding': 1}"
memory_capacity,memory_capacity,educational_evolving_memory_toy,num_pairs,24,63418,0.0,1.0,68.364,1,"{'model_name': 'educational_evolving_memory_toy', 'state_dim': 32, 'seed': 63418, 'num_pairs': 24, 'interleaved_padding': 1}"
memory_capacity,memory_capacity,educational_evolving_memory_toy,num_pairs,24,71337,0.0,1.0,67.866,1,"{'model_name': 'educational_evolving_memory_toy', 'state_dim': 32, 'seed': 71337, 'num_pairs': 24, 'interleaved_padding': 1}"
memory_capacity,memory_capacity,educational_evolving_memory_toy,num_pairs,24,79256,0.0,1.0,64.791,1,"{'model_name': 'educational_evolving_memory_toy', 'state_dim': 32, 'seed': 79256, 'num_pairs': 24, 'interleaved_padding': 1}"
memory_capacity,memory_capacity,educational_evolving_memory_toy,num_pairs,24,87175,1.0,0.0,63.72,1,"{'model_name': 'educational_evolving_memory_toy', 'state_dim': 32, 'seed': 87175, 'num_pairs': 24, 'interleaved_padding': 1}"
memory_capacity,memory_capacity,educational_evolving_memory_toy,num_pairs,24,95094,0.0,1.0,64.073,1,"{'model_name': 'educational_evolving_memory_toy', 'state_dim': 32, 'seed': 95094, 'num_pairs': 24, 'interleaved_padding': 1}"
memory_capacity,memory_capacity,educational_evolving_memory_toy,num_pairs,24,103013,0.0,1.0,66.262,1,"{'model_name': 'educational_evolving_memory_toy', 'state_dim': 32, 'seed': 103013, 'num_pairs': 24, 'interleaved_padding': 1}"
memory_capacity,memory_capacity,educational_evolving_memory_toy,num_pairs,24,110932,0.0,1.0,59.825,1,"{'model_name': 'educational_evolving_memory_toy', 'state_dim': 32, 'seed': 110932, 'num_pairs': 24, 'interleaved_padding': 1}"
memory_capacity,memory_capacity,educational_evolving_memory_toy,num_pairs,24,118851,0.0,1.0,60.536,1,"{'model_name': 'educational_evolving_memory_toy', 'state_dim': 32, 'seed': 118851, 'num_pairs': 24, 'interleaved_padding': 1}"
memory_capacity,memory_capacity,educational_evolving_memory_toy,num_pairs,24,126770,0.0,1.0,60.58,1,"{'model_name': 'educational_evolving_memory_toy', 'state_dim': 32, 'seed': 126770, 'num_pairs': 24, 'interleaved_padding': 1}"
memory_capacity,memory_capacity,educational_evolving_memory_toy,num_pairs,24,134689,0.0,1.0,63.441,1,"{'model_name': 'educational_evolving_memory_toy', 'state_dim': 32, 'seed': 134689, 'num_pairs': 24, 'interleaved_padding': 1}"
memory_capacity,memory_capacity,educational_evolving_memory_toy,num_pairs,24,142608,0.0,1.0,60.737,1,"{'model_name': 'educational_evolving_memory_toy', 'state_dim': 32, 'seed': 142608, 'num_pairs': 24, 'interleaved_padding': 1}"
memory_capacity,memory_capacity,educational_evolving_memory_toy,num_pairs,24,150527,0.0,1.0,59.256,1,"{'model_name': 'educational_evolving_memory_toy', 'state_dim': 32, 'seed': 150527, 'num_pairs': 24, 'interleaved_padding': 1}"
memory_capacity,memory_capacity,educational_evolving_memory_toy,num_pairs,24,158446,0.0,1.0,59.528,1,"{'model_name': 'educational_evolving_memory_toy', 'state_dim': 32, 'seed': 158446, 'num_pairs': 24, 'interleaved_padding': 1}"
memory_capacity,memory_capacity,educational_evolving_memory_toy,num_pairs,24,166365,0.0,1.0,63.958,1,"{'model_name': 'educational_evolving_memory_toy', 'state_dim': 32, 'seed': 166365, 'num_pairs': 24, 'interleaved_padding': 1}"
memory_capacity,memory_capacity,educational_evolving_memory_toy,num_pairs,24,174284,0.0,1.0,67.105,1,"{'model_name': 'educational_evolving_memory_toy', 'state_dim': 32, 'seed': 174284, 'num_pairs': 24, 'interleaved_padding': 1}"
memory_capacity,memory_capacity,educational_evolving_memory_toy,num_pairs,24,182203,0.0,1.0,74.98,1,"{'model_name': 'educational_evolving_memory_toy', 'state_dim': 32, 'seed': 182203, 'num_pairs': 24, 'interleaved_padding': 1}"
memory_capacity,memory_capacity,educational_evolving_memory_toy,num_pairs,24,190122,0.0,1.0,55.05,1,"{'model_name': 'educational_evolving_memory_toy', 'state_dim': 32, 'seed': 190122, 'num_pairs': 24, 'interleaved_padding': 1}"
memory_capacity,memory_capacity,educational_evolving_memory_toy,num_pairs,24,198041,0.0,1.0,65.184,1,"{'model_name': 'educational_evolving_memory_toy', 'state_dim': 32, 'seed': 198041, 'num_pairs': 24, 'interleaved_padding': 1}"
memory_capacity,memory_capacity,educational_evolving_memory_toy,num_pairs,24,205960,0.0,1.0,57.459,1,"{'model_name': 'educational_evolving_memory_toy', 'state_dim': 32, 'seed': 205960, 'num_pairs': 24, 'interleaved_padding': 1}"
memory_capacity,memory_capacity,educational_evolving_memory_toy,num_pairs,24,213879,0.0,1.0,71.411,1,"{'model_name': 'educational_evolving_memory_toy', 'state_dim': 32, 'seed': 213879, 'num_pairs': 24, 'interleaved_padding': 1}"
memory_capacity,memory_capacity,educational_evolving_memory_toy,num_pairs,24,221798,0.0,1.0,68.845,1,"{'model_name': 'educational_evolving_memory_toy', 'state_dim': 32, 'seed': 221798, 'num_pairs': 24, 'interleaved_padding': 1}"
memory_capacity,memory_capacity,educational_evolving_memory_toy,num_pairs,24,229717,0.0,1.0,99.918,1,"{'model_name': 'educational_evolving_memory_toy', 'state_dim': 32, 'seed': 229717, 'num_pairs': 24, 'interleaved_padding': 1}"
memory_capacity,memory_capacity,educational_evolving_memory_toy,num_pairs,32,74,0.0,1.0,101.198,1,"{'model_name': 'educational_evolving_memory_toy', 'state_dim': 32, 'seed': 74, 'num_pairs': 32, 'interleaved_padding': 1}"
memory_capacity,memory_capacity,educational_evolving_memory_toy,num_pairs,32,7993,0.0,1.0,82.425,1,"{'model_name': 'educational_evolving_memory_toy', 'state_dim': 32, 'seed': 7993, 'num_pairs': 32, 'interleaved_padding': 1}"
memory_capacity,memory_capacity,educational_evolving_memory_toy,num_pairs,32,15912,0.0,1.0,80.902,1,"{'model_name': 'educational_evolving_memory_toy', 'state_dim': 32, 'seed': 15912, 'num_pairs': 32, 'interleaved_padding': 1}"
memory_capacity,memory_capacity,educational_evolving_memory_toy,num_pairs,32,23831,0.0,1.0,75.332,1,"{'model_name': 'educational_evolving_memory_toy', 'state_dim': 32, 'seed': 23831, 'num_pairs': 32, 'interleaved_padding': 1}"
memory_capacity,memory_capacity,educational_evolving_memory_toy,num_pairs,32,31750,0.0,1.0,77.698,1,"{'model_name': 'educational_evolving_memory_toy', 'state_dim': 32, 'seed': 31750, 'num_pairs': 32, 'interleaved_padding': 1}"
memory_capacity,memory_capacity,educational_evolving_memory_toy,num_pairs,32,39669,0.0,1.0,79.12,1,"{'model_name': 'educational_evolving_memory_toy', 'state_dim': 32, 'seed': 39669, 'num_pairs': 32, 'interleaved_padding': 1}"
memory_capacity,memory_capacity,educational_evolving_memory_toy,num_pairs,32,47588,0.0,1.0,89.746,1,"{'model_name': 'educational_evolving_memory_toy', 'state_dim': 32, 'seed': 47588, 'num_pairs': 32, 'interleaved_padding': 1}"
memory_capacity,memory_capacity,educational_evolving_memory_toy,num_pairs,32,55507,0.0,1.0,76.976,1,"{'model_name': 'educational_evolving_memory_toy', 'state_dim': 32, 'seed': 55507, 'num_pairs': 32, 'interleaved_padding': 1}"
memory_capacity,memory_capacity,educational_evolving_memory_toy,num_pairs,32,63426,0.0,1.0,78.379,1,"{'model_name': 'educational_evolving_memory_toy', 'state_dim': 32, 'seed': 63426, 'num_pairs': 32, 'interleaved_padding': 1}"
memory_capacity,memory_capacity,educational_evolving_memory_toy,num_pairs,32,71345,0.0,1.0,96.754,1,"{'model_name': 'educational_evolving_memory_toy', 'state_dim': 32, 'seed': 71345, 'num_pairs': 32, 'interleaved_padding': 1}"
memory_capacity,memory_capacity,educational_evolving_memory_toy,num_pairs,32,79264,0.0,1.0,86.157,1,"{'model_name': 'educational_evolving_memory_toy', 'state_dim': 32, 'seed': 79264, 'num_pairs': 32, 'interleaved_padding': 1}"
memory_capacity,memory_capacity,educational_evolving_memory_toy,num_pairs,32,87183,0.0,1.0,92.925,1,"{'model_name': 'educational_evolving_memory_toy', 'state_dim': 32, 'seed': 87183, 'num_pairs': 32, 'interleaved_padding': 1}"
memory_capacity,memory_capacity,educational_evolving_memory_toy,num_pairs,32,95102,0.0,1.0,85.613,1,"{'model_name': 'educational_evolving_memory_toy', 'state_dim': 32, 'seed': 95102, 'num_pairs': 32, 'interleaved_padding': 1}"
memory_capacity,memory_capacity,educational_evolving_memory_toy,num_pairs,32,103021,0.0,1.0,89.704,1,"{'model_name': 'educational_evolving_memory_toy', 'state_dim': 32, 'seed': 103021, 'num_pairs': 32, 'interleaved_padding': 1}"
memory_capacity,memory_capacity,educational_evolving_memory_toy,num_pairs,32,110940,0.0,1.0,90.391,1,"{'model_name': 'educational_evolving_memory_toy', 'state_dim': 32, 'seed': 110940, 'num_pairs': 32, 'interleaved_padding': 1}"
memory_capacity,memory_capacity,educational_evolving_memory_toy,num_pairs,32,118859,0.0,1.0,89.297,1,"{'model_name': 'educational_evolving_memory_toy', 'state_dim': 32, 'seed': 118859, 'num_pairs': 32, 'interleaved_padding': 1}"
memory_capacity,memory_capacity,educational_evolving_memory_toy,num_pairs,32,126778,0.0,1.0,82.898,1,"{'model_name': 'educational_evolving_memory_toy', 'state_dim': 32, 'seed': 126778, 'num_pairs': 32, 'interleaved_padding': 1}"
memory_capacity,memory_capacity,educational_evolving_memory_toy,num_pairs,32,134697,0.0,1.0,76.159,1,"{'model_name': 'educational_evolving_memory_toy', 'state_dim': 32, 'seed': 134697, 'num_pairs': 32, 'interleaved_padding': 1}"
memory_capacity,memory_capacity,educational_evolving_memory_toy,num_pairs,32,142616,0.0,1.0,85.504,1,"{'model_name': 'educational_evolving_memory_toy', 'state_dim': 32, 'seed': 142616, 'num_pairs': 32, 'interleaved_padding': 1}"
memory_capacity,memory_capacity,educational_evolving_memory_toy,num_pairs,32,150535,0.0,1.0,76.678,1,"{'model_name': 'educational_evolving_memory_toy', 'state_dim': 32, 'seed': 150535, 'num_pairs': 32, 'interleaved_padding': 1}"
memory_capacity,memory_capacity,educational_evolving_memory_toy,num_pairs,32,158454,0.0,1.0,79.151,1,"{'model_name': 'educational_evolving_memory_toy', 'state_dim': 32, 'seed': 158454, 'num_pairs': 32, 'interleaved_padding': 1}"
memory_capacity,memory_capacity,educational_evolving_memory_toy,num_pairs,32,166373,0.0,1.0,75.621,1,"{'model_name': 'educational_evolving_memory_toy', 'state_dim': 32, 'seed': 166373, 'num_pairs': 32, 'interleaved_padding': 1}"
memory_capacity,memory_capacity,educational_evolving_memory_toy,num_pairs,32,174292,0.0,1.0,76.172,1,"{'model_name': 'educational_evolving_memory_toy', 'state_dim': 32, 'seed': 174292, 'num_pairs': 32, 'interleaved_padding': 1}"
memory_capacity,memory_capacity,educational_evolving_memory_toy,num_pairs,32,182211,0.0,1.0,75.635,1,"{'model_name': 'educational_evolving_memory_toy', 'state_dim': 32, 'seed': 182211, 'num_pairs': 32, 'interleaved_padding': 1}"
memory_capacity,memory_capacity,educational_evolving_memory_toy,num_pairs,32,190130,0.0,1.0,74.449,1,"{'model_name': 'educational_evolving_memory_toy', 'state_dim': 32, 'seed': 190130, 'num_pairs': 32, 'interleaved_padding': 1}"
memory_capacity,memory_capacity,educational_evolving_memory_toy,num_pairs,32,198049,0.0,1.0,89.826,1,"{'model_name': 'educational_evolving_memory_toy', 'state_dim': 32, 'seed': 198049, 'num_pairs': 32, 'interleaved_padding': 1}"
memory_capacity,memory_capacity,educational_evolving_memory_toy,num_pairs,32,205968,0.0,1.0,81.742,1,"{'model_name': 'educational_evolving_memory_toy', 'state_dim': 32, 'seed': 205968, 'num_pairs': 32, 'interleaved_padding': 1}"
memory_capacity,memory_capacity,educational_evolving_memory_toy,num_pairs,32,213887,0.0,1.0,82.281,1,"{'model_name': 'educational_evolving_memory_toy', 'state_dim': 32, 'seed': 213887, 'num_pairs': 32, 'interleaved_padding': 1}"
memory_capacity,memory_capacity,educational_evolving_memory_toy,num_pairs,32,221806,0.0,1.0,106.313,1,"{'model_name': 'educational_evolving_memory_toy', 'state_dim': 32, 'seed': 221806, 'num_pairs': 32, 'interleaved_padding': 1}"
memory_capacity,memory_capacity,educational_evolving_memory_toy,num_pairs,32,229725,0.0,1.0,97.046,1,"{'model_name': 'educational_evolving_memory_toy', 'state_dim': 32, 'seed': 229725, 'num_pairs': 32, 'interleaved_padding': 1}"
interference,interference,full_history_reference_baseline,num_overwrites,1,43,1.0,0.0,5.346,1,"{'model_name': 'full_history_reference_baseline', 'state_dim': 32, 'seed': 43, 'num_overwrites': 1, 'spacing': 3, 'target_mode': 'recency'}"
interference,interference,full_history_reference_baseline,num_overwrites,1,7962,1.0,0.0,5.102,1,"{'model_name': 'full_history_reference_baseline', 'state_dim': 32, 'seed': 7962, 'num_overwrites': 1, 'spacing': 3, 'target_mode': 'recency'}"
interference,interference,full_history_reference_baseline,num_overwrites,1,15881,1.0,0.0,4.496,1,"{'model_name': 'full_history_reference_baseline', 'state_dim': 32, 'seed': 15881, 'num_overwrites': 1, 'spacing': 3, 'target_mode': 'recency'}"
interference,interference,full_history_reference_baseline,num_overwrites,1,23800,1.0,0.0,4.738,1,"{'model_name': 'full_history_reference_baseline', 'state_dim': 32, 'seed': 23800, 'num_overwrites': 1, 'spacing': 3, 'target_mode': 'recency'}"
interference,interference,full_history_reference_baseline,num_overwrites,1,31719,1.0,0.0,4.234,1,"{'model_name': 'full_history_reference_baseline', 'state_dim': 32, 'seed': 31719, 'num_overwrites': 1, 'spacing': 3, 'target_mode': 'recency'}"
interference,interference,full_history_reference_baseline,num_overwrites,1,39638,1.0,0.0,4.663,1,"{'model_name': 'full_history_reference_baseline', 'state_dim': 32, 'seed': 39638, 'num_overwrites': 1, 'spacing': 3, 'target_mode': 'recency'}"
interference,interference,full_history_reference_baseline,num_overwrites,1,47557,1.0,0.0,4.674,1,"{'model_name': 'full_history_reference_baseline', 'state_dim': 32, 'seed': 47557, 'num_overwrites': 1, 'spacing': 3, 'target_mode': 'recency'}"
interference,interference,full_history_reference_baseline,num_overwrites,1,55476,1.0,0.0,4.322,1,"{'model_name': 'full_history_reference_baseline', 'state_dim': 32, 'seed': 55476, 'num_overwrites': 1, 'spacing': 3, 'target_mode': 'recency'}"
interference,interference,full_history_reference_baseline,num_overwrites,1,63395,1.0,0.0,4.813,1,"{'model_name': 'full_history_reference_baseline', 'state_dim': 32, 'seed': 63395, 'num_overwrites': 1, 'spacing': 3, 'target_mode': 'recency'}"
interference,interference,full_history_reference_baseline,num_overwrites,1,71314,1.0,0.0,4.695,1,"{'model_name': 'full_history_reference_baseline', 'state_dim': 32, 'seed': 71314, 'num_overwrites': 1, 'spacing': 3, 'target_mode': 'recency'}"
interference,interference,full_history_reference_baseline,num_overwrites,1,79233,1.0,0.0,4.345,1,"{'model_name': 'full_history_reference_baseline', 'state_dim': 32, 'seed': 79233, 'num_overwrites': 1, 'spacing': 3, 'target_mode': 'recency'}"
interference,interference,full_history_reference_baseline,num_overwrites,1,87152,1.0,0.0,4.426,1,"{'model_name': 'full_history_reference_baseline', 'state_dim': 32, 'seed': 87152, 'num_overwrites': 1, 'spacing': 3, 'target_mode': 'recency'}"
interference,interference,full_history_reference_baseline,num_overwrites,1,95071,1.0,0.0,4.787,1,"{'model_name': 'full_history_reference_baseline', 'state_dim': 32, 'seed': 95071, 'num_overwrites': 1, 'spacing': 3, 'target_mode': 'recency'}"
interference,interference,full_history_reference_baseline,num_overwrites,1,102990,1.0,0.0,4.834,1,"{'model_name': 'full_history_reference_baseline', 'state_dim': 32, 'seed': 102990, 'num_overwrites': 1, 'spacing': 3, 'target_mode': 'recency'}"
interference,interference,full_history_reference_baseline,num_overwrites,1,110909,1.0,0.0,3.926,1,"{'model_name': 'full_history_reference_baseline', 'state_dim': 32, 'seed': 110909, 'num_overwrites': 1, 'spacing': 3, 'target_mode': 'recency'}"
interference,interference,full_history_reference_baseline,num_overwrites,1,118828,1.0,0.0,4.783,1,"{'model_name': 'full_history_reference_baseline', 'state_dim': 32, 'seed': 118828, 'num_overwrites': 1, 'spacing': 3, 'target_mode': 'recency'}"
interference,interference,full_history_reference_baseline,num_overwrites,1,126747,1.0,0.0,4.626,1,"{'model_name': 'full_history_reference_baseline', 'state_dim': 32, 'seed': 126747, 'num_overwrites': 1, 'spacing': 3, 'target_mode': 'recency'}"
interference,interference,full_history_reference_baseline,num_overwrites,1,134666,1.0,0.0,4.089,1,"{'model_name': 'full_history_reference_baseline', 'state_dim': 32, 'seed': 134666, 'num_overwrites': 1, 'spacing': 3, 'target_mode': 'recency'}"
interference,interference,full_history_reference_baseline,num_overwrites,1,142585,1.0,0.0,4.185,1,"{'model_name': 'full_history_reference_baseline', 'state_dim': 32, 'seed': 142585, 'num_overwrites': 1, 'spacing': 3, 'target_mode': 'recency'}"
interference,interference,full_history_reference_baseline,num_overwrites,1,150504,1.0,0.0,4.435,1,"{'model_name': 'full_history_reference_baseline', 'state_dim': 32, 'seed': 150504, 'num_overwrites': 1, 'spacing': 3, 'target_mode': 'recency'}"
interference,interference,full_history_reference_baseline,num_overwrites,1,158423,1.0,0.0,4.329,1,"{'model_name': 'full_history_reference_baseline', 'state_dim': 32, 'seed': 158423, 'num_overwrites': 1, 'spacing': 3, 'target_mode': 'recency'}"
interference,interference,full_history_reference_baseline,num_overwrites,1,166342,1.0,0.0,4.177,1,"{'model_name': 'full_history_reference_baseline', 'state_dim': 32, 'seed': 166342, 'num_overwrites': 1, 'spacing': 3, 'target_mode': 'recency'}"
interference,interference,full_history_reference_baseline,num_overwrites,1,174261,1.0,0.0,4.553,1,"{'model_name': 'full_history_reference_baseline', 'state_dim': 32, 'seed': 174261, 'num_overwrites': 1, 'spacing': 3, 'target_mode': 'recency'}"
interference,interference,full_history_reference_baseline,num_overwrites,1,182180,1.0,0.0,4.265,1,"{'model_name': 'full_history_reference_baseline', 'state_dim': 32, 'seed': 182180, 'num_overwrites': 1, 'spacing': 3, 'target_mode': 'recency'}"
interference,interference,full_history_reference_baseline,num_overwrites,1,190099,1.0,0.0,4.163,1,"{'model_name': 'full_history_reference_baseline', 'state_dim': 32, 'seed': 190099, 'num_overwrites': 1, 'spacing': 3, 'target_mode': 'recency'}"
interference,interference,full_history_reference_baseline,num_overwrites,1,198018,1.0,0.0,3.872,1,"{'model_name': 'full_history_reference_baseline', 'state_dim': 32, 'seed': 198018, 'num_overwrites': 1, 'spacing': 3, 'target_mode': 'recency'}"
interference,interference,full_history_reference_baseline,num_overwrites,1,205937,1.0,0.0,4.131,1,"{'model_name': 'full_history_reference_baseline', 'state_dim': 32, 'seed': 205937, 'num_overwrites': 1, 'spacing': 3, 'target_mode': 'recency'}"
interference,interference,full_history_reference_baseline,num_overwrites,1,213856,1.0,0.0,4.263,1,"{'model_name': 'full_history_reference_baseline', 'state_dim': 32, 'seed': 213856, 'num_overwrites': 1, 'spacing': 3, 'target_mode': 'recency'}"
interference,interference,full_history_reference_baseline,num_overwrites,1,221775,1.0,0.0,4.272,1,"{'model_name': 'full_history_reference_baseline', 'state_dim': 32, 'seed': 221775, 'num_overwrites': 1, 'spacing': 3, 'target_mode': 'recency'}"
interference,interference,full_history_reference_baseline,num_overwrites,1,229694,1.0,0.0,3.909,1,"{'model_name': 'full_history_reference_baseline', 'state_dim': 32, 'seed': 229694, 'num_overwrites': 1, 'spacing': 3, 'target_mode': 'recency'}"
interference,interference,full_history_reference_baseline,num_overwrites,2,44,1.0,0.0,10.421,1,"{'model_name': 'full_history_reference_baseline', 'state_dim': 32, 'seed': 44, 'num_overwrites': 2, 'spacing': 3, 'target_mode': 'recency'}"
interference,interference,full_history_reference_baseline,num_overwrites,2,7963,0.0,1.0,8.032,1,"{'model_name': 'full_history_reference_baseline', 'state_dim': 32, 'seed': 7963, 'num_overwrites': 2, 'spacing': 3, 'target_mode': 'recency'}"
interference,interference,full_history_reference_baseline,num_overwrites,2,15882,1.0,0.0,8.244,1,"{'model_name': 'full_history_reference_baseline', 'state_dim': 32, 'seed': 15882, 'num_overwrites': 2, 'spacing': 3, 'target_mode': 'recency'}"
interference,interference,full_history_reference_baseline,num_overwrites,2,23801,1.0,0.0,7.519,1,"{'model_name': 'full_history_reference_baseline', 'state_dim': 32, 'seed': 23801, 'num_overwrites': 2, 'spacing': 3, 'target_mode': 'recency'}"
interference,interference,full_history_reference_baseline,num_overwrites,2,31720,1.0,0.0,7.061,1,"{'model_name': 'full_history_reference_baseline', 'state_dim': 32, 'seed': 31720, 'num_overwrites': 2, 'spacing': 3, 'target_mode': 'recency'}"
interference,interference,full_history_reference_baseline,num_overwrites,2,39639,0.0,1.0,7.751,1,"{'model_name': 'full_history_reference_baseline', 'state_dim': 32, 'seed': 39639, 'num_overwrites': 2, 'spacing': 3, 'target_mode': 'recency'}"
interference,interference,full_history_reference_baseline,num_overwrites,2,47558,0.0,1.0,7.12,1,"{'model_name': 'full_history_reference_baseline', 'state_dim': 32, 'seed': 47558, 'num_overwrites': 2, 'spacing': 3, 'target_mode': 'recency'}"
interference,interference,full_history_reference_baseline,num_overwrites,2,55477,1.0,0.0,7.516,1,"{'model_name': 'full_history_reference_baseline', 'state_dim': 32, 'seed': 55477, 'num_overwrites': 2, 'spacing': 3, 'target_mode': 'recency'}"
interference,interference,full_history_reference_baseline,num_overwrites,2,63396,0.0,1.0,7.404,1,"{'model_name': 'full_history_reference_baseline', 'state_dim': 32, 'seed': 63396, 'num_overwrites': 2, 'spacing': 3, 'target_mode': 'recency'}"
interference,interference,full_history_reference_baseline,num_overwrites,2,71315,0.0,1.0,7.866,1,"{'model_name': 'full_history_reference_baseline', 'state_dim': 32, 'seed': 71315, 'num_overwrites': 2, 'spacing': 3, 'target_mode': 'recency'}"
interference,interference,full_history_reference_baseline,num_overwrites,2,79234,0.0,1.0,7.115,1,"{'model_name': 'full_history_reference_baseline', 'state_dim': 32, 'seed': 79234, 'num_overwrites': 2, 'spacing': 3, 'target_mode': 'recency'}"
interference,interference,full_history_reference_baseline,num_overwrites,2,87153,0.0,1.0,7.665,1,"{'model_name': 'full_history_reference_baseline', 'state_dim': 32, 'seed': 87153, 'num_overwrites': 2, 'spacing': 3, 'target_mode': 'recency'}"
interference,interference,full_history_reference_baseline,num_overwrites,2,95072,1.0,0.0,7.232,1,"{'model_name': 'full_history_reference_baseline', 'state_dim': 32, 'seed': 95072, 'num_overwrites': 2, 'spacing': 3, 'target_mode': 'recency'}"
interference,interference,full_history_reference_baseline,num_overwrites,2,102991,1.0,0.0,7.719,1,"{'model_name': 'full_history_reference_baseline', 'state_dim': 32, 'seed': 102991, 'num_overwrites': 2, 'spacing': 3, 'target_mode': 'recency'}"
interference,interference,full_history_reference_baseline,num_overwrites,2,110910,1.0,0.0,6.85,1,"{'model_name': 'full_history_reference_baseline', 'state_dim': 32, 'seed': 110910, 'num_overwrites': 2, 'spacing': 3, 'target_mode': 'recency'}"
interference,interference,full_history_reference_baseline,num_overwrites,2,118829,0.0,1.0,6.782,1,"{'model_name': 'full_history_reference_baseline', 'state_dim': 32, 'seed': 118829, 'num_overwrites': 2, 'spacing': 3, 'target_mode': 'recency'}"
interference,interference,full_history_reference_baseline,num_overwrites,2,126748,1.0,0.0,7.095,1,"{'model_name': 'full_history_reference_baseline', 'state_dim': 32, 'seed': 126748, 'num_overwrites': 2, 'spacing': 3, 'target_mode': 'recency'}"
interference,interference,full_history_reference_baseline,num_overwrites,2,134667,0.0,1.0,7.604,1,"{'model_name': 'full_history_reference_baseline', 'state_dim': 32, 'seed': 134667, 'num_overwrites': 2, 'spacing': 3, 'target_mode': 'recency'}"
interference,interference,full_history_reference_baseline,num_overwrites,2,142586,1.0,0.0,7.662,1,"{'model_name': 'full_history_reference_baseline', 'state_dim': 32, 'seed': 142586, 'num_overwrites': 2, 'spacing': 3, 'target_mode': 'recency'}"
interference,interference,full_history_reference_baseline,num_overwrites,2,150505,1.0,0.0,7.352,1,"{'model_name': 'full_history_reference_baseline', 'state_dim': 32, 'seed': 150505, 'num_overwrites': 2, 'spacing': 3, 'target_mode': 'recency'}"
interference,interference,full_history_reference_baseline,num_overwrites,2,158424,0.0,1.0,7.259,1,"{'model_name': 'full_history_reference_baseline', 'state_dim': 32, 'seed': 158424, 'num_overwrites': 2, 'spacing': 3, 'target_mode': 'recency'}"
interference,interference,full_history_reference_baseline,num_overwrites,2,166343,0.0,1.0,7.02,1,"{'model_name': 'full_history_reference_baseline', 'state_dim': 32, 'seed': 166343, 'num_overwrites': 2, 'spacing': 3, 'target_mode': 'recency'}"
interference,interference,full_history_reference_baseline,num_overwrites,2,174262,0.0,1.0,7.652,1,"{'model_name': 'full_history_reference_baseline', 'state_dim': 32, 'seed': 174262, 'num_overwrites': 2, 'spacing': 3, 'target_mode': 'recency'}"
interference,interference,full_history_reference_baseline,num_overwrites,2,182181,1.0,0.0,7.327,1,"{'model_name': 'full_history_reference_baseline', 'state_dim': 32, 'seed': 182181, 'num_overwrites': 2, 'spacing': 3, 'target_mode': 'recency'}"
interference,interference,full_history_reference_baseline,num_overwrites,2,190100,1.0,0.0,7.289,1,"{'model_name': 'full_history_reference_baseline', 'state_dim': 32, 'seed': 190100, 'num_overwrites': 2, 'spacing': 3, 'target_mode': 'recency'}"
interference,interference,full_history_reference_baseline,num_overwrites,2,198019,1.0,0.0,7.219,1,"{'model_name': 'full_history_reference_baseline', 'state_dim': 32, 'seed': 198019, 'num_overwrites': 2, 'spacing': 3, 'target_mode': 'recency'}"
interference,interference,full_history_reference_baseline,num_overwrites,2,205938,0.0,1.0,7.659,1,"{'model_name': 'full_history_reference_baseline', 'state_dim': 32, 'seed': 205938, 'num_overwrites': 2, 'spacing': 3, 'target_mode': 'recency'}"
interference,interference,full_history_reference_baseline,num_overwrites,2,213857,1.0,0.0,6.109,1,"{'model_name': 'full_history_reference_baseline', 'state_dim': 32, 'seed': 213857, 'num_overwrites': 2, 'spacing': 3, 'target_mode': 'recency'}"
interference,interference,full_history_reference_baseline,num_overwrites,2,221776,1.0,0.0,6.63,1,"{'model_name': 'full_history_reference_baseline', 'state_dim': 32, 'seed': 221776, 'num_overwrites': 2, 'spacing': 3, 'target_mode': 'recency'}"
interference,interference,full_history_reference_baseline,num_overwrites,2,229695,0.0,1.0,6.92,1,"{'model_name': 'full_history_reference_baseline', 'state_dim': 32, 'seed': 229695, 'num_overwrites': 2, 'spacing': 3, 'target_mode': 'recency'}"
interference,interference,full_history_reference_baseline,num_overwrites,3,45,0.0,1.0,13.62,1,"{'model_name': 'full_history_reference_baseline', 'state_dim': 32, 'seed': 45, 'num_overwrites': 3, 'spacing': 3, 'target_mode': 'recency'}"
interference,interference,full_history_reference_baseline,num_overwrites,3,7964,0.0,1.0,11.006,1,"{'model_name': 'full_history_reference_baseline', 'state_dim': 32, 'seed': 7964, 'num_overwrites': 3, 'spacing': 3, 'target_mode': 'recency'}"
interference,interference,full_history_reference_baseline,num_overwrites,3,15883,0.0,1.0,10.481,1,"{'model_name': 'full_history_reference_baseline', 'state_dim': 32, 'seed': 15883, 'num_overwrites': 3, 'spacing': 3, 'target_mode': 'recency'}"
interference,interference,full_history_reference_baseline,num_overwrites,3,23802,0.0,1.0,10.078,1,"{'model_name': 'full_history_reference_baseline', 'state_dim': 32, 'seed': 23802, 'num_overwrites': 3, 'spacing': 3, 'target_mode': 'recency'}"
interference,interference,full_history_reference_baseline,num_overwrites,3,31721,1.0,0.0,10.433,1,"{'model_name': 'full_history_reference_baseline', 'state_dim': 32, 'seed': 31721, 'num_overwrites': 3, 'spacing': 3, 'target_mode': 'recency'}"
interference,interference,full_history_reference_baseline,num_overwrites,3,39640,0.0,1.0,10.684,1,"{'model_name': 'full_history_reference_baseline', 'state_dim': 32, 'seed': 39640, 'num_overwrites': 3, 'spacing': 3, 'target_mode': 'recency'}"
interference,interference,full_history_reference_baseline,num_overwrites,3,47559,0.0,1.0,9.684,1,"{'model_name': 'full_history_reference_baseline', 'state_dim': 32, 'seed': 47559, 'num_overwrites': 3, 'spacing': 3, 'target_mode': 'recency'}"
interference,interference,full_history_reference_baseline,num_overwrites,3,55478,0.0,1.0,9.349,1,"{'model_name': 'full_history_reference_baseline', 'state_dim': 32, 'seed': 55478, 'num_overwrites': 3, 'spacing': 3, 'target_mode': 'recency'}"
interference,interference,full_history_reference_baseline,num_overwrites,3,63397,1.0,0.0,10.285,1,"{'model_name': 'full_history_reference_baseline', 'state_dim': 32, 'seed': 63397, 'num_overwrites': 3, 'spacing': 3, 'target_mode': 'recency'}"
interference,interference,full_history_reference_baseline,num_overwrites,3,71316,0.0,1.0,9.751,1,"{'model_name': 'full_history_reference_baseline', 'state_dim': 32, 'seed': 71316, 'num_overwrites': 3, 'spacing': 3, 'target_mode': 'recency'}"
interference,interference,full_history_reference_baseline,num_overwrites,3,79235,1.0,0.0,10.618,1,"{'model_name': 'full_history_reference_baseline', 'state_dim': 32, 'seed': 79235, 'num_overwrites': 3, 'spacing': 3, 'target_mode': 'recency'}"
interference,interference,full_history_reference_baseline,num_overwrites,3,87154,1.0,0.0,10.763,1,"{'model_name': 'full_history_reference_baseline', 'state_dim': 32, 'seed': 87154, 'num_overwrites': 3, 'spacing': 3, 'target_mode': 'recency'}"
interference,interference,full_history_reference_baseline,num_overwrites,3,95073,0.0,1.0,10.4,1,"{'model_name': 'full_history_reference_baseline', 'state_dim': 32, 'seed': 95073, 'num_overwrites': 3, 'spacing': 3, 'target_mode': 'recency'}"
interference,interference,full_history_reference_baseline,num_overwrites,3,102992,0.0,1.0,10.487,1,"{'model_name': 'full_history_reference_baseline', 'state_dim': 32, 'seed': 102992, 'num_overwrites': 3, 'spacing': 3, 'target_mode': 'recency'}"
interference,interference,full_history_reference_baseline,num_overwrites,3,110911,0.0,1.0,10.719,1,"{'model_name': 'full_history_reference_baseline', 'state_dim': 32, 'seed': 110911, 'num_overwrites': 3, 'spacing': 3, 'target_mode': 'recency'}"
interference,interference,full_history_reference_baseline,num_overwrites,3,118830,0.0,1.0,9.232,1,"{'model_name': 'full_history_reference_baseline', 'state_dim': 32, 'seed': 118830, 'num_overwrites': 3, 'spacing': 3, 'target_mode': 'recency'}"
interference,interference,full_history_reference_baseline,num_overwrites,3,126749,1.0,0.0,9.854,1,"{'model_name': 'full_history_reference_baseline', 'state_dim': 32, 'seed': 126749, 'num_overwrites': 3, 'spacing': 3, 'target_mode': 'recency'}"
interference,interference,full_history_reference_baseline,num_overwrites,3,134668,1.0,0.0,9.351,1,"{'model_name': 'full_history_reference_baseline', 'state_dim': 32, 'seed': 134668, 'num_overwrites': 3, 'spacing': 3, 'target_mode': 'recency'}"
interference,interference,full_history_reference_baseline,num_overwrites,3,142587,0.0,1.0,9.397,1,"{'model_name': 'full_history_reference_baseline', 'state_dim': 32, 'seed': 142587, 'num_overwrites': 3, 'spacing': 3, 'target_mode': 'recency'}"
interference,interference,full_history_reference_baseline,num_overwrites,3,150506,0.0,1.0,9.324,1,"{'model_name': 'full_history_reference_baseline', 'state_dim': 32, 'seed': 150506, 'num_overwrites': 3, 'spacing': 3, 'target_mode': 'recency'}"
interference,interference,full_history_reference_baseline,num_overwrites,3,158425,0.0,1.0,8.754,1,"{'model_name': 'full_history_reference_baseline', 'state_dim': 32, 'seed': 158425, 'num_overwrites': 3, 'spacing': 3, 'target_mode': 'recency'}"
interference,interference,full_history_reference_baseline,num_overwrites,3,166344,1.0,0.0,8.819,1,"{'model_name': 'full_history_reference_baseline', 'state_dim': 32, 'seed': 166344, 'num_overwrites': 3, 'spacing': 3, 'target_mode': 'recency'}"
interference,interference,full_history_reference_baseline,num_overwrites,3,174263,1.0,0.0,9.028,1,"{'model_name': 'full_history_reference_baseline', 'state_dim': 32, 'seed': 174263, 'num_overwrites': 3, 'spacing': 3, 'target_mode': 'recency'}"
interference,interference,full_history_reference_baseline,num_overwrites,3,182182,0.0,1.0,8.917,1,"{'model_name': 'full_history_reference_baseline', 'state_dim': 32, 'seed': 182182, 'num_overwrites': 3, 'spacing': 3, 'target_mode': 'recency'}"
interference,interference,full_history_reference_baseline,num_overwrites,3,190101,0.0,1.0,11.36,1,"{'model_name': 'full_history_reference_baseline', 'state_dim': 32, 'seed': 190101, 'num_overwrites': 3, 'spacing': 3, 'target_mode': 'recency'}"
interference,interference,full_history_reference_baseline,num_overwrites,3,198020,0.0,1.0,8.758,1,"{'model_name': 'full_history_reference_baseline', 'state_dim': 32, 'seed': 198020, 'num_overwrites': 3, 'spacing': 3, 'target_mode': 'recency'}"
interference,interference,full_history_reference_baseline,num_overwrites,3,205939,0.0,1.0,9.698,1,"{'model_name': 'full_history_reference_baseline', 'state_dim': 32, 'seed': 205939, 'num_overwrites': 3, 'spacing': 3, 'target_mode': 'recency'}"
interference,interference,full_history_reference_baseline,num_overwrites,3,213858,0.0,1.0,10.176,1,"{'model_name': 'full_history_reference_baseline', 'state_dim': 32, 'seed': 213858, 'num_overwrites': 3, 'spacing': 3, 'target_mode': 'recency'}"
interference,interference,full_history_reference_baseline,num_overwrites,3,221777,0.0,1.0,9.361,1,"{'model_name': 'full_history_reference_baseline', 'state_dim': 32, 'seed': 221777, 'num_overwrites': 3, 'spacing': 3, 'target_mode': 'recency'}"
interference,interference,full_history_reference_baseline,num_overwrites,3,229696,1.0,0.0,10.124,1,"{'model_name': 'full_history_reference_baseline', 'state_dim': 32, 'seed': 229696, 'num_overwrites': 3, 'spacing': 3, 'target_mode': 'recency'}"
interference,interference,full_history_reference_baseline,num_overwrites,4,46,0.0,1.0,17.053,1,"{'model_name': 'full_history_reference_baseline', 'state_dim': 32, 'seed': 46, 'num_overwrites': 4, 'spacing': 3, 'target_mode': 'recency'}"
interference,interference,full_history_reference_baseline,num_overwrites,4,7965,0.0,1.0,13.392,1,"{'model_name': 'full_history_reference_baseline', 'state_dim': 32, 'seed': 7965, 'num_overwrites': 4, 'spacing': 3, 'target_mode': 'recency'}"
interference,interference,full_history_reference_baseline,num_overwrites,4,15884,0.0,1.0,14.094,1,"{'model_name': 'full_history_reference_baseline', 'state_dim': 32, 'seed': 15884, 'num_overwrites': 4, 'spacing': 3, 'target_mode': 'recency'}"
interference,interference,full_history_reference_baseline,num_overwrites,4,23803,0.0,1.0,13.816,1,"{'model_name': 'full_history_reference_baseline', 'state_dim': 32, 'seed': 23803, 'num_overwrites': 4, 'spacing': 3, 'target_mode': 'recency'}"
interference,interference,full_history_reference_baseline,num_overwrites,4,31722,0.0,1.0,13.102,1,"{'model_name': 'full_history_reference_baseline', 'state_dim': 32, 'seed': 31722, 'num_overwrites': 4, 'spacing': 3, 'target_mode': 'recency'}"
interference,interference,full_history_reference_baseline,num_overwrites,4,39641,0.0,1.0,13.52,1,"{'model_name': 'full_history_reference_baseline', 'state_dim': 32, 'seed': 39641, 'num_overwrites': 4, 'spacing': 3, 'target_mode': 'recency'}"
interference,interference,full_history_reference_baseline,num_overwrites,4,47560,0.0,1.0,13.435,1,"{'model_name': 'full_history_reference_baseline', 'state_dim': 32, 'seed': 47560, 'num_overwrites': 4, 'spacing': 3, 'target_mode': 'recency'}"
interference,interference,full_history_reference_baseline,num_overwrites,4,55479,0.0,1.0,12.794,1,"{'model_name': 'full_history_reference_baseline', 'state_dim': 32, 'seed': 55479, 'num_overwrites': 4, 'spacing': 3, 'target_mode': 'recency'}"
interference,interference,full_history_reference_baseline,num_overwrites,4,63398,1.0,0.0,12.677,1,"{'model_name': 'full_history_reference_baseline', 'state_dim': 32, 'seed': 63398, 'num_overwrites': 4, 'spacing': 3, 'target_mode': 'recency'}"
interference,interference,full_history_reference_baseline,num_overwrites,4,71317,0.0,1.0,13.574,1,"{'model_name': 'full_history_reference_baseline', 'state_dim': 32, 'seed': 71317, 'num_overwrites': 4, 'spacing': 3, 'target_mode': 'recency'}"
interference,interference,full_history_reference_baseline,num_overwrites,4,79236,1.0,0.0,12.96,1,"{'model_name': 'full_history_reference_baseline', 'state_dim': 32, 'seed': 79236, 'num_overwrites': 4, 'spacing': 3, 'target_mode': 'recency'}"
interference,interference,full_history_reference_baseline,num_overwrites,4,87155,0.0,1.0,12.357,1,"{'model_name': 'full_history_reference_baseline', 'state_dim': 32, 'seed': 87155, 'num_overwrites': 4, 'spacing': 3, 'target_mode': 'recency'}"
interference,interference,full_history_reference_baseline,num_overwrites,4,95074,1.0,0.0,12.93,1,"{'model_name': 'full_history_reference_baseline', 'state_dim': 32, 'seed': 95074, 'num_overwrites': 4, 'spacing': 3, 'target_mode': 'recency'}"
interference,interference,full_history_reference_baseline,num_overwrites,4,102993,0.0,1.0,13.691,1,"{'model_name': 'full_history_reference_baseline', 'state_dim': 32, 'seed': 102993, 'num_overwrites': 4, 'spacing': 3, 'target_mode': 'recency'}"
interference,interference,full_history_reference_baseline,num_overwrites,4,110912,0.0,1.0,13.211,1,"{'model_name': 'full_history_reference_baseline', 'state_dim': 32, 'seed': 110912, 'num_overwrites': 4, 'spacing': 3, 'target_mode': 'recency'}"
interference,interference,full_history_reference_baseline,num_overwrites,4,118831,0.0,1.0,13.14,1,"{'model_name': 'full_history_reference_baseline', 'state_dim': 32, 'seed': 118831, 'num_overwrites': 4, 'spacing': 3, 'target_mode': 'recency'}"
interference,interference,full_history_reference_baseline,num_overwrites,4,126750,0.0,1.0,12.369,1,"{'model_name': 'full_history_reference_baseline', 'state_dim': 32, 'seed': 126750, 'num_overwrites': 4, 'spacing': 3, 'target_mode': 'recency'}"
interference,interference,full_history_reference_baseline,num_overwrites,4,134669,0.0,1.0,14.179,1,"{'model_name': 'full_history_reference_baseline', 'state_dim': 32, 'seed': 134669, 'num_overwrites': 4, 'spacing': 3, 'target_mode': 'recency'}"
interference,interference,full_history_reference_baseline,num_overwrites,4,142588,0.0,1.0,12.368,1,"{'model_name': 'full_history_reference_baseline', 'state_dim': 32, 'seed': 142588, 'num_overwrites': 4, 'spacing': 3, 'target_mode': 'recency'}"
interference,interference,full_history_reference_baseline,num_overwrites,4,150507,0.0,1.0,13.891,1,"{'model_name': 'full_history_reference_baseline', 'state_dim': 32, 'seed': 150507, 'num_overwrites': 4, 'spacing': 3, 'target_mode': 'recency'}"
interference,interference,full_history_reference_baseline,num_overwrites,4,158426,0.0,1.0,16.638,1,"{'model_name': 'full_history_reference_baseline', 'state_dim': 32, 'seed': 158426, 'num_overwrites': 4, 'spacing': 3, 'target_mode': 'recency'}"
interference,interference,full_history_reference_baseline,num_overwrites,4,166345,1.0,0.0,13.489,1,"{'model_name': 'full_history_reference_baseline', 'state_dim': 32, 'seed': 166345, 'num_overwrites': 4, 'spacing': 3, 'target_mode': 'recency'}"
interference,interference,full_history_reference_baseline,num_overwrites,4,174264,0.0,1.0,17.666,1,"{'model_name': 'full_history_reference_baseline', 'state_dim': 32, 'seed': 174264, 'num_overwrites': 4, 'spacing': 3, 'target_mode': 'recency'}"
interference,interference,full_history_reference_baseline,num_overwrites,4,182183,0.0,1.0,14.715,1,"{'model_name': 'full_history_reference_baseline', 'state_dim': 32, 'seed': 182183, 'num_overwrites': 4, 'spacing': 3, 'target_mode': 'recency'}"
interference,interference,full_history_reference_baseline,num_overwrites,4,190102,0.0,1.0,13.278,1,"{'model_name': 'full_history_reference_baseline', 'state_dim': 32, 'seed': 190102, 'num_overwrites': 4, 'spacing': 3, 'target_mode': 'recency'}"
interference,interference,full_history_reference_baseline,num_overwrites,4,198021,0.0,1.0,13.864,1,"{'model_name': 'full_history_reference_baseline', 'state_dim': 32, 'seed': 198021, 'num_overwrites': 4, 'spacing': 3, 'target_mode': 'recency'}"
interference,interference,full_history_reference_baseline,num_overwrites,4,205940,0.0,1.0,13.463,1,"{'model_name': 'full_history_reference_baseline', 'state_dim': 32, 'seed': 205940, 'num_overwrites': 4, 'spacing': 3, 'target_mode': 'recency'}"
interference,interference,full_history_reference_baseline,num_overwrites,4,213859,1.0,0.0,14.236,1,"{'model_name': 'full_history_reference_baseline', 'state_dim': 32, 'seed': 213859, 'num_overwrites': 4, 'spacing': 3, 'target_mode': 'recency'}"
interference,interference,full_history_reference_baseline,num_overwrites,4,221778,0.0,1.0,13.344,1,"{'model_name': 'full_history_reference_baseline', 'state_dim': 32, 'seed': 221778, 'num_overwrites': 4, 'spacing': 3, 'target_mode': 'recency'}"
interference,interference,full_history_reference_baseline,num_overwrites,4,229697,0.0,1.0,13.062,1,"{'model_name': 'full_history_reference_baseline', 'state_dim': 32, 'seed': 229697, 'num_overwrites': 4, 'spacing': 3, 'target_mode': 'recency'}"
interference,interference,full_history_reference_baseline,num_overwrites,6,48,1.0,0.0,23.114,1,"{'model_name': 'full_history_reference_baseline', 'state_dim': 32, 'seed': 48, 'num_overwrites': 6, 'spacing': 3, 'target_mode': 'recency'}"
interference,interference,full_history_reference_baseline,num_overwrites,6,7967,0.0,1.0,19.829,1,"{'model_name': 'full_history_reference_baseline', 'state_dim': 32, 'seed': 7967, 'num_overwrites': 6, 'spacing': 3, 'target_mode': 'recency'}"
interference,interference,full_history_reference_baseline,num_overwrites,6,15886,0.0,1.0,18.079,1,"{'model_name': 'full_history_reference_baseline', 'state_dim': 32, 'seed': 15886, 'num_overwrites': 6, 'spacing': 3, 'target_mode': 'recency'}"
interference,interference,full_history_reference_baseline,num_overwrites,6,23805,1.0,0.0,20.181,1,"{'model_name': 'full_history_reference_baseline', 'state_dim': 32, 'seed': 23805, 'num_overwrites': 6, 'spacing': 3, 'target_mode': 'recency'}"
interference,interference,full_history_reference_baseline,num_overwrites,6,31724,0.0,1.0,19.537,1,"{'model_name': 'full_history_reference_baseline', 'state_dim': 32, 'seed': 31724, 'num_overwrites': 6, 'spacing': 3, 'target_mode': 'recency'}"
interference,interference,full_history_reference_baseline,num_overwrites,6,39643,1.0,0.0,20.955,1,"{'model_name': 'full_history_reference_baseline', 'state_dim': 32, 'seed': 39643, 'num_overwrites': 6, 'spacing': 3, 'target_mode': 'recency'}"
interference,interference,full_history_reference_baseline,num_overwrites,6,47562,0.0,1.0,20.877,1,"{'model_name': 'full_history_reference_baseline', 'state_dim': 32, 'seed': 47562, 'num_overwrites': 6, 'spacing': 3, 'target_mode': 'recency'}"
interference,interference,full_history_reference_baseline,num_overwrites,6,55481,0.0,1.0,20.483,1,"{'model_name': 'full_history_reference_baseline', 'state_dim': 32, 'seed': 55481, 'num_overwrites': 6, 'spacing': 3, 'target_mode': 'recency'}"
interference,interference,full_history_reference_baseline,num_overwrites,6,63400,0.0,1.0,19.806,1,"{'model_name': 'full_history_reference_baseline', 'state_dim': 32, 'seed': 63400, 'num_overwrites': 6, 'spacing': 3, 'target_mode': 'recency'}"
interference,interference,full_history_reference_baseline,num_overwrites,6,71319,0.0,1.0,19.915,1,"{'model_name': 'full_history_reference_baseline', 'state_dim': 32, 'seed': 71319, 'num_overwrites': 6, 'spacing': 3, 'target_mode': 'recency'}"
interference,interference,full_history_reference_baseline,num_overwrites,6,79238,0.0,1.0,19.506,1,"{'model_name': 'full_history_reference_baseline', 'state_dim': 32, 'seed': 79238, 'num_overwrites': 6, 'spacing': 3, 'target_mode': 'recency'}"
interference,interference,full_history_reference_baseline,num_overwrites,6,87157,0.0,1.0,20.016,1,"{'model_name': 'full_history_reference_baseline', 'state_dim': 32, 'seed': 87157, 'num_overwrites': 6, 'spacing': 3, 'target_mode': 'recency'}"
interference,interference,full_history_reference_baseline,num_overwrites,6,95076,0.0,1.0,20.29,1,"{'model_name': 'full_history_reference_baseline', 'state_dim': 32, 'seed': 95076, 'num_overwrites': 6, 'spacing': 3, 'target_mode': 'recency'}"
interference,interference,full_history_reference_baseline,num_overwrites,6,102995,0.0,1.0,20.09,1,"{'model_name': 'full_history_reference_baseline', 'state_dim': 32, 'seed': 102995, 'num_overwrites': 6, 'spacing': 3, 'target_mode': 'recency'}"
interference,interference,full_history_reference_baseline,num_overwrites,6,110914,0.0,1.0,20.615,1,"{'model_name': 'full_history_reference_baseline', 'state_dim': 32, 'seed': 110914, 'num_overwrites': 6, 'spacing': 3, 'target_mode': 'recency'}"
interference,interference,full_history_reference_baseline,num_overwrites,6,118833,1.0,0.0,21.442,1,"{'model_name': 'full_history_reference_baseline', 'state_dim': 32, 'seed': 118833, 'num_overwrites': 6, 'spacing': 3, 'target_mode': 'recency'}"
interference,interference,full_history_reference_baseline,num_overwrites,6,126752,0.0,1.0,19.016,1,"{'model_name': 'full_history_reference_baseline', 'state_dim': 32, 'seed': 126752, 'num_overwrites': 6, 'spacing': 3, 'target_mode': 'recency'}"
interference,interference,full_history_reference_baseline,num_overwrites,6,134671,0.0,1.0,21.246,1,"{'model_name': 'full_history_reference_baseline', 'state_dim': 32, 'seed': 134671, 'num_overwrites': 6, 'spacing': 3, 'target_mode': 'recency'}"
interference,interference,full_history_reference_baseline,num_overwrites,6,142590,1.0,0.0,22.288,1,"{'model_name': 'full_history_reference_baseline', 'state_dim': 32, 'seed': 142590, 'num_overwrites': 6, 'spacing': 3, 'target_mode': 'recency'}"
interference,interference,full_history_reference_baseline,num_overwrites,6,150509,0.0,1.0,22.436,1,"{'model_name': 'full_history_reference_baseline', 'state_dim': 32, 'seed': 150509, 'num_overwrites': 6, 'spacing': 3, 'target_mode': 'recency'}"
interference,interference,full_history_reference_baseline,num_overwrites,6,158428,0.0,1.0,22.402,1,"{'model_name': 'full_history_reference_baseline', 'state_dim': 32, 'seed': 158428, 'num_overwrites': 6, 'spacing': 3, 'target_mode': 'recency'}"
interference,interference,full_history_reference_baseline,num_overwrites,6,166347,1.0,0.0,18.791,1,"{'model_name': 'full_history_reference_baseline', 'state_dim': 32, 'seed': 166347, 'num_overwrites': 6, 'spacing': 3, 'target_mode': 'recency'}"
interference,interference,full_history_reference_baseline,num_overwrites,6,174266,0.0,1.0,20.129,1,"{'model_name': 'full_history_reference_baseline', 'state_dim': 32, 'seed': 174266, 'num_overwrites': 6, 'spacing': 3, 'target_mode': 'recency'}"
interference,interference,full_history_reference_baseline,num_overwrites,6,182185,0.0,1.0,19.534,1,"{'model_name': 'full_history_reference_baseline', 'state_dim': 32, 'seed': 182185, 'num_overwrites': 6, 'spacing': 3, 'target_mode': 'recency'}"
interference,interference,full_history_reference_baseline,num_overwrites,6,190104,0.0,1.0,21.988,1,"{'model_name': 'full_history_reference_baseline', 'state_dim': 32, 'seed': 190104, 'num_overwrites': 6, 'spacing': 3, 'target_mode': 'recency'}"
interference,interference,full_history_reference_baseline,num_overwrites,6,198023,0.0,1.0,18.231,1,"{'model_name': 'full_history_reference_baseline', 'state_dim': 32, 'seed': 198023, 'num_overwrites': 6, 'spacing': 3, 'target_mode': 'recency'}"
interference,interference,full_history_reference_baseline,num_overwrites,6,205942,0.0,1.0,21.199,1,"{'model_name': 'full_history_reference_baseline', 'state_dim': 32, 'seed': 205942, 'num_overwrites': 6, 'spacing': 3, 'target_mode': 'recency'}"
interference,interference,full_history_reference_baseline,num_overwrites,6,213861,0.0,1.0,19.756,1,"{'model_name': 'full_history_reference_baseline', 'state_dim': 32, 'seed': 213861, 'num_overwrites': 6, 'spacing': 3, 'target_mode': 'recency'}"
interference,interference,full_history_reference_baseline,num_overwrites,6,221780,0.0,1.0,20.062,1,"{'model_name': 'full_history_reference_baseline', 'state_dim': 32, 'seed': 221780, 'num_overwrites': 6, 'spacing': 3, 'target_mode': 'recency'}"
interference,interference,full_history_reference_baseline,num_overwrites,6,229699,0.0,1.0,20.231,1,"{'model_name': 'full_history_reference_baseline', 'state_dim': 32, 'seed': 229699, 'num_overwrites': 6, 'spacing': 3, 'target_mode': 'recency'}"
interference,interference,full_history_reference_baseline,num_overwrites,8,50,1.0,0.0,29.732,1,"{'model_name': 'full_history_reference_baseline', 'state_dim': 32, 'seed': 50, 'num_overwrites': 8, 'spacing': 3, 'target_mode': 'recency'}"
interference,interference,full_history_reference_baseline,num_overwrites,8,7969,0.0,1.0,26.583,1,"{'model_name': 'full_history_reference_baseline', 'state_dim': 32, 'seed': 7969, 'num_overwrites': 8, 'spacing': 3, 'target_mode': 'recency'}"
interference,interference,full_history_reference_baseline,num_overwrites,8,15888,0.0,1.0,25.635,1,"{'model_name': 'full_history_reference_baseline', 'state_dim': 32, 'seed': 15888, 'num_overwrites': 8, 'spacing': 3, 'target_mode': 'recency'}"
interference,interference,full_history_reference_baseline,num_overwrites,8,23807,0.0,1.0,25.419,1,"{'model_name': 'full_history_reference_baseline', 'state_dim': 32, 'seed': 23807, 'num_overwrites': 8, 'spacing': 3, 'target_mode': 'recency'}"
interference,interference,full_history_reference_baseline,num_overwrites,8,31726,0.0,1.0,26.628,1,"{'model_name': 'full_history_reference_baseline', 'state_dim': 32, 'seed': 31726, 'num_overwrites': 8, 'spacing': 3, 'target_mode': 'recency'}"
interference,interference,full_history_reference_baseline,num_overwrites,8,39645,0.0,1.0,25.478,1,"{'model_name': 'full_history_reference_baseline', 'state_dim': 32, 'seed': 39645, 'num_overwrites': 8, 'spacing': 3, 'target_mode': 'recency'}"
interference,interference,full_history_reference_baseline,num_overwrites,8,47564,0.0,1.0,23.589,1,"{'model_name': 'full_history_reference_baseline', 'state_dim': 32, 'seed': 47564, 'num_overwrites': 8, 'spacing': 3, 'target_mode': 'recency'}"
interference,interference,full_history_reference_baseline,num_overwrites,8,55483,0.0,1.0,26.32,1,"{'model_name': 'full_history_reference_baseline', 'state_dim': 32, 'seed': 55483, 'num_overwrites': 8, 'spacing': 3, 'target_mode': 'recency'}"
interference,interference,full_history_reference_baseline,num_overwrites,8,63402,0.0,1.0,23.692,1,"{'model_name': 'full_history_reference_baseline', 'state_dim': 32, 'seed': 63402, 'num_overwrites': 8, 'spacing': 3, 'target_mode': 'recency'}"
interference,interference,full_history_reference_baseline,num_overwrites,8,71321,0.0,1.0,23.393,1,"{'model_name': 'full_history_reference_baseline', 'state_dim': 32, 'seed': 71321, 'num_overwrites': 8, 'spacing': 3, 'target_mode': 'recency'}"
interference,interference,full_history_reference_baseline,num_overwrites,8,79240,0.0,1.0,23.085,1,"{'model_name': 'full_history_reference_baseline', 'state_dim': 32, 'seed': 79240, 'num_overwrites': 8, 'spacing': 3, 'target_mode': 'recency'}"
interference,interference,full_history_reference_baseline,num_overwrites,8,87159,0.0,1.0,27.911,1,"{'model_name': 'full_history_reference_baseline', 'state_dim': 32, 'seed': 87159, 'num_overwrites': 8, 'spacing': 3, 'target_mode': 'recency'}"
interference,interference,full_history_reference_baseline,num_overwrites,8,95078,0.0,1.0,26.484,1,"{'model_name': 'full_history_reference_baseline', 'state_dim': 32, 'seed': 95078, 'num_overwrites': 8, 'spacing': 3, 'target_mode': 'recency'}"
interference,interference,full_history_reference_baseline,num_overwrites,8,102997,0.0,1.0,24.181,1,"{'model_name': 'full_history_reference_baseline', 'state_dim': 32, 'seed': 102997, 'num_overwrites': 8, 'spacing': 3, 'target_mode': 'recency'}"
interference,interference,full_history_reference_baseline,num_overwrites,8,110916,0.0,1.0,24.543,1,"{'model_name': 'full_history_reference_baseline', 'state_dim': 32, 'seed': 110916, 'num_overwrites': 8, 'spacing': 3, 'target_mode': 'recency'}"
interference,interference,full_history_reference_baseline,num_overwrites,8,118835,1.0,0.0,23.441,1,"{'model_name': 'full_history_reference_baseline', 'state_dim': 32, 'seed': 118835, 'num_overwrites': 8, 'spacing': 3, 'target_mode': 'recency'}"
interference,interference,full_history_reference_baseline,num_overwrites,8,126754,0.0,1.0,27.439,1,"{'model_name': 'full_history_reference_baseline', 'state_dim': 32, 'seed': 126754, 'num_overwrites': 8, 'spacing': 3, 'target_mode': 'recency'}"
interference,interference,full_history_reference_baseline,num_overwrites,8,134673,0.0,1.0,26.782,1,"{'model_name': 'full_history_reference_baseline', 'state_dim': 32, 'seed': 134673, 'num_overwrites': 8, 'spacing': 3, 'target_mode': 'recency'}"
interference,interference,full_history_reference_baseline,num_overwrites,8,142592,0.0,1.0,26.092,1,"{'model_name': 'full_history_reference_baseline', 'state_dim': 32, 'seed': 142592, 'num_overwrites': 8, 'spacing': 3, 'target_mode': 'recency'}"
interference,interference,full_history_reference_baseline,num_overwrites,8,150511,0.0,1.0,27.003,1,"{'model_name': 'full_history_reference_baseline', 'state_dim': 32, 'seed': 150511, 'num_overwrites': 8, 'spacing': 3, 'target_mode': 'recency'}"
interference,interference,full_history_reference_baseline,num_overwrites,8,158430,0.0,1.0,28.708,1,"{'model_name': 'full_history_reference_baseline', 'state_dim': 32, 'seed': 158430, 'num_overwrites': 8, 'spacing': 3, 'target_mode': 'recency'}"
interference,interference,full_history_reference_baseline,num_overwrites,8,166349,0.0,1.0,26.552,1,"{'model_name': 'full_history_reference_baseline', 'state_dim': 32, 'seed': 166349, 'num_overwrites': 8, 'spacing': 3, 'target_mode': 'recency'}"
interference,interference,full_history_reference_baseline,num_overwrites,8,174268,0.0,1.0,24.305,1,"{'model_name': 'full_history_reference_baseline', 'state_dim': 32, 'seed': 174268, 'num_overwrites': 8, 'spacing': 3, 'target_mode': 'recency'}"
interference,interference,full_history_reference_baseline,num_overwrites,8,182187,0.0,1.0,28.502,1,"{'model_name': 'full_history_reference_baseline', 'state_dim': 32, 'seed': 182187, 'num_overwrites': 8, 'spacing': 3, 'target_mode': 'recency'}"
interference,interference,full_history_reference_baseline,num_overwrites,8,190106,0.0,1.0,26.419,1,"{'model_name': 'full_history_reference_baseline', 'state_dim': 32, 'seed': 190106, 'num_overwrites': 8, 'spacing': 3, 'target_mode': 'recency'}"
interference,interference,full_history_reference_baseline,num_overwrites,8,198025,0.0,1.0,26.883,1,"{'model_name': 'full_history_reference_baseline', 'state_dim': 32, 'seed': 198025, 'num_overwrites': 8, 'spacing': 3, 'target_mode': 'recency'}"
interference,interference,full_history_reference_baseline,num_overwrites,8,205944,0.0,1.0,28.174,1,"{'model_name': 'full_history_reference_baseline', 'state_dim': 32, 'seed': 205944, 'num_overwrites': 8, 'spacing': 3, 'target_mode': 'recency'}"
interference,interference,full_history_reference_baseline,num_overwrites,8,213863,0.0,1.0,22.967,1,"{'model_name': 'full_history_reference_baseline', 'state_dim': 32, 'seed': 213863, 'num_overwrites': 8, 'spacing': 3, 'target_mode': 'recency'}"
interference,interference,full_history_reference_baseline,num_overwrites,8,221782,0.0,1.0,26.178,1,"{'model_name': 'full_history_reference_baseline', 'state_dim': 32, 'seed': 221782, 'num_overwrites': 8, 'spacing': 3, 'target_mode': 'recency'}"
interference,interference,full_history_reference_baseline,num_overwrites,8,229701,0.0,1.0,25.837,1,"{'model_name': 'full_history_reference_baseline', 'state_dim': 32, 'seed': 229701, 'num_overwrites': 8, 'spacing': 3, 'target_mode': 'recency'}"
interference,interference,full_history_reference_baseline,num_overwrites,10,52,0.0,1.0,34.243,1,"{'model_name': 'full_history_reference_baseline', 'state_dim': 32, 'seed': 52, 'num_overwrites': 10, 'spacing': 3, 'target_mode': 'recency'}"
interference,interference,full_history_reference_baseline,num_overwrites,10,7971,0.0,1.0,32.933,1,"{'model_name': 'full_history_reference_baseline', 'state_dim': 32, 'seed': 7971, 'num_overwrites': 10, 'spacing': 3, 'target_mode': 'recency'}"
interference,interference,full_history_reference_baseline,num_overwrites,10,15890,0.0,1.0,31.774,1,"{'model_name': 'full_history_reference_baseline', 'state_dim': 32, 'seed': 15890, 'num_overwrites': 10, 'spacing': 3, 'target_mode': 'recency'}"
interference,interference,full_history_reference_baseline,num_overwrites,10,23809,0.0,1.0,32.148,1,"{'model_name': 'full_history_reference_baseline', 'state_dim': 32, 'seed': 23809, 'num_overwrites': 10, 'spacing': 3, 'target_mode': 'recency'}"
interference,interference,full_history_reference_baseline,num_overwrites,10,31728,0.0,1.0,31.454,1,"{'model_name': 'full_history_reference_baseline', 'state_dim': 32, 'seed': 31728, 'num_overwrites': 10, 'spacing': 3, 'target_mode': 'recency'}"
interference,interference,full_history_reference_baseline,num_overwrites,10,39647,0.0,1.0,31.18,1,"{'model_name': 'full_history_reference_baseline', 'state_dim': 32, 'seed': 39647, 'num_overwrites': 10, 'spacing': 3, 'target_mode': 'recency'}"
interference,interference,full_history_reference_baseline,num_overwrites,10,47566,0.0,1.0,28.41,1,"{'model_name': 'full_history_reference_baseline', 'state_dim': 32, 'seed': 47566, 'num_overwrites': 10, 'spacing': 3, 'target_mode': 'recency'}"
interference,interference,full_history_reference_baseline,num_overwrites,10,55485,0.0,1.0,27.975,1,"{'model_name': 'full_history_reference_baseline', 'state_dim': 32, 'seed': 55485, 'num_overwrites': 10, 'spacing': 3, 'target_mode': 'recency'}"
interference,interference,full_history_reference_baseline,num_overwrites,10,63404,0.0,1.0,30.224,1,"{'model_name': 'full_history_reference_baseline', 'state_dim': 32, 'seed': 63404, 'num_overwrites': 10, 'spacing': 3, 'target_mode': 'recency'}"
interference,interference,full_history_reference_baseline,num_overwrites,10,71323,0.0,1.0,33.985,1,"{'model_name': 'full_history_reference_baseline', 'state_dim': 32, 'seed': 71323, 'num_overwrites': 10, 'spacing': 3, 'target_mode': 'recency'}"
interference,interference,full_history_reference_baseline,num_overwrites,10,79242,0.0,1.0,32.585,1,"{'model_name': 'full_history_reference_baseline', 'state_dim': 32, 'seed': 79242, 'num_overwrites': 10, 'spacing': 3, 'target_mode': 'recency'}"
interference,interference,full_history_reference_baseline,num_overwrites,10,87161,0.0,1.0,35.267,1,"{'model_name': 'full_history_reference_baseline', 'state_dim': 32, 'seed': 87161, 'num_overwrites': 10, 'spacing': 3, 'target_mode': 'recency'}"
interference,interference,full_history_reference_baseline,num_overwrites,10,95080,0.0,1.0,34.405,1,"{'model_name': 'full_history_reference_baseline', 'state_dim': 32, 'seed': 95080, 'num_overwrites': 10, 'spacing': 3, 'target_mode': 'recency'}"
interference,interference,full_history_reference_baseline,num_overwrites,10,102999,1.0,0.0,34.49,1,"{'model_name': 'full_history_reference_baseline', 'state_dim': 32, 'seed': 102999, 'num_overwrites': 10, 'spacing': 3, 'target_mode': 'recency'}"
interference,interference,full_history_reference_baseline,num_overwrites,10,110918,0.0,1.0,35.594,1,"{'model_name': 'full_history_reference_baseline', 'state_dim': 32, 'seed': 110918, 'num_overwrites': 10, 'spacing': 3, 'target_mode': 'recency'}"
interference,interference,full_history_reference_baseline,num_overwrites,10,118837,0.0,1.0,32.919,1,"{'model_name': 'full_history_reference_baseline', 'state_dim': 32, 'seed': 118837, 'num_overwrites': 10, 'spacing': 3, 'target_mode': 'recency'}"
interference,interference,full_history_reference_baseline,num_overwrites,10,126756,0.0,1.0,34.746,1,"{'model_name': 'full_history_reference_baseline', 'state_dim': 32, 'seed': 126756, 'num_overwrites': 10, 'spacing': 3, 'target_mode': 'recency'}"
interference,interference,full_history_reference_baseline,num_overwrites,10,134675,0.0,1.0,32.398,1,"{'model_name': 'full_history_reference_baseline', 'state_dim': 32, 'seed': 134675, 'num_overwrites': 10, 'spacing': 3, 'target_mode': 'recency'}"
interference,interference,full_history_reference_baseline,num_overwrites,10,142594,0.0,1.0,31.669,1,"{'model_name': 'full_history_reference_baseline', 'state_dim': 32, 'seed': 142594, 'num_overwrites': 10, 'spacing': 3, 'target_mode': 'recency'}"
interference,interference,full_history_reference_baseline,num_overwrites,10,150513,0.0,1.0,36.833,1,"{'model_name': 'full_history_reference_baseline', 'state_dim': 32, 'seed': 150513, 'num_overwrites': 10, 'spacing': 3, 'target_mode': 'recency'}"
interference,interference,full_history_reference_baseline,num_overwrites,10,158432,0.0,1.0,33.725,1,"{'model_name': 'full_history_reference_baseline', 'state_dim': 32, 'seed': 158432, 'num_overwrites': 10, 'spacing': 3, 'target_mode': 'recency'}"
interference,interference,full_history_reference_baseline,num_overwrites,10,166351,0.0,1.0,37.161,1,"{'model_name': 'full_history_reference_baseline', 'state_dim': 32, 'seed': 166351, 'num_overwrites': 10, 'spacing': 3, 'target_mode': 'recency'}"
interference,interference,full_history_reference_baseline,num_overwrites,10,174270,1.0,0.0,66.478,1,"{'model_name': 'full_history_reference_baseline', 'state_dim': 32, 'seed': 174270, 'num_overwrites': 10, 'spacing': 3, 'target_mode': 'recency'}"
interference,interference,full_history_reference_baseline,num_overwrites,10,182189,1.0,0.0,46.233,1,"{'model_name': 'full_history_reference_baseline', 'state_dim': 32, 'seed': 182189, 'num_overwrites': 10, 'spacing': 3, 'target_mode': 'recency'}"
interference,interference,full_history_reference_baseline,num_overwrites,10,190108,0.0,1.0,52.376,1,"{'model_name': 'full_history_reference_baseline', 'state_dim': 32, 'seed': 190108, 'num_overwrites': 10, 'spacing': 3, 'target_mode': 'recency'}"
interference,interference,full_history_reference_baseline,num_overwrites,10,198027,0.0,1.0,35.029,1,"{'model_name': 'full_history_reference_baseline', 'state_dim': 32, 'seed': 198027, 'num_overwrites': 10, 'spacing': 3, 'target_mode': 'recency'}"
interference,interference,full_history_reference_baseline,num_overwrites,10,205946,0.0,1.0,44.496,1,"{'model_name': 'full_history_reference_baseline', 'state_dim': 32, 'seed': 205946, 'num_overwrites': 10, 'spacing': 3, 'target_mode': 'recency'}"
interference,interference,full_history_reference_baseline,num_overwrites,10,213865,0.0,1.0,32.02,1,"{'model_name': 'full_history_reference_baseline', 'state_dim': 32, 'seed': 213865, 'num_overwrites': 10, 'spacing': 3, 'target_mode': 'recency'}"
interference,interference,full_history_reference_baseline,num_overwrites,10,221784,0.0,1.0,26.729,1,"{'model_name': 'full_history_reference_baseline', 'state_dim': 32, 'seed': 221784, 'num_overwrites': 10, 'spacing': 3, 'target_mode': 'recency'}"
interference,interference,full_history_reference_baseline,num_overwrites,10,229703,0.0,1.0,26.082,1,"{'model_name': 'full_history_reference_baseline', 'state_dim': 32, 'seed': 229703, 'num_overwrites': 10, 'spacing': 3, 'target_mode': 'recency'}"
interference,interference,fixed_size_recurrent_memory,num_overwrites,1,43,0.0,1.0,7.263,1,"{'model_name': 'fixed_size_recurrent_memory', 'state_dim': 32, 'seed': 43, 'num_overwrites': 1, 'spacing': 3, 'target_mode': 'recency'}"
interference,interference,fixed_size_recurrent_memory,num_overwrites,1,7962,0.0,1.0,5.535,1,"{'model_name': 'fixed_size_recurrent_memory', 'state_dim': 32, 'seed': 7962, 'num_overwrites': 1, 'spacing': 3, 'target_mode': 'recency'}"
interference,interference,fixed_size_recurrent_memory,num_overwrites,1,15881,0.0,1.0,5.052,1,"{'model_name': 'fixed_size_recurrent_memory', 'state_dim': 32, 'seed': 15881, 'num_overwrites': 1, 'spacing': 3, 'target_mode': 'recency'}"
interference,interference,fixed_size_recurrent_memory,num_overwrites,1,23800,1.0,0.0,6.384,1,"{'model_name': 'fixed_size_recurrent_memory', 'state_dim': 32, 'seed': 23800, 'num_overwrites': 1, 'spacing': 3, 'target_mode': 'recency'}"
interference,interference,fixed_size_recurrent_memory,num_overwrites,1,31719,0.0,1.0,5.695,1,"{'model_name': 'fixed_size_recurrent_memory', 'state_dim': 32, 'seed': 31719, 'num_overwrites': 1, 'spacing': 3, 'target_mode': 'recency'}"
interference,interference,fixed_size_recurrent_memory,num_overwrites,1,39638,0.0,1.0,6.976,1,"{'model_name': 'fixed_size_recurrent_memory', 'state_dim': 32, 'seed': 39638, 'num_overwrites': 1, 'spacing': 3, 'target_mode': 'recency'}"
interference,interference,fixed_size_recurrent_memory,num_overwrites,1,47557,0.0,1.0,6.125,1,"{'model_name': 'fixed_size_recurrent_memory', 'state_dim': 32, 'seed': 47557, 'num_overwrites': 1, 'spacing': 3, 'target_mode': 'recency'}"
interference,interference,fixed_size_recurrent_memory,num_overwrites,1,55476,0.0,1.0,5.453,1,"{'model_name': 'fixed_size_recurrent_memory', 'state_dim': 32, 'seed': 55476, 'num_overwrites': 1, 'spacing': 3, 'target_mode': 'recency'}"
interference,interference,fixed_size_recurrent_memory,num_overwrites,1,63395,0.0,1.0,5.78,1,"{'model_name': 'fixed_size_recurrent_memory', 'state_dim': 32, 'seed': 63395, 'num_overwrites': 1, 'spacing': 3, 'target_mode': 'recency'}"
interference,interference,fixed_size_recurrent_memory,num_overwrites,1,71314,0.0,1.0,5.645,1,"{'model_name': 'fixed_size_recurrent_memory', 'state_dim': 32, 'seed': 71314, 'num_overwrites': 1, 'spacing': 3, 'target_mode': 'recency'}"
interference,interference,fixed_size_recurrent_memory,num_overwrites,1,79233,0.0,1.0,5.773,1,"{'model_name': 'fixed_size_recurrent_memory', 'state_dim': 32, 'seed': 79233, 'num_overwrites': 1, 'spacing': 3, 'target_mode': 'recency'}"
interference,interference,fixed_size_recurrent_memory,num_overwrites,1,87152,0.0,1.0,6.167,1,"{'model_name': 'fixed_size_recurrent_memory', 'state_dim': 32, 'seed': 87152, 'num_overwrites': 1, 'spacing': 3, 'target_mode': 'recency'}"
interference,interference,fixed_size_recurrent_memory,num_overwrites,1,95071,0.0,1.0,5.59,1,"{'model_name': 'fixed_size_recurrent_memory', 'state_dim': 32, 'seed': 95071, 'num_overwrites': 1, 'spacing': 3, 'target_mode': 'recency'}"
interference,interference,fixed_size_recurrent_memory,num_overwrites,1,102990,0.0,1.0,5.598,1,"{'model_name': 'fixed_size_recurrent_memory', 'state_dim': 32, 'seed': 102990, 'num_overwrites': 1, 'spacing': 3, 'target_mode': 'recency'}"
interference,interference,fixed_size_recurrent_memory,num_overwrites,1,110909,0.0,1.0,6.293,1,"{'model_name': 'fixed_size_recurrent_memory', 'state_dim': 32, 'seed': 110909, 'num_overwrites': 1, 'spacing': 3, 'target_mode': 'recency'}"
interference,interference,fixed_size_recurrent_memory,num_overwrites,1,118828,0.0,1.0,5.597,1,"{'model_name': 'fixed_size_recurrent_memory', 'state_dim': 32, 'seed': 118828, 'num_overwrites': 1, 'spacing': 3, 'target_mode': 'recency'}"
interference,interference,fixed_size_recurrent_memory,num_overwrites,1,126747,0.0,1.0,5.971,1,"{'model_name': 'fixed_size_recurrent_memory', 'state_dim': 32, 'seed': 126747, 'num_overwrites': 1, 'spacing': 3, 'target_mode': 'recency'}"
interference,interference,fixed_size_recurrent_memory,num_overwrites,1,134666,0.0,1.0,5.911,1,"{'model_name': 'fixed_size_recurrent_memory', 'state_dim': 32, 'seed': 134666, 'num_overwrites': 1, 'spacing': 3, 'target_mode': 'recency'}"
interference,interference,fixed_size_recurrent_memory,num_overwrites,1,142585,0.0,1.0,5.39,1,"{'model_name': 'fixed_size_recurrent_memory', 'state_dim': 32, 'seed': 142585, 'num_overwrites': 1, 'spacing': 3, 'target_mode': 'recency'}"
interference,interference,fixed_size_recurrent_memory,num_overwrites,1,150504,0.0,1.0,6.003,1,"{'model_name': 'fixed_size_recurrent_memory', 'state_dim': 32, 'seed': 150504, 'num_overwrites': 1, 'spacing': 3, 'target_mode': 'recency'}"
interference,interference,fixed_size_recurrent_memory,num_overwrites,1,158423,0.0,1.0,5.911,1,"{'model_name': 'fixed_size_recurrent_memory', 'state_dim': 32, 'seed': 158423, 'num_overwrites': 1, 'spacing': 3, 'target_mode': 'recency'}"
interference,interference,fixed_size_recurrent_memory,num_overwrites,1,166342,0.0,1.0,5.473,1,"{'model_name': 'fixed_size_recurrent_memory', 'state_dim': 32, 'seed': 166342, 'num_overwrites': 1, 'spacing': 3, 'target_mode': 'recency'}"
interference,interference,fixed_size_recurrent_memory,num_overwrites,1,174261,0.0,1.0,5.928,1,"{'model_name': 'fixed_size_recurrent_memory', 'state_dim': 32, 'seed': 174261, 'num_overwrites': 1, 'spacing': 3, 'target_mode': 'recency'}"
interference,interference,fixed_size_recurrent_memory,num_overwrites,1,182180,0.0,1.0,5.717,1,"{'model_name': 'fixed_size_recurrent_memory', 'state_dim': 32, 'seed': 182180, 'num_overwrites': 1, 'spacing': 3, 'target_mode': 'recency'}"
interference,interference,fixed_size_recurrent_memory,num_overwrites,1,190099,0.0,1.0,6.128,1,"{'model_name': 'fixed_size_recurrent_memory', 'state_dim': 32, 'seed': 190099, 'num_overwrites': 1, 'spacing': 3, 'target_mode': 'recency'}"
interference,interference,fixed_size_recurrent_memory,num_overwrites,1,198018,0.0,1.0,6.04,1,"{'model_name': 'fixed_size_recurrent_memory', 'state_dim': 32, 'seed': 198018, 'num_overwrites': 1, 'spacing': 3, 'target_mode': 'recency'}"
interference,interference,fixed_size_recurrent_memory,num_overwrites,1,205937,0.0,1.0,5.901,1,"{'model_name': 'fixed_size_recurrent_memory', 'state_dim': 32, 'seed': 205937, 'num_overwrites': 1, 'spacing': 3, 'target_mode': 'recency'}"
interference,interference,fixed_size_recurrent_memory,num_overwrites,1,213856,0.0,1.0,6.854,1,"{'model_name': 'fixed_size_recurrent_memory', 'state_dim': 32, 'seed': 213856, 'num_overwrites': 1, 'spacing': 3, 'target_mode': 'recency'}"
interference,interference,fixed_size_recurrent_memory,num_overwrites,1,221775,0.0,1.0,7.293,1,"{'model_name': 'fixed_size_recurrent_memory', 'state_dim': 32, 'seed': 221775, 'num_overwrites': 1, 'spacing': 3, 'target_mode': 'recency'}"
interference,interference,fixed_size_recurrent_memory,num_overwrites,1,229694,0.0,1.0,6.799,1,"{'model_name': 'fixed_size_recurrent_memory', 'state_dim': 32, 'seed': 229694, 'num_overwrites': 1, 'spacing': 3, 'target_mode': 'recency'}"
interference,interference,fixed_size_recurrent_memory,num_overwrites,2,44,0.0,1.0,10.786,1,"{'model_name': 'fixed_size_recurrent_memory', 'state_dim': 32, 'seed': 44, 'num_overwrites': 2, 'spacing': 3, 'target_mode': 'recency'}"
interference,interference,fixed_size_recurrent_memory,num_overwrites,2,7963,0.0,1.0,9.046,1,"{'model_name': 'fixed_size_recurrent_memory', 'state_dim': 32, 'seed': 7963, 'num_overwrites': 2, 'spacing': 3, 'target_mode': 'recency'}"
interference,interference,fixed_size_recurrent_memory,num_overwrites,2,15882,0.0,1.0,10.666,1,"{'model_name': 'fixed_size_recurrent_memory', 'state_dim': 32, 'seed': 15882, 'num_overwrites': 2, 'spacing': 3, 'target_mode': 'recency'}"
interference,interference,fixed_size_recurrent_memory,num_overwrites,2,23801,0.0,1.0,12.491,1,"{'model_name': 'fixed_size_recurrent_memory', 'state_dim': 32, 'seed': 23801, 'num_overwrites': 2, 'spacing': 3, 'target_mode': 'recency'}"
interference,interference,fixed_size_recurrent_memory,num_overwrites,2,31720,0.0,1.0,9.3,1,"{'model_name': 'fixed_size_recurrent_memory', 'state_dim': 32, 'seed': 31720, 'num_overwrites': 2, 'spacing': 3, 'target_mode': 'recency'}"
interference,interference,fixed_size_recurrent_memory,num_overwrites,2,39639,0.0,1.0,12.98,1,"{'model_name': 'fixed_size_recurrent_memory', 'state_dim': 32, 'seed': 39639, 'num_overwrites': 2, 'spacing': 3, 'target_mode': 'recency'}"
interference,interference,fixed_size_recurrent_memory,num_overwrites,2,47558,0.0,1.0,11.938,1,"{'model_name': 'fixed_size_recurrent_memory', 'state_dim': 32, 'seed': 47558, 'num_overwrites': 2, 'spacing': 3, 'target_mode': 'recency'}"
interference,interference,fixed_size_recurrent_memory,num_overwrites,2,55477,0.0,1.0,10.852,1,"{'model_name': 'fixed_size_recurrent_memory', 'state_dim': 32, 'seed': 55477, 'num_overwrites': 2, 'spacing': 3, 'target_mode': 'recency'}"
interference,interference,fixed_size_recurrent_memory,num_overwrites,2,63396,0.0,1.0,9.54,1,"{'model_name': 'fixed_size_recurrent_memory', 'state_dim': 32, 'seed': 63396, 'num_overwrites': 2, 'spacing': 3, 'target_mode': 'recency'}"
interference,interference,fixed_size_recurrent_memory,num_overwrites,2,71315,0.0,1.0,10.568,1,"{'model_name': 'fixed_size_recurrent_memory', 'state_dim': 32, 'seed': 71315, 'num_overwrites': 2, 'spacing': 3, 'target_mode': 'recency'}"
interference,interference,fixed_size_recurrent_memory,num_overwrites,2,79234,0.0,1.0,12.061,1,"{'model_name': 'fixed_size_recurrent_memory', 'state_dim': 32, 'seed': 79234, 'num_overwrites': 2, 'spacing': 3, 'target_mode': 'recency'}"
interference,interference,fixed_size_recurrent_memory,num_overwrites,2,87153,0.0,1.0,8.814,1,"{'model_name': 'fixed_size_recurrent_memory', 'state_dim': 32, 'seed': 87153, 'num_overwrites': 2, 'spacing': 3, 'target_mode': 'recency'}"
interference,interference,fixed_size_recurrent_memory,num_overwrites,2,95072,0.0,1.0,12.217,1,"{'model_name': 'fixed_size_recurrent_memory', 'state_dim': 32, 'seed': 95072, 'num_overwrites': 2, 'spacing': 3, 'target_mode': 'recency'}"
interference,interference,fixed_size_recurrent_memory,num_overwrites,2,102991,0.0,1.0,10.575,1,"{'model_name': 'fixed_size_recurrent_memory', 'state_dim': 32, 'seed': 102991, 'num_overwrites': 2, 'spacing': 3, 'target_mode': 'recency'}"
interference,interference,fixed_size_recurrent_memory,num_overwrites,2,110910,0.0,1.0,11.244,1,"{'model_name': 'fixed_size_recurrent_memory', 'state_dim': 32, 'seed': 110910, 'num_overwrites': 2, 'spacing': 3, 'target_mode': 'recency'}"
interference,interference,fixed_size_recurrent_memory,num_overwrites,2,118829,0.0,1.0,12.984,1,"{'model_name': 'fixed_size_recurrent_memory', 'state_dim': 32, 'seed': 118829, 'num_overwrites': 2, 'spacing': 3, 'target_mode': 'recency'}"
interference,interference,fixed_size_recurrent_memory,num_overwrites,2,126748,0.0,1.0,11.316,1,"{'model_name': 'fixed_size_recurrent_memory', 'state_dim': 32, 'seed': 126748, 'num_overwrites': 2, 'spacing': 3, 'target_mode': 'recency'}"
interference,interference,fixed_size_recurrent_memory,num_overwrites,2,134667,0.0,1.0,11.262,1,"{'model_name': 'fixed_size_recurrent_memory', 'state_dim': 32, 'seed': 134667, 'num_overwrites': 2, 'spacing': 3, 'target_mode': 'recency'}"
interference,interference,fixed_size_recurrent_memory,num_overwrites,2,142586,0.0,1.0,10.815,1,"{'model_name': 'fixed_size_recurrent_memory', 'state_dim': 32, 'seed': 142586, 'num_overwrites': 2, 'spacing': 3, 'target_mode': 'recency'}"
interference,interference,fixed_size_recurrent_memory,num_overwrites,2,150505,0.0,1.0,9.419,1,"{'model_name': 'fixed_size_recurrent_memory', 'state_dim': 32, 'seed': 150505, 'num_overwrites': 2, 'spacing': 3, 'target_mode': 'recency'}"
interference,interference,fixed_size_recurrent_memory,num_overwrites,2,158424,0.0,1.0,10.293,1,"{'model_name': 'fixed_size_recurrent_memory', 'state_dim': 32, 'seed': 158424, 'num_overwrites': 2, 'spacing': 3, 'target_mode': 'recency'}"
interference,interference,fixed_size_recurrent_memory,num_overwrites,2,166343,0.0,1.0,9.787,1,"{'model_name': 'fixed_size_recurrent_memory', 'state_dim': 32, 'seed': 166343, 'num_overwrites': 2, 'spacing': 3, 'target_mode': 'recency'}"
interference,interference,fixed_size_recurrent_memory,num_overwrites,2,174262,0.0,1.0,9.908,1,"{'model_name': 'fixed_size_recurrent_memory', 'state_dim': 32, 'seed': 174262, 'num_overwrites': 2, 'spacing': 3, 'target_mode': 'recency'}"
interference,interference,fixed_size_recurrent_memory,num_overwrites,2,182181,0.0,1.0,15.732,1,"{'model_name': 'fixed_size_recurrent_memory', 'state_dim': 32, 'seed': 182181, 'num_overwrites': 2, 'spacing': 3, 'target_mode': 'recency'}"
interference,interference,fixed_size_recurrent_memory,num_overwrites,2,190100,0.0,1.0,10.845,1,"{'model_name': 'fixed_size_recurrent_memory', 'state_dim': 32, 'seed': 190100, 'num_overwrites': 2, 'spacing': 3, 'target_mode': 'recency'}"
interference,interference,fixed_size_recurrent_memory,num_overwrites,2,198019,0.0,1.0,9.52,1,"{'model_name': 'fixed_size_recurrent_memory', 'state_dim': 32, 'seed': 198019, 'num_overwrites': 2, 'spacing': 3, 'target_mode': 'recency'}"
interference,interference,fixed_size_recurrent_memory,num_overwrites,2,205938,0.0,1.0,9.055,1,"{'model_name': 'fixed_size_recurrent_memory', 'state_dim': 32, 'seed': 205938, 'num_overwrites': 2, 'spacing': 3, 'target_mode': 'recency'}"
interference,interference,fixed_size_recurrent_memory,num_overwrites,2,213857,0.0,1.0,8.618,1,"{'model_name': 'fixed_size_recurrent_memory', 'state_dim': 32, 'seed': 213857, 'num_overwrites': 2, 'spacing': 3, 'target_mode': 'recency'}"
interference,interference,fixed_size_recurrent_memory,num_overwrites,2,221776,0.0,1.0,9.165,1,"{'model_name': 'fixed_size_recurrent_memory', 'state_dim': 32, 'seed': 221776, 'num_overwrites': 2, 'spacing': 3, 'target_mode': 'recency'}"
interference,interference,fixed_size_recurrent_memory,num_overwrites,2,229695,0.0,1.0,9.321,1,"{'model_name': 'fixed_size_recurrent_memory', 'state_dim': 32, 'seed': 229695, 'num_overwrites': 2, 'spacing': 3, 'target_mode': 'recency'}"
interference,interference,fixed_size_recurrent_memory,num_overwrites,3,45,0.0,1.0,13.804,1,"{'model_name': 'fixed_size_recurrent_memory', 'state_dim': 32, 'seed': 45, 'num_overwrites': 3, 'spacing': 3, 'target_mode': 'recency'}"
interference,interference,fixed_size_recurrent_memory,num_overwrites,3,7964,0.0,1.0,13.111,1,"{'model_name': 'fixed_size_recurrent_memory', 'state_dim': 32, 'seed': 7964, 'num_overwrites': 3, 'spacing': 3, 'target_mode': 'recency'}"
interference,interference,fixed_size_recurrent_memory,num_overwrites,3,15883,0.0,1.0,12.94,1,"{'model_name': 'fixed_size_recurrent_memory', 'state_dim': 32, 'seed': 15883, 'num_overwrites': 3, 'spacing': 3, 'target_mode': 'recency'}"
interference,interference,fixed_size_recurrent_memory,num_overwrites,3,23802,0.0,1.0,12.68,1,"{'model_name': 'fixed_size_recurrent_memory', 'state_dim': 32, 'seed': 23802, 'num_overwrites': 3, 'spacing': 3, 'target_mode': 'recency'}"
interference,interference,fixed_size_recurrent_memory,num_overwrites,3,31721,0.0,1.0,13.138,1,"{'model_name': 'fixed_size_recurrent_memory', 'state_dim': 32, 'seed': 31721, 'num_overwrites': 3, 'spacing': 3, 'target_mode': 'recency'}"
interference,interference,fixed_size_recurrent_memory,num_overwrites,3,39640,0.0,1.0,13.372,1,"{'model_name': 'fixed_size_recurrent_memory', 'state_dim': 32, 'seed': 39640, 'num_overwrites': 3, 'spacing': 3, 'target_mode': 'recency'}"
interference,interference,fixed_size_recurrent_memory,num_overwrites,3,47559,0.0,1.0,12.596,1,"{'model_name': 'fixed_size_recurrent_memory', 'state_dim': 32, 'seed': 47559, 'num_overwrites': 3, 'spacing': 3, 'target_mode': 'recency'}"
interference,interference,fixed_size_recurrent_memory,num_overwrites,3,55478,0.0,1.0,14.031,1,"{'model_name': 'fixed_size_recurrent_memory', 'state_dim': 32, 'seed': 55478, 'num_overwrites': 3, 'spacing': 3, 'target_mode': 'recency'}"
interference,interference,fixed_size_recurrent_memory,num_overwrites,3,63397,0.0,1.0,14.056,1,"{'model_name': 'fixed_size_recurrent_memory', 'state_dim': 32, 'seed': 63397, 'num_overwrites': 3, 'spacing': 3, 'target_mode': 'recency'}"
interference,interference,fixed_size_recurrent_memory,num_overwrites,3,71316,0.0,1.0,13.502,1,"{'model_name': 'fixed_size_recurrent_memory', 'state_dim': 32, 'seed': 71316, 'num_overwrites': 3, 'spacing': 3, 'target_mode': 'recency'}"
interference,interference,fixed_size_recurrent_memory,num_overwrites,3,79235,0.0,1.0,11.141,1,"{'model_name': 'fixed_size_recurrent_memory', 'state_dim': 32, 'seed': 79235, 'num_overwrites': 3, 'spacing': 3, 'target_mode': 'recency'}"
interference,interference,fixed_size_recurrent_memory,num_overwrites,3,87154,0.0,1.0,12.38,1,"{'model_name': 'fixed_size_recurrent_memory', 'state_dim': 32, 'seed': 87154, 'num_overwrites': 3, 'spacing': 3, 'target_mode': 'recency'}"
interference,interference,fixed_size_recurrent_memory,num_overwrites,3,95073,1.0,0.0,11.315,1,"{'model_name': 'fixed_size_recurrent_memory', 'state_dim': 32, 'seed': 95073, 'num_overwrites': 3, 'spacing': 3, 'target_mode': 'recency'}"
interference,interference,fixed_size_recurrent_memory,num_overwrites,3,102992,0.0,1.0,13.843,1,"{'model_name': 'fixed_size_recurrent_memory', 'state_dim': 32, 'seed': 102992, 'num_overwrites': 3, 'spacing': 3, 'target_mode': 'recency'}"
interference,interference,fixed_size_recurrent_memory,num_overwrites,3,110911,0.0,1.0,12.668,1,"{'model_name': 'fixed_size_recurrent_memory', 'state_dim': 32, 'seed': 110911, 'num_overwrites': 3, 'spacing': 3, 'target_mode': 'recency'}"
interference,interference,fixed_size_recurrent_memory,num_overwrites,3,118830,0.0,1.0,12.281,1,"{'model_name': 'fixed_size_recurrent_memory', 'state_dim': 32, 'seed': 118830, 'num_overwrites': 3, 'spacing': 3, 'target_mode': 'recency'}"
interference,interference,fixed_size_recurrent_memory,num_overwrites,3,126749,0.0,1.0,12.934,1,"{'model_name': 'fixed_size_recurrent_memory', 'state_dim': 32, 'seed': 126749, 'num_overwrites': 3, 'spacing': 3, 'target_mode': 'recency'}"
interference,interference,fixed_size_recurrent_memory,num_overwrites,3,134668,0.0,1.0,13.843,1,"{'model_name': 'fixed_size_recurrent_memory', 'state_dim': 32, 'seed': 134668, 'num_overwrites': 3, 'spacing': 3, 'target_mode': 'recency'}"
interference,interference,fixed_size_recurrent_memory,num_overwrites,3,142587,0.0,1.0,13.528,1,"{'model_name': 'fixed_size_recurrent_memory', 'state_dim': 32, 'seed': 142587, 'num_overwrites': 3, 'spacing': 3, 'target_mode': 'recency'}"
interference,interference,fixed_size_recurrent_memory,num_overwrites,3,150506,0.0,1.0,12.557,1,"{'model_name': 'fixed_size_recurrent_memory', 'state_dim': 32, 'seed': 150506, 'num_overwrites': 3, 'spacing': 3, 'target_mode': 'recency'}"
interference,interference,fixed_size_recurrent_memory,num_overwrites,3,158425,0.0,1.0,11.881,1,"{'model_name': 'fixed_size_recurrent_memory', 'state_dim': 32, 'seed': 158425, 'num_overwrites': 3, 'spacing': 3, 'target_mode': 'recency'}"
interference,interference,fixed_size_recurrent_memory,num_overwrites,3,166344,0.0,1.0,12.952,1,"{'model_name': 'fixed_size_recurrent_memory', 'state_dim': 32, 'seed': 166344, 'num_overwrites': 3, 'spacing': 3, 'target_mode': 'recency'}"
interference,interference,fixed_size_recurrent_memory,num_overwrites,3,174263,0.0,1.0,13.217,1,"{'model_name': 'fixed_size_recurrent_memory', 'state_dim': 32, 'seed': 174263, 'num_overwrites': 3, 'spacing': 3, 'target_mode': 'recency'}"
interference,interference,fixed_size_recurrent_memory,num_overwrites,3,182182,0.0,1.0,13.658,1,"{'model_name': 'fixed_size_recurrent_memory', 'state_dim': 32, 'seed': 182182, 'num_overwrites': 3, 'spacing': 3, 'target_mode': 'recency'}"
interference,interference,fixed_size_recurrent_memory,num_overwrites,3,190101,0.0,1.0,13.021,1,"{'model_name': 'fixed_size_recurrent_memory', 'state_dim': 32, 'seed': 190101, 'num_overwrites': 3, 'spacing': 3, 'target_mode': 'recency'}"
interference,interference,fixed_size_recurrent_memory,num_overwrites,3,198020,0.0,1.0,13.132,1,"{'model_name': 'fixed_size_recurrent_memory', 'state_dim': 32, 'seed': 198020, 'num_overwrites': 3, 'spacing': 3, 'target_mode': 'recency'}"
interference,interference,fixed_size_recurrent_memory,num_overwrites,3,205939,0.0,1.0,12.91,1,"{'model_name': 'fixed_size_recurrent_memory', 'state_dim': 32, 'seed': 205939, 'num_overwrites': 3, 'spacing': 3, 'target_mode': 'recency'}"
interference,interference,fixed_size_recurrent_memory,num_overwrites,3,213858,0.0,1.0,12.924,1,"{'model_name': 'fixed_size_recurrent_memory', 'state_dim': 32, 'seed': 213858, 'num_overwrites': 3, 'spacing': 3, 'target_mode': 'recency'}"
interference,interference,fixed_size_recurrent_memory,num_overwrites,3,221777,0.0,1.0,13.439,1,"{'model_name': 'fixed_size_recurrent_memory', 'state_dim': 32, 'seed': 221777, 'num_overwrites': 3, 'spacing': 3, 'target_mode': 'recency'}"
interference,interference,fixed_size_recurrent_memory,num_overwrites,3,229696,0.0,1.0,14.621,1,"{'model_name': 'fixed_size_recurrent_memory', 'state_dim': 32, 'seed': 229696, 'num_overwrites': 3, 'spacing': 3, 'target_mode': 'recency'}"
interference,interference,fixed_size_recurrent_memory,num_overwrites,4,46,0.0,1.0,16.668,1,"{'model_name': 'fixed_size_recurrent_memory', 'state_dim': 32, 'seed': 46, 'num_overwrites': 4, 'spacing': 3, 'target_mode': 'recency'}"
interference,interference,fixed_size_recurrent_memory,num_overwrites,4,7965,0.0,1.0,16.738,1,"{'model_name': 'fixed_size_recurrent_memory', 'state_dim': 32, 'seed': 7965, 'num_overwrites': 4, 'spacing': 3, 'target_mode': 'recency'}"
interference,interference,fixed_size_recurrent_memory,num_overwrites,4,15884,0.0,1.0,15.492,1,"{'model_name': 'fixed_size_recurrent_memory', 'state_dim': 32, 'seed': 15884, 'num_overwrites': 4, 'spacing': 3, 'target_mode': 'recency'}"
interference,interference,fixed_size_recurrent_memory,num_overwrites,4,23803,0.0,1.0,15.851,1,"{'model_name': 'fixed_size_recurrent_memory', 'state_dim': 32, 'seed': 23803, 'num_overwrites': 4, 'spacing': 3, 'target_mode': 'recency'}"
interference,interference,fixed_size_recurrent_memory,num_overwrites,4,31722,0.0,1.0,16.153,1,"{'model_name': 'fixed_size_recurrent_memory', 'state_dim': 32, 'seed': 31722, 'num_overwrites': 4, 'spacing': 3, 'target_mode': 'recency'}"
interference,interference,fixed_size_recurrent_memory,num_overwrites,4,39641,0.0,1.0,15.834,1,"{'model_name': 'fixed_size_recurrent_memory', 'state_dim': 32, 'seed': 39641, 'num_overwrites': 4, 'spacing': 3, 'target_mode': 'recency'}"
interference,interference,fixed_size_recurrent_memory,num_overwrites,4,47560,0.0,1.0,16.337,1,"{'model_name': 'fixed_size_recurrent_memory', 'state_dim': 32, 'seed': 47560, 'num_overwrites': 4, 'spacing': 3, 'target_mode': 'recency'}"
interference,interference,fixed_size_recurrent_memory,num_overwrites,4,55479,0.0,1.0,15.925,1,"{'model_name': 'fixed_size_recurrent_memory', 'state_dim': 32, 'seed': 55479, 'num_overwrites': 4, 'spacing': 3, 'target_mode': 'recency'}"
interference,interference,fixed_size_recurrent_memory,num_overwrites,4,63398,0.0,1.0,15.811,1,"{'model_name': 'fixed_size_recurrent_memory', 'state_dim': 32, 'seed': 63398, 'num_overwrites': 4, 'spacing': 3, 'target_mode': 'recency'}"
interference,interference,fixed_size_recurrent_memory,num_overwrites,4,71317,0.0,1.0,16.007,1,"{'model_name': 'fixed_size_recurrent_memory', 'state_dim': 32, 'seed': 71317, 'num_overwrites': 4, 'spacing': 3, 'target_mode': 'recency'}"
interference,interference,fixed_size_recurrent_memory,num_overwrites,4,79236,0.0,1.0,15.529,1,"{'model_name': 'fixed_size_recurrent_memory', 'state_dim': 32, 'seed': 79236, 'num_overwrites': 4, 'spacing': 3, 'target_mode': 'recency'}"
interference,interference,fixed_size_recurrent_memory,num_overwrites,4,87155,0.0,1.0,15.773,1,"{'model_name': 'fixed_size_recurrent_memory', 'state_dim': 32, 'seed': 87155, 'num_overwrites': 4, 'spacing': 3, 'target_mode': 'recency'}"
interference,interference,fixed_size_recurrent_memory,num_overwrites,4,95074,0.0,1.0,15.397,1,"{'model_name': 'fixed_size_recurrent_memory', 'state_dim': 32, 'seed': 95074, 'num_overwrites': 4, 'spacing': 3, 'target_mode': 'recency'}"
interference,interference,fixed_size_recurrent_memory,num_overwrites,4,102993,0.0,1.0,16.507,1,"{'model_name': 'fixed_size_recurrent_memory', 'state_dim': 32, 'seed': 102993, 'num_overwrites': 4, 'spacing': 3, 'target_mode': 'recency'}"
interference,interference,fixed_size_recurrent_memory,num_overwrites,4,110912,0.0,1.0,16.059,1,"{'model_name': 'fixed_size_recurrent_memory', 'state_dim': 32, 'seed': 110912, 'num_overwrites': 4, 'spacing': 3, 'target_mode': 'recency'}"
interference,interference,fixed_size_recurrent_memory,num_overwrites,4,118831,0.0,1.0,15.832,1,"{'model_name': 'fixed_size_recurrent_memory', 'state_dim': 32, 'seed': 118831, 'num_overwrites': 4, 'spacing': 3, 'target_mode': 'recency'}"
interference,interference,fixed_size_recurrent_memory,num_overwrites,4,126750,0.0,1.0,14.801,1,"{'model_name': 'fixed_size_recurrent_memory', 'state_dim': 32, 'seed': 126750, 'num_overwrites': 4, 'spacing': 3, 'target_mode': 'recency'}"
interference,interference,fixed_size_recurrent_memory,num_overwrites,4,134669,0.0,1.0,15.035,1,"{'model_name': 'fixed_size_recurrent_memory', 'state_dim': 32, 'seed': 134669, 'num_overwrites': 4, 'spacing': 3, 'target_mode': 'recency'}"
interference,interference,fixed_size_recurrent_memory,num_overwrites,4,142588,0.0,1.0,15.896,1,"{'model_name': 'fixed_size_recurrent_memory', 'state_dim': 32, 'seed': 142588, 'num_overwrites': 4, 'spacing': 3, 'target_mode': 'recency'}"
interference,interference,fixed_size_recurrent_memory,num_overwrites,4,150507,0.0,1.0,16.002,1,"{'model_name': 'fixed_size_recurrent_memory', 'state_dim': 32, 'seed': 150507, 'num_overwrites': 4, 'spacing': 3, 'target_mode': 'recency'}"
interference,interference,fixed_size_recurrent_memory,num_overwrites,4,158426,0.0,1.0,14.713,1,"{'model_name': 'fixed_size_recurrent_memory', 'state_dim': 32, 'seed': 158426, 'num_overwrites': 4, 'spacing': 3, 'target_mode': 'recency'}"
interference,interference,fixed_size_recurrent_memory,num_overwrites,4,166345,0.0,1.0,15.455,1,"{'model_name': 'fixed_size_recurrent_memory', 'state_dim': 32, 'seed': 166345, 'num_overwrites': 4, 'spacing': 3, 'target_mode': 'recency'}"
interference,interference,fixed_size_recurrent_memory,num_overwrites,4,174264,0.0,1.0,16.937,1,"{'model_name': 'fixed_size_recurrent_memory', 'state_dim': 32, 'seed': 174264, 'num_overwrites': 4, 'spacing': 3, 'target_mode': 'recency'}"
interference,interference,fixed_size_recurrent_memory,num_overwrites,4,182183,0.0,1.0,15.696,1,"{'model_name': 'fixed_size_recurrent_memory', 'state_dim': 32, 'seed': 182183, 'num_overwrites': 4, 'spacing': 3, 'target_mode': 'recency'}"
interference,interference,fixed_size_recurrent_memory,num_overwrites,4,190102,0.0,1.0,15.889,1,"{'model_name': 'fixed_size_recurrent_memory', 'state_dim': 32, 'seed': 190102, 'num_overwrites': 4, 'spacing': 3, 'target_mode': 'recency'}"
interference,interference,fixed_size_recurrent_memory,num_overwrites,4,198021,0.0,1.0,16.075,1,"{'model_name': 'fixed_size_recurrent_memory', 'state_dim': 32, 'seed': 198021, 'num_overwrites': 4, 'spacing': 3, 'target_mode': 'recency'}"
interference,interference,fixed_size_recurrent_memory,num_overwrites,4,205940,0.0,1.0,16.77,1,"{'model_name': 'fixed_size_recurrent_memory', 'state_dim': 32, 'seed': 205940, 'num_overwrites': 4, 'spacing': 3, 'target_mode': 'recency'}"
interference,interference,fixed_size_recurrent_memory,num_overwrites,4,213859,0.0,1.0,16.195,1,"{'model_name': 'fixed_size_recurrent_memory', 'state_dim': 32, 'seed': 213859, 'num_overwrites': 4, 'spacing': 3, 'target_mode': 'recency'}"
interference,interference,fixed_size_recurrent_memory,num_overwrites,4,221778,0.0,1.0,15.719,1,"{'model_name': 'fixed_size_recurrent_memory', 'state_dim': 32, 'seed': 221778, 'num_overwrites': 4, 'spacing': 3, 'target_mode': 'recency'}"
interference,interference,fixed_size_recurrent_memory,num_overwrites,4,229697,0.0,1.0,14.69,1,"{'model_name': 'fixed_size_recurrent_memory', 'state_dim': 32, 'seed': 229697, 'num_overwrites': 4, 'spacing': 3, 'target_mode': 'recency'}"
interference,interference,fixed_size_recurrent_memory,num_overwrites,6,48,0.0,1.0,24.267,1,"{'model_name': 'fixed_size_recurrent_memory', 'state_dim': 32, 'seed': 48, 'num_overwrites': 6, 'spacing': 3, 'target_mode': 'recency'}"
interference,interference,fixed_size_recurrent_memory,num_overwrites,6,7967,0.0,1.0,24.903,1,"{'model_name': 'fixed_size_recurrent_memory', 'state_dim': 32, 'seed': 7967, 'num_overwrites': 6, 'spacing': 3, 'target_mode': 'recency'}"
interference,interference,fixed_size_recurrent_memory,num_overwrites,6,15886,0.0,1.0,25.22,1,"{'model_name': 'fixed_size_recurrent_memory', 'state_dim': 32, 'seed': 15886, 'num_overwrites': 6, 'spacing': 3, 'target_mode': 'recency'}"
interference,interference,fixed_size_recurrent_memory,num_overwrites,6,23805,0.0,1.0,25.058,1,"{'model_name': 'fixed_size_recurrent_memory', 'state_dim': 32, 'seed': 23805, 'num_overwrites': 6, 'spacing': 3, 'target_mode': 'recency'}"
interference,interference,fixed_size_recurrent_memory,num_overwrites,6,31724,0.0,1.0,23.819,1,"{'model_name': 'fixed_size_recurrent_memory', 'state_dim': 32, 'seed': 31724, 'num_overwrites': 6, 'spacing': 3, 'target_mode': 'recency'}"
interference,interference,fixed_size_recurrent_memory,num_overwrites,6,39643,0.0,1.0,26.428,1,"{'model_name': 'fixed_size_recurrent_memory', 'state_dim': 32, 'seed': 39643, 'num_overwrites': 6, 'spacing': 3, 'target_mode': 'recency'}"
interference,interference,fixed_size_recurrent_memory,num_overwrites,6,47562,0.0,1.0,22.262,1,"{'model_name': 'fixed_size_recurrent_memory', 'state_dim': 32, 'seed': 47562, 'num_overwrites': 6, 'spacing': 3, 'target_mode': 'recency'}"
interference,interference,fixed_size_recurrent_memory,num_overwrites,6,55481,0.0,1.0,22.076,1,"{'model_name': 'fixed_size_recurrent_memory', 'state_dim': 32, 'seed': 55481, 'num_overwrites': 6, 'spacing': 3, 'target_mode': 'recency'}"
interference,interference,fixed_size_recurrent_memory,num_overwrites,6,63400,0.0,1.0,22.047,1,"{'model_name': 'fixed_size_recurrent_memory', 'state_dim': 32, 'seed': 63400, 'num_overwrites': 6, 'spacing': 3, 'target_mode': 'recency'}"
interference,interference,fixed_size_recurrent_memory,num_overwrites,6,71319,0.0,1.0,23.003,1,"{'model_name': 'fixed_size_recurrent_memory', 'state_dim': 32, 'seed': 71319, 'num_overwrites': 6, 'spacing': 3, 'target_mode': 'recency'}"
interference,interference,fixed_size_recurrent_memory,num_overwrites,6,79238,0.0,1.0,21.862,1,"{'model_name': 'fixed_size_recurrent_memory', 'state_dim': 32, 'seed': 79238, 'num_overwrites': 6, 'spacing': 3, 'target_mode': 'recency'}"
interference,interference,fixed_size_recurrent_memory,num_overwrites,6,87157,0.0,1.0,22.344,1,"{'model_name': 'fixed_size_recurrent_memory', 'state_dim': 32, 'seed': 87157, 'num_overwrites': 6, 'spacing': 3, 'target_mode': 'recency'}"
interference,interference,fixed_size_recurrent_memory,num_overwrites,6,95076,0.0,1.0,22.154,1,"{'model_name': 'fixed_size_recurrent_memory', 'state_dim': 32, 'seed': 95076, 'num_overwrites': 6, 'spacing': 3, 'target_mode': 'recency'}"
interference,interference,fixed_size_recurrent_memory,num_overwrites,6,102995,0.0,1.0,21.761,1,"{'model_name': 'fixed_size_recurrent_memory', 'state_dim': 32, 'seed': 102995, 'num_overwrites': 6, 'spacing': 3, 'target_mode': 'recency'}"
interference,interference,fixed_size_recurrent_memory,num_overwrites,6,110914,0.0,1.0,22.6,1,"{'model_name': 'fixed_size_recurrent_memory', 'state_dim': 32, 'seed': 110914, 'num_overwrites': 6, 'spacing': 3, 'target_mode': 'recency'}"
interference,interference,fixed_size_recurrent_memory,num_overwrites,6,118833,0.0,1.0,22.335,1,"{'model_name': 'fixed_size_recurrent_memory', 'state_dim': 32, 'seed': 118833, 'num_overwrites': 6, 'spacing': 3, 'target_mode': 'recency'}"
interference,interference,fixed_size_recurrent_memory,num_overwrites,6,126752,0.0,1.0,22.351,1,"{'model_name': 'fixed_size_recurrent_memory', 'state_dim': 32, 'seed': 126752, 'num_overwrites': 6, 'spacing': 3, 'target_mode': 'recency'}"
interference,interference,fixed_size_recurrent_memory,num_overwrites,6,134671,0.0,1.0,22.852,1,"{'model_name': 'fixed_size_recurrent_memory', 'state_dim': 32, 'seed': 134671, 'num_overwrites': 6, 'spacing': 3, 'target_mode': 'recency'}"
interference,interference,fixed_size_recurrent_memory,num_overwrites,6,142590,0.0,1.0,22.322,1,"{'model_name': 'fixed_size_recurrent_memory', 'state_dim': 32, 'seed': 142590, 'num_overwrites': 6, 'spacing': 3, 'target_mode': 'recency'}"
interference,interference,fixed_size_recurrent_memory,num_overwrites,6,150509,0.0,1.0,21.78,1,"{'model_name': 'fixed_size_recurrent_memory', 'state_dim': 32, 'seed': 150509, 'num_overwrites': 6, 'spacing': 3, 'target_mode': 'recency'}"
interference,interference,fixed_size_recurrent_memory,num_overwrites,6,158428,0.0,1.0,15.369,1,"{'model_name': 'fixed_size_recurrent_memory', 'state_dim': 32, 'seed': 158428, 'num_overwrites': 6, 'spacing': 3, 'target_mode': 'recency'}"
interference,interference,fixed_size_recurrent_memory,num_overwrites,6,166347,0.0,1.0,6.978,1,"{'model_name': 'fixed_size_recurrent_memory', 'state_dim': 32, 'seed': 166347, 'num_overwrites': 6, 'spacing': 3, 'target_mode': 'recency'}"
interference,interference,fixed_size_recurrent_memory,num_overwrites,6,174266,0.0,1.0,4.675,1,"{'model_name': 'fixed_size_recurrent_memory', 'state_dim': 32, 'seed': 174266, 'num_overwrites': 6, 'spacing': 3, 'target_mode': 'recency'}"
interference,interference,fixed_size_recurrent_memory,num_overwrites,6,182185,0.0,1.0,4.358,1,"{'model_name': 'fixed_size_recurrent_memory', 'state_dim': 32, 'seed': 182185, 'num_overwrites': 6, 'spacing': 3, 'target_mode': 'recency'}"
interference,interference,fixed_size_recurrent_memory,num_overwrites,6,190104,0.0,1.0,4.623,1,"{'model_name': 'fixed_size_recurrent_memory', 'state_dim': 32, 'seed': 190104, 'num_overwrites': 6, 'spacing': 3, 'target_mode': 'recency'}"
interference,interference,fixed_size_recurrent_memory,num_overwrites,6,198023,0.0,1.0,4.499,1,"{'model_name': 'fixed_size_recurrent_memory', 'state_dim': 32, 'seed': 198023, 'num_overwrites': 6, 'spacing': 3, 'target_mode': 'recency'}"
interference,interference,fixed_size_recurrent_memory,num_overwrites,6,205942,0.0,1.0,4.48,1,"{'model_name': 'fixed_size_recurrent_memory', 'state_dim': 32, 'seed': 205942, 'num_overwrites': 6, 'spacing': 3, 'target_mode': 'recency'}"
interference,interference,fixed_size_recurrent_memory,num_overwrites,6,213861,0.0,1.0,4.314,1,"{'model_name': 'fixed_size_recurrent_memory', 'state_dim': 32, 'seed': 213861, 'num_overwrites': 6, 'spacing': 3, 'target_mode': 'recency'}"
interference,interference,fixed_size_recurrent_memory,num_overwrites,6,221780,0.0,1.0,4.195,1,"{'model_name': 'fixed_size_recurrent_memory', 'state_dim': 32, 'seed': 221780, 'num_overwrites': 6, 'spacing': 3, 'target_mode': 'recency'}"
interference,interference,fixed_size_recurrent_memory,num_overwrites,6,229699,0.0,1.0,4.052,1,"{'model_name': 'fixed_size_recurrent_memory', 'state_dim': 32, 'seed': 229699, 'num_overwrites': 6, 'spacing': 3, 'target_mode': 'recency'}"
interference,interference,fixed_size_recurrent_memory,num_overwrites,8,50,0.0,1.0,25.087,1,"{'model_name': 'fixed_size_recurrent_memory', 'state_dim': 32, 'seed': 50, 'num_overwrites': 8, 'spacing': 3, 'target_mode': 'recency'}"
interference,interference,fixed_size_recurrent_memory,num_overwrites,8,7969,0.0,1.0,23.624,1,"{'model_name': 'fixed_size_recurrent_memory', 'state_dim': 32, 'seed': 7969, 'num_overwrites': 8, 'spacing': 3, 'target_mode': 'recency'}"
interference,interference,fixed_size_recurrent_memory,num_overwrites,8,15888,0.0,1.0,24.006,1,"{'model_name': 'fixed_size_recurrent_memory', 'state_dim': 32, 'seed': 15888, 'num_overwrites': 8, 'spacing': 3, 'target_mode': 'recency'}"
interference,interference,fixed_size_recurrent_memory,num_overwrites,8,23807,0.0,1.0,13.953,1,"{'model_name': 'fixed_size_recurrent_memory', 'state_dim': 32, 'seed': 23807, 'num_overwrites': 8, 'spacing': 3, 'target_mode': 'recency'}"
interference,interference,fixed_size_recurrent_memory,num_overwrites,8,31726,0.0,1.0,5.349,1,"{'model_name': 'fixed_size_recurrent_memory', 'state_dim': 32, 'seed': 31726, 'num_overwrites': 8, 'spacing': 3, 'target_mode': 'recency'}"
interference,interference,fixed_size_recurrent_memory,num_overwrites,8,39645,0.0,1.0,5.74,1,"{'model_name': 'fixed_size_recurrent_memory', 'state_dim': 32, 'seed': 39645, 'num_overwrites': 8, 'spacing': 3, 'target_mode': 'recency'}"
interference,interference,fixed_size_recurrent_memory,num_overwrites,8,47564,0.0,1.0,5.404,1,"{'model_name': 'fixed_size_recurrent_memory', 'state_dim': 32, 'seed': 47564, 'num_overwrites': 8, 'spacing': 3, 'target_mode': 'recency'}"
interference,interference,fixed_size_recurrent_memory,num_overwrites,8,55483,0.0,1.0,5.441,1,"{'model_name': 'fixed_size_recurrent_memory', 'state_dim': 32, 'seed': 55483, 'num_overwrites': 8, 'spacing': 3, 'target_mode': 'recency'}"
interference,interference,fixed_size_recurrent_memory,num_overwrites,8,63402,0.0,1.0,5.612,1,"{'model_name': 'fixed_size_recurrent_memory', 'state_dim': 32, 'seed': 63402, 'num_overwrites': 8, 'spacing': 3, 'target_mode': 'recency'}"
interference,interference,fixed_size_recurrent_memory,num_overwrites,8,71321,0.0,1.0,8.051,1,"{'model_name': 'fixed_size_recurrent_memory', 'state_dim': 32, 'seed': 71321, 'num_overwrites': 8, 'spacing': 3, 'target_mode': 'recency'}"
interference,interference,fixed_size_recurrent_memory,num_overwrites,8,79240,0.0,1.0,5.633,1,"{'model_name': 'fixed_size_recurrent_memory', 'state_dim': 32, 'seed': 79240, 'num_overwrites': 8, 'spacing': 3, 'target_mode': 'recency'}"
interference,interference,fixed_size_recurrent_memory,num_overwrites,8,87159,0.0,1.0,5.888,1,"{'model_name': 'fixed_size_recurrent_memory', 'state_dim': 32, 'seed': 87159, 'num_overwrites': 8, 'spacing': 3, 'target_mode': 'recency'}"
interference,interference,fixed_size_recurrent_memory,num_overwrites,8,95078,0.0,1.0,5.502,1,"{'model_name': 'fixed_size_recurrent_memory', 'state_dim': 32, 'seed': 95078, 'num_overwrites': 8, 'spacing': 3, 'target_mode': 'recency'}"
interference,interference,fixed_size_recurrent_memory,num_overwrites,8,102997,0.0,1.0,5.613,1,"{'model_name': 'fixed_size_recurrent_memory', 'state_dim': 32, 'seed': 102997, 'num_overwrites': 8, 'spacing': 3, 'target_mode': 'recency'}"
interference,interference,fixed_size_recurrent_memory,num_overwrites,8,110916,0.0,1.0,5.353,1,"{'model_name': 'fixed_size_recurrent_memory', 'state_dim': 32, 'seed': 110916, 'num_overwrites': 8, 'spacing': 3, 'target_mode': 'recency'}"
interference,interference,fixed_size_recurrent_memory,num_overwrites,8,118835,0.0,1.0,5.3,1,"{'model_name': 'fixed_size_recurrent_memory', 'state_dim': 32, 'seed': 118835, 'num_overwrites': 8, 'spacing': 3, 'target_mode': 'recency'}"
interference,interference,fixed_size_recurrent_memory,num_overwrites,8,126754,0.0,1.0,5.639,1,"{'model_name': 'fixed_size_recurrent_memory', 'state_dim': 32, 'seed': 126754, 'num_overwrites': 8, 'spacing': 3, 'target_mode': 'recency'}"
interference,interference,fixed_size_recurrent_memory,num_overwrites,8,134673,0.0,1.0,5.361,1,"{'model_name': 'fixed_size_recurrent_memory', 'state_dim': 32, 'seed': 134673, 'num_overwrites': 8, 'spacing': 3, 'target_mode': 'recency'}"
interference,interference,fixed_size_recurrent_memory,num_overwrites,8,142592,0.0,1.0,5.282,1,"{'model_name': 'fixed_size_recurrent_memory', 'state_dim': 32, 'seed': 142592, 'num_overwrites': 8, 'spacing': 3, 'target_mode': 'recency'}"
interference,interference,fixed_size_recurrent_memory,num_overwrites,8,150511,0.0,1.0,5.457,1,"{'model_name': 'fixed_size_recurrent_memory', 'state_dim': 32, 'seed': 150511, 'num_overwrites': 8, 'spacing': 3, 'target_mode': 'recency'}"
interference,interference,fixed_size_recurrent_memory,num_overwrites,8,158430,0.0,1.0,6.753,1,"{'model_name': 'fixed_size_recurrent_memory', 'state_dim': 32, 'seed': 158430, 'num_overwrites': 8, 'spacing': 3, 'target_mode': 'recency'}"
interference,interference,fixed_size_recurrent_memory,num_overwrites,8,166349,0.0,1.0,5.301,1,"{'model_name': 'fixed_size_recurrent_memory', 'state_dim': 32, 'seed': 166349, 'num_overwrites': 8, 'spacing': 3, 'target_mode': 'recency'}"
interference,interference,fixed_size_recurrent_memory,num_overwrites,8,174268,0.0,1.0,5.792,1,"{'model_name': 'fixed_size_recurrent_memory', 'state_dim': 32, 'seed': 174268, 'num_overwrites': 8, 'spacing': 3, 'target_mode': 'recency'}"
interference,interference,fixed_size_recurrent_memory,num_overwrites,8,182187,0.0,1.0,5.566,1,"{'model_name': 'fixed_size_recurrent_memory', 'state_dim': 32, 'seed': 182187, 'num_overwrites': 8, 'spacing': 3, 'target_mode': 'recency'}"
interference,interference,fixed_size_recurrent_memory,num_overwrites,8,190106,0.0,1.0,6.251,1,"{'model_name': 'fixed_size_recurrent_memory', 'state_dim': 32, 'seed': 190106, 'num_overwrites': 8, 'spacing': 3, 'target_mode': 'recency'}"
interference,interference,fixed_size_recurrent_memory,num_overwrites,8,198025,0.0,1.0,5.629,1,"{'model_name': 'fixed_size_recurrent_memory', 'state_dim': 32, 'seed': 198025, 'num_overwrites': 8, 'spacing': 3, 'target_mode': 'recency'}"
interference,interference,fixed_size_recurrent_memory,num_overwrites,8,205944,0.0,1.0,5.598,1,"{'model_name': 'fixed_size_recurrent_memory', 'state_dim': 32, 'seed': 205944, 'num_overwrites': 8, 'spacing': 3, 'target_mode': 'recency'}"
interference,interference,fixed_size_recurrent_memory,num_overwrites,8,213863,0.0,1.0,5.745,1,"{'model_name': 'fixed_size_recurrent_memory', 'state_dim': 32, 'seed': 213863, 'num_overwrites': 8, 'spacing': 3, 'target_mode': 'recency'}"
interference,interference,fixed_size_recurrent_memory,num_overwrites,8,221782,0.0,1.0,5.537,1,"{'model_name': 'fixed_size_recurrent_memory', 'state_dim': 32, 'seed': 221782, 'num_overwrites': 8, 'spacing': 3, 'target_mode': 'recency'}"
interference,interference,fixed_size_recurrent_memory,num_overwrites,8,229701,0.0,1.0,5.596,1,"{'model_name': 'fixed_size_recurrent_memory', 'state_dim': 32, 'seed': 229701, 'num_overwrites': 8, 'spacing': 3, 'target_mode': 'recency'}"
interference,interference,fixed_size_recurrent_memory,num_overwrites,10,52,0.0,1.0,6.885,1,"{'model_name': 'fixed_size_recurrent_memory', 'state_dim': 32, 'seed': 52, 'num_overwrites': 10, 'spacing': 3, 'target_mode': 'recency'}"
interference,interference,fixed_size_recurrent_memory,num_overwrites,10,7971,0.0,1.0,7.192,1,"{'model_name': 'fixed_size_recurrent_memory', 'state_dim': 32, 'seed': 7971, 'num_overwrites': 10, 'spacing': 3, 'target_mode': 'recency'}"
interference,interference,fixed_size_recurrent_memory,num_overwrites,10,15890,0.0,1.0,7.643,1,"{'model_name': 'fixed_size_recurrent_memory', 'state_dim': 32, 'seed': 15890, 'num_overwrites': 10, 'spacing': 3, 'target_mode': 'recency'}"
interference,interference,fixed_size_recurrent_memory,num_overwrites,10,23809,0.0,1.0,7.046,1,"{'model_name': 'fixed_size_recurrent_memory', 'state_dim': 32, 'seed': 23809, 'num_overwrites': 10, 'spacing': 3, 'target_mode': 'recency'}"
interference,interference,fixed_size_recurrent_memory,num_overwrites,10,31728,0.0,1.0,7.559,1,"{'model_name': 'fixed_size_recurrent_memory', 'state_dim': 32, 'seed': 31728, 'num_overwrites': 10, 'spacing': 3, 'target_mode': 'recency'}"
interference,interference,fixed_size_recurrent_memory,num_overwrites,10,39647,0.0,1.0,7.193,1,"{'model_name': 'fixed_size_recurrent_memory', 'state_dim': 32, 'seed': 39647, 'num_overwrites': 10, 'spacing': 3, 'target_mode': 'recency'}"
interference,interference,fixed_size_recurrent_memory,num_overwrites,10,47566,0.0,1.0,7.167,1,"{'model_name': 'fixed_size_recurrent_memory', 'state_dim': 32, 'seed': 47566, 'num_overwrites': 10, 'spacing': 3, 'target_mode': 'recency'}"
interference,interference,fixed_size_recurrent_memory,num_overwrites,10,55485,0.0,1.0,14.484,1,"{'model_name': 'fixed_size_recurrent_memory', 'state_dim': 32, 'seed': 55485, 'num_overwrites': 10, 'spacing': 3, 'target_mode': 'recency'}"
interference,interference,fixed_size_recurrent_memory,num_overwrites,10,63404,0.0,1.0,27.917,1,"{'model_name': 'fixed_size_recurrent_memory', 'state_dim': 32, 'seed': 63404, 'num_overwrites': 10, 'spacing': 3, 'target_mode': 'recency'}"
interference,interference,fixed_size_recurrent_memory,num_overwrites,10,71323,0.0,1.0,8.123,1,"{'model_name': 'fixed_size_recurrent_memory', 'state_dim': 32, 'seed': 71323, 'num_overwrites': 10, 'spacing': 3, 'target_mode': 'recency'}"
interference,interference,fixed_size_recurrent_memory,num_overwrites,10,79242,0.0,1.0,7.239,1,"{'model_name': 'fixed_size_recurrent_memory', 'state_dim': 32, 'seed': 79242, 'num_overwrites': 10, 'spacing': 3, 'target_mode': 'recency'}"
interference,interference,fixed_size_recurrent_memory,num_overwrites,10,87161,0.0,1.0,7.093,1,"{'model_name': 'fixed_size_recurrent_memory', 'state_dim': 32, 'seed': 87161, 'num_overwrites': 10, 'spacing': 3, 'target_mode': 'recency'}"
interference,interference,fixed_size_recurrent_memory,num_overwrites,10,95080,0.0,1.0,7.053,1,"{'model_name': 'fixed_size_recurrent_memory', 'state_dim': 32, 'seed': 95080, 'num_overwrites': 10, 'spacing': 3, 'target_mode': 'recency'}"
interference,interference,fixed_size_recurrent_memory,num_overwrites,10,102999,0.0,1.0,7.043,1,"{'model_name': 'fixed_size_recurrent_memory', 'state_dim': 32, 'seed': 102999, 'num_overwrites': 10, 'spacing': 3, 'target_mode': 'recency'}"
interference,interference,fixed_size_recurrent_memory,num_overwrites,10,110918,0.0,1.0,6.946,1,"{'model_name': 'fixed_size_recurrent_memory', 'state_dim': 32, 'seed': 110918, 'num_overwrites': 10, 'spacing': 3, 'target_mode': 'recency'}"
interference,interference,fixed_size_recurrent_memory,num_overwrites,10,118837,0.0,1.0,7.079,1,"{'model_name': 'fixed_size_recurrent_memory', 'state_dim': 32, 'seed': 118837, 'num_overwrites': 10, 'spacing': 3, 'target_mode': 'recency'}"
interference,interference,fixed_size_recurrent_memory,num_overwrites,10,126756,0.0,1.0,6.948,1,"{'model_name': 'fixed_size_recurrent_memory', 'state_dim': 32, 'seed': 126756, 'num_overwrites': 10, 'spacing': 3, 'target_mode': 'recency'}"
interference,interference,fixed_size_recurrent_memory,num_overwrites,10,134675,0.0,1.0,6.907,1,"{'model_name': 'fixed_size_recurrent_memory', 'state_dim': 32, 'seed': 134675, 'num_overwrites': 10, 'spacing': 3, 'target_mode': 'recency'}"
interference,interference,fixed_size_recurrent_memory,num_overwrites,10,142594,0.0,1.0,6.948,1,"{'model_name': 'fixed_size_recurrent_memory', 'state_dim': 32, 'seed': 142594, 'num_overwrites': 10, 'spacing': 3, 'target_mode': 'recency'}"
interference,interference,fixed_size_recurrent_memory,num_overwrites,10,150513,0.0,1.0,7.033,1,"{'model_name': 'fixed_size_recurrent_memory', 'state_dim': 32, 'seed': 150513, 'num_overwrites': 10, 'spacing': 3, 'target_mode': 'recency'}"
interference,interference,fixed_size_recurrent_memory,num_overwrites,10,158432,0.0,1.0,7.471,1,"{'model_name': 'fixed_size_recurrent_memory', 'state_dim': 32, 'seed': 158432, 'num_overwrites': 10, 'spacing': 3, 'target_mode': 'recency'}"
interference,interference,fixed_size_recurrent_memory,num_overwrites,10,166351,0.0,1.0,6.884,1,"{'model_name': 'fixed_size_recurrent_memory', 'state_dim': 32, 'seed': 166351, 'num_overwrites': 10, 'spacing': 3, 'target_mode': 'recency'}"
interference,interference,fixed_size_recurrent_memory,num_overwrites,10,174270,0.0,1.0,11.94,1,"{'model_name': 'fixed_size_recurrent_memory', 'state_dim': 32, 'seed': 174270, 'num_overwrites': 10, 'spacing': 3, 'target_mode': 'recency'}"
interference,interference,fixed_size_recurrent_memory,num_overwrites,10,182189,0.0,1.0,29.121,1,"{'model_name': 'fixed_size_recurrent_memory', 'state_dim': 32, 'seed': 182189, 'num_overwrites': 10, 'spacing': 3, 'target_mode': 'recency'}"
interference,interference,fixed_size_recurrent_memory,num_overwrites,10,190108,0.0,1.0,29.096,1,"{'model_name': 'fixed_size_recurrent_memory', 'state_dim': 32, 'seed': 190108, 'num_overwrites': 10, 'spacing': 3, 'target_mode': 'recency'}"
interference,interference,fixed_size_recurrent_memory,num_overwrites,10,198027,0.0,1.0,25.941,1,"{'model_name': 'fixed_size_recurrent_memory', 'state_dim': 32, 'seed': 198027, 'num_overwrites': 10, 'spacing': 3, 'target_mode': 'recency'}"
interference,interference,fixed_size_recurrent_memory,num_overwrites,10,205946,0.0,1.0,7.589,1,"{'model_name': 'fixed_size_recurrent_memory', 'state_dim': 32, 'seed': 205946, 'num_overwrites': 10, 'spacing': 3, 'target_mode': 'recency'}"
interference,interference,fixed_size_recurrent_memory,num_overwrites,10,213865,0.0,1.0,7.06,1,"{'model_name': 'fixed_size_recurrent_memory', 'state_dim': 32, 'seed': 213865, 'num_overwrites': 10, 'spacing': 3, 'target_mode': 'recency'}"
interference,interference,fixed_size_recurrent_memory,num_overwrites,10,221784,0.0,1.0,7.072,1,"{'model_name': 'fixed_size_recurrent_memory', 'state_dim': 32, 'seed': 221784, 'num_overwrites': 10, 'spacing': 3, 'target_mode': 'recency'}"
interference,interference,fixed_size_recurrent_memory,num_overwrites,10,229703,0.0,1.0,7.029,1,"{'model_name': 'fixed_size_recurrent_memory', 'state_dim': 32, 'seed': 229703, 'num_overwrites': 10, 'spacing': 3, 'target_mode': 'recency'}"
interference,interference,educational_evolving_memory_toy,num_overwrites,1,43,1.0,0.0,5.914,1,"{'model_name': 'educational_evolving_memory_toy', 'state_dim': 32, 'seed': 43, 'num_overwrites': 1, 'spacing': 3, 'target_mode': 'recency'}"
interference,interference,educational_evolving_memory_toy,num_overwrites,1,7962,1.0,0.0,6.098,1,"{'model_name': 'educational_evolving_memory_toy', 'state_dim': 32, 'seed': 7962, 'num_overwrites': 1, 'spacing': 3, 'target_mode': 'recency'}"
interference,interference,educational_evolving_memory_toy,num_overwrites,1,15881,1.0,0.0,5.179,1,"{'model_name': 'educational_evolving_memory_toy', 'state_dim': 32, 'seed': 15881, 'num_overwrites': 1, 'spacing': 3, 'target_mode': 'recency'}"
interference,interference,educational_evolving_memory_toy,num_overwrites,1,23800,1.0,0.0,5.706,1,"{'model_name': 'educational_evolving_memory_toy', 'state_dim': 32, 'seed': 23800, 'num_overwrites': 1, 'spacing': 3, 'target_mode': 'recency'}"
interference,interference,educational_evolving_memory_toy,num_overwrites,1,31719,1.0,0.0,5.476,1,"{'model_name': 'educational_evolving_memory_toy', 'state_dim': 32, 'seed': 31719, 'num_overwrites': 1, 'spacing': 3, 'target_mode': 'recency'}"
interference,interference,educational_evolving_memory_toy,num_overwrites,1,39638,1.0,0.0,5.43,1,"{'model_name': 'educational_evolving_memory_toy', 'state_dim': 32, 'seed': 39638, 'num_overwrites': 1, 'spacing': 3, 'target_mode': 'recency'}"
interference,interference,educational_evolving_memory_toy,num_overwrites,1,47557,1.0,0.0,1.888,1,"{'model_name': 'educational_evolving_memory_toy', 'state_dim': 32, 'seed': 47557, 'num_overwrites': 1, 'spacing': 3, 'target_mode': 'recency'}"
interference,interference,educational_evolving_memory_toy,num_overwrites,1,55476,1.0,0.0,1.374,1,"{'model_name': 'educational_evolving_memory_toy', 'state_dim': 32, 'seed': 55476, 'num_overwrites': 1, 'spacing': 3, 'target_mode': 'recency'}"
interference,interference,educational_evolving_memory_toy,num_overwrites,1,63395,1.0,0.0,1.237,1,"{'model_name': 'educational_evolving_memory_toy', 'state_dim': 32, 'seed': 63395, 'num_overwrites': 1, 'spacing': 3, 'target_mode': 'recency'}"
interference,interference,educational_evolving_memory_toy,num_overwrites,1,71314,1.0,0.0,1.386,1,"{'model_name': 'educational_evolving_memory_toy', 'state_dim': 32, 'seed': 71314, 'num_overwrites': 1, 'spacing': 3, 'target_mode': 'recency'}"
interference,interference,educational_evolving_memory_toy,num_overwrites,1,79233,1.0,0.0,1.303,1,"{'model_name': 'educational_evolving_memory_toy', 'state_dim': 32, 'seed': 79233, 'num_overwrites': 1, 'spacing': 3, 'target_mode': 'recency'}"
interference,interference,educational_evolving_memory_toy,num_overwrites,1,87152,1.0,0.0,1.28,1,"{'model_name': 'educational_evolving_memory_toy', 'state_dim': 32, 'seed': 87152, 'num_overwrites': 1, 'spacing': 3, 'target_mode': 'recency'}"
interference,interference,educational_evolving_memory_toy,num_overwrites,1,95071,1.0,0.0,1.241,1,"{'model_name': 'educational_evolving_memory_toy', 'state_dim': 32, 'seed': 95071, 'num_overwrites': 1, 'spacing': 3, 'target_mode': 'recency'}"
interference,interference,educational_evolving_memory_toy,num_overwrites,1,102990,1.0,0.0,1.262,1,"{'model_name': 'educational_evolving_memory_toy', 'state_dim': 32, 'seed': 102990, 'num_overwrites': 1, 'spacing': 3, 'target_mode': 'recency'}"
interference,interference,educational_evolving_memory_toy,num_overwrites,1,110909,1.0,0.0,1.236,1,"{'model_name': 'educational_evolving_memory_toy', 'state_dim': 32, 'seed': 110909, 'num_overwrites': 1, 'spacing': 3, 'target_mode': 'recency'}"
interference,interference,educational_evolving_memory_toy,num_overwrites,1,118828,1.0,0.0,1.25,1,"{'model_name': 'educational_evolving_memory_toy', 'state_dim': 32, 'seed': 118828, 'num_overwrites': 1, 'spacing': 3, 'target_mode': 'recency'}"
interference,interference,educational_evolving_memory_toy,num_overwrites,1,126747,1.0,0.0,1.337,1,"{'model_name': 'educational_evolving_memory_toy', 'state_dim': 32, 'seed': 126747, 'num_overwrites': 1, 'spacing': 3, 'target_mode': 'recency'}"
interference,interference,educational_evolving_memory_toy,num_overwrites,1,134666,1.0,0.0,1.456,1,"{'model_name': 'educational_evolving_memory_toy', 'state_dim': 32, 'seed': 134666, 'num_overwrites': 1, 'spacing': 3, 'target_mode': 'recency'}"
interference,interference,educational_evolving_memory_toy,num_overwrites,1,142585,1.0,0.0,1.226,1,"{'model_name': 'educational_evolving_memory_toy', 'state_dim': 32, 'seed': 142585, 'num_overwrites': 1, 'spacing': 3, 'target_mode': 'recency'}"
interference,interference,educational_evolving_memory_toy,num_overwrites,1,150504,1.0,0.0,1.278,1,"{'model_name': 'educational_evolving_memory_toy', 'state_dim': 32, 'seed': 150504, 'num_overwrites': 1, 'spacing': 3, 'target_mode': 'recency'}"
interference,interference,educational_evolving_memory_toy,num_overwrites,1,158423,1.0,0.0,1.302,1,"{'model_name': 'educational_evolving_memory_toy', 'state_dim': 32, 'seed': 158423, 'num_overwrites': 1, 'spacing': 3, 'target_mode': 'recency'}"
interference,interference,educational_evolving_memory_toy,num_overwrites,1,166342,1.0,0.0,1.27,1,"{'model_name': 'educational_evolving_memory_toy', 'state_dim': 32, 'seed': 166342, 'num_overwrites': 1, 'spacing': 3, 'target_mode': 'recency'}"
interference,interference,educational_evolving_memory_toy,num_overwrites,1,174261,1.0,0.0,1.231,1,"{'model_name': 'educational_evolving_memory_toy', 'state_dim': 32, 'seed': 174261, 'num_overwrites': 1, 'spacing': 3, 'target_mode': 'recency'}"
interference,interference,educational_evolving_memory_toy,num_overwrites,1,182180,1.0,0.0,1.257,1,"{'model_name': 'educational_evolving_memory_toy', 'state_dim': 32, 'seed': 182180, 'num_overwrites': 1, 'spacing': 3, 'target_mode': 'recency'}"
interference,interference,educational_evolving_memory_toy,num_overwrites,1,190099,1.0,0.0,1.173,1,"{'model_name': 'educational_evolving_memory_toy', 'state_dim': 32, 'seed': 190099, 'num_overwrites': 1, 'spacing': 3, 'target_mode': 'recency'}"
interference,interference,educational_evolving_memory_toy,num_overwrites,1,198018,1.0,0.0,1.259,1,"{'model_name': 'educational_evolving_memory_toy', 'state_dim': 32, 'seed': 198018, 'num_overwrites': 1, 'spacing': 3, 'target_mode': 'recency'}"
interference,interference,educational_evolving_memory_toy,num_overwrites,1,205937,1.0,0.0,1.249,1,"{'model_name': 'educational_evolving_memory_toy', 'state_dim': 32, 'seed': 205937, 'num_overwrites': 1, 'spacing': 3, 'target_mode': 'recency'}"
interference,interference,educational_evolving_memory_toy,num_overwrites,1,213856,1.0,0.0,1.177,1,"{'model_name': 'educational_evolving_memory_toy', 'state_dim': 32, 'seed': 213856, 'num_overwrites': 1, 'spacing': 3, 'target_mode': 'recency'}"
interference,interference,educational_evolving_memory_toy,num_overwrites,1,221775,1.0,0.0,1.253,1,"{'model_name': 'educational_evolving_memory_toy', 'state_dim': 32, 'seed': 221775, 'num_overwrites': 1, 'spacing': 3, 'target_mode': 'recency'}"
interference,interference,educational_evolving_memory_toy,num_overwrites,1,229694,1.0,0.0,1.249,1,"{'model_name': 'educational_evolving_memory_toy', 'state_dim': 32, 'seed': 229694, 'num_overwrites': 1, 'spacing': 3, 'target_mode': 'recency'}"
interference,interference,educational_evolving_memory_toy,num_overwrites,2,44,1.0,0.0,2.559,1,"{'model_name': 'educational_evolving_memory_toy', 'state_dim': 32, 'seed': 44, 'num_overwrites': 2, 'spacing': 3, 'target_mode': 'recency'}"
interference,interference,educational_evolving_memory_toy,num_overwrites,2,7963,1.0,0.0,2.134,1,"{'model_name': 'educational_evolving_memory_toy', 'state_dim': 32, 'seed': 7963, 'num_overwrites': 2, 'spacing': 3, 'target_mode': 'recency'}"
interference,interference,educational_evolving_memory_toy,num_overwrites,2,15882,1.0,0.0,2.051,1,"{'model_name': 'educational_evolving_memory_toy', 'state_dim': 32, 'seed': 15882, 'num_overwrites': 2, 'spacing': 3, 'target_mode': 'recency'}"
interference,interference,educational_evolving_memory_toy,num_overwrites,2,23801,1.0,0.0,2.037,1,"{'model_name': 'educational_evolving_memory_toy', 'state_dim': 32, 'seed': 23801, 'num_overwrites': 2, 'spacing': 3, 'target_mode': 'recency'}"
interference,interference,educational_evolving_memory_toy,num_overwrites,2,31720,1.0,0.0,2.02,1,"{'model_name': 'educational_evolving_memory_toy', 'state_dim': 32, 'seed': 31720, 'num_overwrites': 2, 'spacing': 3, 'target_mode': 'recency'}"
interference,interference,educational_evolving_memory_toy,num_overwrites,2,39639,1.0,0.0,5.246,1,"{'model_name': 'educational_evolving_memory_toy', 'state_dim': 32, 'seed': 39639, 'num_overwrites': 2, 'spacing': 3, 'target_mode': 'recency'}"
interference,interference,educational_evolving_memory_toy,num_overwrites,2,47558,1.0,0.0,8.796,1,"{'model_name': 'educational_evolving_memory_toy', 'state_dim': 32, 'seed': 47558, 'num_overwrites': 2, 'spacing': 3, 'target_mode': 'recency'}"
interference,interference,educational_evolving_memory_toy,num_overwrites,2,55477,1.0,0.0,8.579,1,"{'model_name': 'educational_evolving_memory_toy', 'state_dim': 32, 'seed': 55477, 'num_overwrites': 2, 'spacing': 3, 'target_mode': 'recency'}"
interference,interference,educational_evolving_memory_toy,num_overwrites,2,63396,1.0,0.0,8.333,1,"{'model_name': 'educational_evolving_memory_toy', 'state_dim': 32, 'seed': 63396, 'num_overwrites': 2, 'spacing': 3, 'target_mode': 'recency'}"
interference,interference,educational_evolving_memory_toy,num_overwrites,2,71315,1.0,0.0,8.46,1,"{'model_name': 'educational_evolving_memory_toy', 'state_dim': 32, 'seed': 71315, 'num_overwrites': 2, 'spacing': 3, 'target_mode': 'recency'}"
interference,interference,educational_evolving_memory_toy,num_overwrites,2,79234,1.0,0.0,8.571,1,"{'model_name': 'educational_evolving_memory_toy', 'state_dim': 32, 'seed': 79234, 'num_overwrites': 2, 'spacing': 3, 'target_mode': 'recency'}"
interference,interference,educational_evolving_memory_toy,num_overwrites,2,87153,1.0,0.0,8.263,1,"{'model_name': 'educational_evolving_memory_toy', 'state_dim': 32, 'seed': 87153, 'num_overwrites': 2, 'spacing': 3, 'target_mode': 'recency'}"
interference,interference,educational_evolving_memory_toy,num_overwrites,2,95072,1.0,0.0,8.127,1,"{'model_name': 'educational_evolving_memory_toy', 'state_dim': 32, 'seed': 95072, 'num_overwrites': 2, 'spacing': 3, 'target_mode': 'recency'}"
interference,interference,educational_evolving_memory_toy,num_overwrites,2,102991,1.0,0.0,6.221,1,"{'model_name': 'educational_evolving_memory_toy', 'state_dim': 32, 'seed': 102991, 'num_overwrites': 2, 'spacing': 3, 'target_mode': 'recency'}"
interference,interference,educational_evolving_memory_toy,num_overwrites,2,110910,1.0,0.0,2.47,1,"{'model_name': 'educational_evolving_memory_toy', 'state_dim': 32, 'seed': 110910, 'num_overwrites': 2, 'spacing': 3, 'target_mode': 'recency'}"
interference,interference,educational_evolving_memory_toy,num_overwrites,2,118829,1.0,0.0,2.162,1,"{'model_name': 'educational_evolving_memory_toy', 'state_dim': 32, 'seed': 118829, 'num_overwrites': 2, 'spacing': 3, 'target_mode': 'recency'}"
interference,interference,educational_evolving_memory_toy,num_overwrites,2,126748,1.0,0.0,2.16,1,"{'model_name': 'educational_evolving_memory_toy', 'state_dim': 32, 'seed': 126748, 'num_overwrites': 2, 'spacing': 3, 'target_mode': 'recency'}"
interference,interference,educational_evolving_memory_toy,num_overwrites,2,134667,1.0,0.0,2.229,1,"{'model_name': 'educational_evolving_memory_toy', 'state_dim': 32, 'seed': 134667, 'num_overwrites': 2, 'spacing': 3, 'target_mode': 'recency'}"
interference,interference,educational_evolving_memory_toy,num_overwrites,2,142586,1.0,0.0,2.051,1,"{'model_name': 'educational_evolving_memory_toy', 'state_dim': 32, 'seed': 142586, 'num_overwrites': 2, 'spacing': 3, 'target_mode': 'recency'}"
interference,interference,educational_evolving_memory_toy,num_overwrites,2,150505,1.0,0.0,2.185,1,"{'model_name': 'educational_evolving_memory_toy', 'state_dim': 32, 'seed': 150505, 'num_overwrites': 2, 'spacing': 3, 'target_mode': 'recency'}"
interference,interference,educational_evolving_memory_toy,num_overwrites,2,158424,1.0,0.0,2.56,1,"{'model_name': 'educational_evolving_memory_toy', 'state_dim': 32, 'seed': 158424, 'num_overwrites': 2, 'spacing': 3, 'target_mode': 'recency'}"
interference,interference,educational_evolving_memory_toy,num_overwrites,2,166343,1.0,0.0,2.051,1,"{'model_name': 'educational_evolving_memory_toy', 'state_dim': 32, 'seed': 166343, 'num_overwrites': 2, 'spacing': 3, 'target_mode': 'recency'}"
interference,interference,educational_evolving_memory_toy,num_overwrites,2,174262,1.0,0.0,2.06,1,"{'model_name': 'educational_evolving_memory_toy', 'state_dim': 32, 'seed': 174262, 'num_overwrites': 2, 'spacing': 3, 'target_mode': 'recency'}"
interference,interference,educational_evolving_memory_toy,num_overwrites,2,182181,1.0,0.0,2.209,1,"{'model_name': 'educational_evolving_memory_toy', 'state_dim': 32, 'seed': 182181, 'num_overwrites': 2, 'spacing': 3, 'target_mode': 'recency'}"
interference,interference,educational_evolving_memory_toy,num_overwrites,2,190100,1.0,0.0,2.083,1,"{'model_name': 'educational_evolving_memory_toy', 'state_dim': 32, 'seed': 190100, 'num_overwrites': 2, 'spacing': 3, 'target_mode': 'recency'}"
interference,interference,educational_evolving_memory_toy,num_overwrites,2,198019,1.0,0.0,2.838,1,"{'model_name': 'educational_evolving_memory_toy', 'state_dim': 32, 'seed': 198019, 'num_overwrites': 2, 'spacing': 3, 'target_mode': 'recency'}"
interference,interference,educational_evolving_memory_toy,num_overwrites,2,205938,1.0,0.0,2.062,1,"{'model_name': 'educational_evolving_memory_toy', 'state_dim': 32, 'seed': 205938, 'num_overwrites': 2, 'spacing': 3, 'target_mode': 'recency'}"
interference,interference,educational_evolving_memory_toy,num_overwrites,2,213857,1.0,0.0,2.098,1,"{'model_name': 'educational_evolving_memory_toy', 'state_dim': 32, 'seed': 213857, 'num_overwrites': 2, 'spacing': 3, 'target_mode': 'recency'}"
interference,interference,educational_evolving_memory_toy,num_overwrites,2,221776,1.0,0.0,2.405,1,"{'model_name': 'educational_evolving_memory_toy', 'state_dim': 32, 'seed': 221776, 'num_overwrites': 2, 'spacing': 3, 'target_mode': 'recency'}"
interference,interference,educational_evolving_memory_toy,num_overwrites,2,229695,1.0,0.0,1.997,1,"{'model_name': 'educational_evolving_memory_toy', 'state_dim': 32, 'seed': 229695, 'num_overwrites': 2, 'spacing': 3, 'target_mode': 'recency'}"
interference,interference,educational_evolving_memory_toy,num_overwrites,3,45,0.0,1.0,2.712,1,"{'model_name': 'educational_evolving_memory_toy', 'state_dim': 32, 'seed': 45, 'num_overwrites': 3, 'spacing': 3, 'target_mode': 'recency'}"
interference,interference,educational_evolving_memory_toy,num_overwrites,3,7964,0.0,1.0,13.019,1,"{'model_name': 'educational_evolving_memory_toy', 'state_dim': 32, 'seed': 7964, 'num_overwrites': 3, 'spacing': 3, 'target_mode': 'recency'}"
interference,interference,educational_evolving_memory_toy,num_overwrites,3,15883,1.0,0.0,10.89,1,"{'model_name': 'educational_evolving_memory_toy', 'state_dim': 32, 'seed': 15883, 'num_overwrites': 3, 'spacing': 3, 'target_mode': 'recency'}"
interference,interference,educational_evolving_memory_toy,num_overwrites,3,23802,0.0,1.0,2.434,1,"{'model_name': 'educational_evolving_memory_toy', 'state_dim': 32, 'seed': 23802, 'num_overwrites': 3, 'spacing': 3, 'target_mode': 'recency'}"
interference,interference,educational_evolving_memory_toy,num_overwrites,3,31721,1.0,0.0,2.252,1,"{'model_name': 'educational_evolving_memory_toy', 'state_dim': 32, 'seed': 31721, 'num_overwrites': 3, 'spacing': 3, 'target_mode': 'recency'}"
interference,interference,educational_evolving_memory_toy,num_overwrites,3,39640,0.0,1.0,2.48,1,"{'model_name': 'educational_evolving_memory_toy', 'state_dim': 32, 'seed': 39640, 'num_overwrites': 3, 'spacing': 3, 'target_mode': 'recency'}"
interference,interference,educational_evolving_memory_toy,num_overwrites,3,47559,1.0,0.0,2.265,1,"{'model_name': 'educational_evolving_memory_toy', 'state_dim': 32, 'seed': 47559, 'num_overwrites': 3, 'spacing': 3, 'target_mode': 'recency'}"
interference,interference,educational_evolving_memory_toy,num_overwrites,3,55478,1.0,0.0,2.219,1,"{'model_name': 'educational_evolving_memory_toy', 'state_dim': 32, 'seed': 55478, 'num_overwrites': 3, 'spacing': 3, 'target_mode': 'recency'}"
interference,interference,educational_evolving_memory_toy,num_overwrites,3,63397,0.0,1.0,2.195,1,"{'model_name': 'educational_evolving_memory_toy', 'state_dim': 32, 'seed': 63397, 'num_overwrites': 3, 'spacing': 3, 'target_mode': 'recency'}"
interference,interference,educational_evolving_memory_toy,num_overwrites,3,71316,1.0,0.0,3.081,1,"{'model_name': 'educational_evolving_memory_toy', 'state_dim': 32, 'seed': 71316, 'num_overwrites': 3, 'spacing': 3, 'target_mode': 'recency'}"
interference,interference,educational_evolving_memory_toy,num_overwrites,3,79235,0.0,1.0,2.816,1,"{'model_name': 'educational_evolving_memory_toy', 'state_dim': 32, 'seed': 79235, 'num_overwrites': 3, 'spacing': 3, 'target_mode': 'recency'}"
interference,interference,educational_evolving_memory_toy,num_overwrites,3,87154,1.0,0.0,2.872,1,"{'model_name': 'educational_evolving_memory_toy', 'state_dim': 32, 'seed': 87154, 'num_overwrites': 3, 'spacing': 3, 'target_mode': 'recency'}"
interference,interference,educational_evolving_memory_toy,num_overwrites,3,95073,1.0,0.0,2.83,1,"{'model_name': 'educational_evolving_memory_toy', 'state_dim': 32, 'seed': 95073, 'num_overwrites': 3, 'spacing': 3, 'target_mode': 'recency'}"
interference,interference,educational_evolving_memory_toy,num_overwrites,3,102992,0.0,1.0,2.809,1,"{'model_name': 'educational_evolving_memory_toy', 'state_dim': 32, 'seed': 102992, 'num_overwrites': 3, 'spacing': 3, 'target_mode': 'recency'}"
interference,interference,educational_evolving_memory_toy,num_overwrites,3,110911,0.0,1.0,2.801,1,"{'model_name': 'educational_evolving_memory_toy', 'state_dim': 32, 'seed': 110911, 'num_overwrites': 3, 'spacing': 3, 'target_mode': 'recency'}"
interference,interference,educational_evolving_memory_toy,num_overwrites,3,118830,1.0,0.0,2.837,1,"{'model_name': 'educational_evolving_memory_toy', 'state_dim': 32, 'seed': 118830, 'num_overwrites': 3, 'spacing': 3, 'target_mode': 'recency'}"
interference,interference,educational_evolving_memory_toy,num_overwrites,3,126749,1.0,0.0,2.832,1,"{'model_name': 'educational_evolving_memory_toy', 'state_dim': 32, 'seed': 126749, 'num_overwrites': 3, 'spacing': 3, 'target_mode': 'recency'}"
interference,interference,educational_evolving_memory_toy,num_overwrites,3,134668,1.0,0.0,6.546,1,"{'model_name': 'educational_evolving_memory_toy', 'state_dim': 32, 'seed': 134668, 'num_overwrites': 3, 'spacing': 3, 'target_mode': 'recency'}"
interference,interference,educational_evolving_memory_toy,num_overwrites,3,142587,1.0,0.0,12.455,1,"{'model_name': 'educational_evolving_memory_toy', 'state_dim': 32, 'seed': 142587, 'num_overwrites': 3, 'spacing': 3, 'target_mode': 'recency'}"
interference,interference,educational_evolving_memory_toy,num_overwrites,3,150506,1.0,0.0,7.427,1,"{'model_name': 'educational_evolving_memory_toy', 'state_dim': 32, 'seed': 150506, 'num_overwrites': 3, 'spacing': 3, 'target_mode': 'recency'}"
interference,interference,educational_evolving_memory_toy,num_overwrites,3,158425,1.0,0.0,3.469,1,"{'model_name': 'educational_evolving_memory_toy', 'state_dim': 32, 'seed': 158425, 'num_overwrites': 3, 'spacing': 3, 'target_mode': 'recency'}"
interference,interference,educational_evolving_memory_toy,num_overwrites,3,166344,1.0,0.0,2.812,1,"{'model_name': 'educational_evolving_memory_toy', 'state_dim': 32, 'seed': 166344, 'num_overwrites': 3, 'spacing': 3, 'target_mode': 'recency'}"
interference,interference,educational_evolving_memory_toy,num_overwrites,3,174263,0.0,1.0,3.249,1,"{'model_name': 'educational_evolving_memory_toy', 'state_dim': 32, 'seed': 174263, 'num_overwrites': 3, 'spacing': 3, 'target_mode': 'recency'}"
interference,interference,educational_evolving_memory_toy,num_overwrites,3,182182,1.0,0.0,2.82,1,"{'model_name': 'educational_evolving_memory_toy', 'state_dim': 32, 'seed': 182182, 'num_overwrites': 3, 'spacing': 3, 'target_mode': 'recency'}"
interference,interference,educational_evolving_memory_toy,num_overwrites,3,190101,0.0,1.0,3.222,1,"{'model_name': 'educational_evolving_memory_toy', 'state_dim': 32, 'seed': 190101, 'num_overwrites': 3, 'spacing': 3, 'target_mode': 'recency'}"
interference,interference,educational_evolving_memory_toy,num_overwrites,3,198020,0.0,1.0,2.92,1,"{'model_name': 'educational_evolving_memory_toy', 'state_dim': 32, 'seed': 198020, 'num_overwrites': 3, 'spacing': 3, 'target_mode': 'recency'}"
interference,interference,educational_evolving_memory_toy,num_overwrites,3,205939,0.0,1.0,3.18,1,"{'model_name': 'educational_evolving_memory_toy', 'state_dim': 32, 'seed': 205939, 'num_overwrites': 3, 'spacing': 3, 'target_mode': 'recency'}"
interference,interference,educational_evolving_memory_toy,num_overwrites,3,213858,1.0,0.0,2.824,1,"{'model_name': 'educational_evolving_memory_toy', 'state_dim': 32, 'seed': 213858, 'num_overwrites': 3, 'spacing': 3, 'target_mode': 'recency'}"
interference,interference,educational_evolving_memory_toy,num_overwrites,3,221777,0.0,1.0,2.771,1,"{'model_name': 'educational_evolving_memory_toy', 'state_dim': 32, 'seed': 221777, 'num_overwrites': 3, 'spacing': 3, 'target_mode': 'recency'}"
interference,interference,educational_evolving_memory_toy,num_overwrites,3,229696,0.0,1.0,2.949,1,"{'model_name': 'educational_evolving_memory_toy', 'state_dim': 32, 'seed': 229696, 'num_overwrites': 3, 'spacing': 3, 'target_mode': 'recency'}"
interference,interference,educational_evolving_memory_toy,num_overwrites,4,46,0.0,1.0,16.119,1,"{'model_name': 'educational_evolving_memory_toy', 'state_dim': 32, 'seed': 46, 'num_overwrites': 4, 'spacing': 3, 'target_mode': 'recency'}"
interference,interference,educational_evolving_memory_toy,num_overwrites,4,7965,0.0,1.0,15.987,1,"{'model_name': 'educational_evolving_memory_toy', 'state_dim': 32, 'seed': 7965, 'num_overwrites': 4, 'spacing': 3, 'target_mode': 'recency'}"
interference,interference,educational_evolving_memory_toy,num_overwrites,4,15884,0.0,1.0,16.068,1,"{'model_name': 'educational_evolving_memory_toy', 'state_dim': 32, 'seed': 15884, 'num_overwrites': 4, 'spacing': 3, 'target_mode': 'recency'}"
interference,interference,educational_evolving_memory_toy,num_overwrites,4,23803,0.0,1.0,9.777,1,"{'model_name': 'educational_evolving_memory_toy', 'state_dim': 32, 'seed': 23803, 'num_overwrites': 4, 'spacing': 3, 'target_mode': 'recency'}"
interference,interference,educational_evolving_memory_toy,num_overwrites,4,31722,0.0,1.0,2.814,1,"{'model_name': 'educational_evolving_memory_toy', 'state_dim': 32, 'seed': 31722, 'num_overwrites': 4, 'spacing': 3, 'target_mode': 'recency'}"
interference,interference,educational_evolving_memory_toy,num_overwrites,4,39641,0.0,1.0,3.348,1,"{'model_name': 'educational_evolving_memory_toy', 'state_dim': 32, 'seed': 39641, 'num_overwrites': 4, 'spacing': 3, 'target_mode': 'recency'}"
interference,interference,educational_evolving_memory_toy,num_overwrites,4,47560,1.0,0.0,4.16,1,"{'model_name': 'educational_evolving_memory_toy', 'state_dim': 32, 'seed': 47560, 'num_overwrites': 4, 'spacing': 3, 'target_mode': 'recency'}"
interference,interference,educational_evolving_memory_toy,num_overwrites,4,55479,1.0,0.0,3.806,1,"{'model_name': 'educational_evolving_memory_toy', 'state_dim': 32, 'seed': 55479, 'num_overwrites': 4, 'spacing': 3, 'target_mode': 'recency'}"
interference,interference,educational_evolving_memory_toy,num_overwrites,4,63398,0.0,1.0,3.679,1,"{'model_name': 'educational_evolving_memory_toy', 'state_dim': 32, 'seed': 63398, 'num_overwrites': 4, 'spacing': 3, 'target_mode': 'recency'}"
interference,interference,educational_evolving_memory_toy,num_overwrites,4,71317,0.0,1.0,3.675,1,"{'model_name': 'educational_evolving_memory_toy', 'state_dim': 32, 'seed': 71317, 'num_overwrites': 4, 'spacing': 3, 'target_mode': 'recency'}"
interference,interference,educational_evolving_memory_toy,num_overwrites,4,79236,1.0,0.0,3.652,1,"{'model_name': 'educational_evolving_memory_toy', 'state_dim': 32, 'seed': 79236, 'num_overwrites': 4, 'spacing': 3, 'target_mode': 'recency'}"
interference,interference,educational_evolving_memory_toy,num_overwrites,4,87155,0.0,1.0,3.872,1,"{'model_name': 'educational_evolving_memory_toy', 'state_dim': 32, 'seed': 87155, 'num_overwrites': 4, 'spacing': 3, 'target_mode': 'recency'}"
interference,interference,educational_evolving_memory_toy,num_overwrites,4,95074,1.0,0.0,3.622,1,"{'model_name': 'educational_evolving_memory_toy', 'state_dim': 32, 'seed': 95074, 'num_overwrites': 4, 'spacing': 3, 'target_mode': 'recency'}"
interference,interference,educational_evolving_memory_toy,num_overwrites,4,102993,1.0,0.0,3.69,1,"{'model_name': 'educational_evolving_memory_toy', 'state_dim': 32, 'seed': 102993, 'num_overwrites': 4, 'spacing': 3, 'target_mode': 'recency'}"
interference,interference,educational_evolving_memory_toy,num_overwrites,4,110912,1.0,0.0,3.605,1,"{'model_name': 'educational_evolving_memory_toy', 'state_dim': 32, 'seed': 110912, 'num_overwrites': 4, 'spacing': 3, 'target_mode': 'recency'}"
interference,interference,educational_evolving_memory_toy,num_overwrites,4,118831,0.0,1.0,3.602,1,"{'model_name': 'educational_evolving_memory_toy', 'state_dim': 32, 'seed': 118831, 'num_overwrites': 4, 'spacing': 3, 'target_mode': 'recency'}"
interference,interference,educational_evolving_memory_toy,num_overwrites,4,126750,0.0,1.0,14.062,1,"{'model_name': 'educational_evolving_memory_toy', 'state_dim': 32, 'seed': 126750, 'num_overwrites': 4, 'spacing': 3, 'target_mode': 'recency'}"
interference,interference,educational_evolving_memory_toy,num_overwrites,4,134669,0.0,1.0,3.948,1,"{'model_name': 'educational_evolving_memory_toy', 'state_dim': 32, 'seed': 134669, 'num_overwrites': 4, 'spacing': 3, 'target_mode': 'recency'}"
interference,interference,educational_evolving_memory_toy,num_overwrites,4,142588,0.0,1.0,4.263,1,"{'model_name': 'educational_evolving_memory_toy', 'state_dim': 32, 'seed': 142588, 'num_overwrites': 4, 'spacing': 3, 'target_mode': 'recency'}"
interference,interference,educational_evolving_memory_toy,num_overwrites,4,150507,1.0,0.0,3.873,1,"{'model_name': 'educational_evolving_memory_toy', 'state_dim': 32, 'seed': 150507, 'num_overwrites': 4, 'spacing': 3, 'target_mode': 'recency'}"
interference,interference,educational_evolving_memory_toy,num_overwrites,4,158426,1.0,0.0,3.575,1,"{'model_name': 'educational_evolving_memory_toy', 'state_dim': 32, 'seed': 158426, 'num_overwrites': 4, 'spacing': 3, 'target_mode': 'recency'}"
interference,interference,educational_evolving_memory_toy,num_overwrites,4,166345,0.0,1.0,3.948,1,"{'model_name': 'educational_evolving_memory_toy', 'state_dim': 32, 'seed': 166345, 'num_overwrites': 4, 'spacing': 3, 'target_mode': 'recency'}"
interference,interference,educational_evolving_memory_toy,num_overwrites,4,174264,0.0,1.0,3.507,1,"{'model_name': 'educational_evolving_memory_toy', 'state_dim': 32, 'seed': 174264, 'num_overwrites': 4, 'spacing': 3, 'target_mode': 'recency'}"
interference,interference,educational_evolving_memory_toy,num_overwrites,4,182183,0.0,1.0,4.079,1,"{'model_name': 'educational_evolving_memory_toy', 'state_dim': 32, 'seed': 182183, 'num_overwrites': 4, 'spacing': 3, 'target_mode': 'recency'}"
interference,interference,educational_evolving_memory_toy,num_overwrites,4,190102,0.0,1.0,3.866,1,"{'model_name': 'educational_evolving_memory_toy', 'state_dim': 32, 'seed': 190102, 'num_overwrites': 4, 'spacing': 3, 'target_mode': 'recency'}"
interference,interference,educational_evolving_memory_toy,num_overwrites,4,198021,1.0,0.0,3.452,1,"{'model_name': 'educational_evolving_memory_toy', 'state_dim': 32, 'seed': 198021, 'num_overwrites': 4, 'spacing': 3, 'target_mode': 'recency'}"
interference,interference,educational_evolving_memory_toy,num_overwrites,4,205940,0.0,1.0,3.981,1,"{'model_name': 'educational_evolving_memory_toy', 'state_dim': 32, 'seed': 205940, 'num_overwrites': 4, 'spacing': 3, 'target_mode': 'recency'}"
interference,interference,educational_evolving_memory_toy,num_overwrites,4,213859,1.0,0.0,3.47,1,"{'model_name': 'educational_evolving_memory_toy', 'state_dim': 32, 'seed': 213859, 'num_overwrites': 4, 'spacing': 3, 'target_mode': 'recency'}"
interference,interference,educational_evolving_memory_toy,num_overwrites,4,221778,0.0,1.0,3.875,1,"{'model_name': 'educational_evolving_memory_toy', 'state_dim': 32, 'seed': 221778, 'num_overwrites': 4, 'spacing': 3, 'target_mode': 'recency'}"
interference,interference,educational_evolving_memory_toy,num_overwrites,4,229697,0.0,1.0,13.033,1,"{'model_name': 'educational_evolving_memory_toy', 'state_dim': 32, 'seed': 229697, 'num_overwrites': 4, 'spacing': 3, 'target_mode': 'recency'}"
interference,interference,educational_evolving_memory_toy,num_overwrites,6,48,0.0,1.0,7.774,1,"{'model_name': 'educational_evolving_memory_toy', 'state_dim': 32, 'seed': 48, 'num_overwrites': 6, 'spacing': 3, 'target_mode': 'recency'}"
interference,interference,educational_evolving_memory_toy,num_overwrites,6,7967,1.0,0.0,22.267,1,"{'model_name': 'educational_evolving_memory_toy', 'state_dim': 32, 'seed': 7967, 'num_overwrites': 6, 'spacing': 3, 'target_mode': 'recency'}"
interference,interference,educational_evolving_memory_toy,num_overwrites,6,15886,1.0,0.0,22.939,1,"{'model_name': 'educational_evolving_memory_toy', 'state_dim': 32, 'seed': 15886, 'num_overwrites': 6, 'spacing': 3, 'target_mode': 'recency'}"
interference,interference,educational_evolving_memory_toy,num_overwrites,6,23805,1.0,0.0,21.92,1,"{'model_name': 'educational_evolving_memory_toy', 'state_dim': 32, 'seed': 23805, 'num_overwrites': 6, 'spacing': 3, 'target_mode': 'recency'}"
interference,interference,educational_evolving_memory_toy,num_overwrites,6,31724,0.0,1.0,23.645,1,"{'model_name': 'educational_evolving_memory_toy', 'state_dim': 32, 'seed': 31724, 'num_overwrites': 6, 'spacing': 3, 'target_mode': 'recency'}"
interference,interference,educational_evolving_memory_toy,num_overwrites,6,39643,0.0,1.0,6.236,1,"{'model_name': 'educational_evolving_memory_toy', 'state_dim': 32, 'seed': 39643, 'num_overwrites': 6, 'spacing': 3, 'target_mode': 'recency'}"
interference,interference,educational_evolving_memory_toy,num_overwrites,6,47562,0.0,1.0,5.304,1,"{'model_name': 'educational_evolving_memory_toy', 'state_dim': 32, 'seed': 47562, 'num_overwrites': 6, 'spacing': 3, 'target_mode': 'recency'}"
interference,interference,educational_evolving_memory_toy,num_overwrites,6,55481,0.0,1.0,5.203,1,"{'model_name': 'educational_evolving_memory_toy', 'state_dim': 32, 'seed': 55481, 'num_overwrites': 6, 'spacing': 3, 'target_mode': 'recency'}"
interference,interference,educational_evolving_memory_toy,num_overwrites,6,63400,0.0,1.0,5.214,1,"{'model_name': 'educational_evolving_memory_toy', 'state_dim': 32, 'seed': 63400, 'num_overwrites': 6, 'spacing': 3, 'target_mode': 'recency'}"
interference,interference,educational_evolving_memory_toy,num_overwrites,6,71319,0.0,1.0,5.343,1,"{'model_name': 'educational_evolving_memory_toy', 'state_dim': 32, 'seed': 71319, 'num_overwrites': 6, 'spacing': 3, 'target_mode': 'recency'}"
interference,interference,educational_evolving_memory_toy,num_overwrites,6,79238,0.0,1.0,5.785,1,"{'model_name': 'educational_evolving_memory_toy', 'state_dim': 32, 'seed': 79238, 'num_overwrites': 6, 'spacing': 3, 'target_mode': 'recency'}"
interference,interference,educational_evolving_memory_toy,num_overwrites,6,87157,0.0,1.0,5.757,1,"{'model_name': 'educational_evolving_memory_toy', 'state_dim': 32, 'seed': 87157, 'num_overwrites': 6, 'spacing': 3, 'target_mode': 'recency'}"
interference,interference,educational_evolving_memory_toy,num_overwrites,6,95076,0.0,1.0,5.327,1,"{'model_name': 'educational_evolving_memory_toy', 'state_dim': 32, 'seed': 95076, 'num_overwrites': 6, 'spacing': 3, 'target_mode': 'recency'}"
interference,interference,educational_evolving_memory_toy,num_overwrites,6,102995,0.0,1.0,5.24,1,"{'model_name': 'educational_evolving_memory_toy', 'state_dim': 32, 'seed': 102995, 'num_overwrites': 6, 'spacing': 3, 'target_mode': 'recency'}"
interference,interference,educational_evolving_memory_toy,num_overwrites,6,110914,1.0,0.0,12.502,1,"{'model_name': 'educational_evolving_memory_toy', 'state_dim': 32, 'seed': 110914, 'num_overwrites': 6, 'spacing': 3, 'target_mode': 'recency'}"
interference,interference,educational_evolving_memory_toy,num_overwrites,6,118833,1.0,0.0,23.395,1,"{'model_name': 'educational_evolving_memory_toy', 'state_dim': 32, 'seed': 118833, 'num_overwrites': 6, 'spacing': 3, 'target_mode': 'recency'}"
interference,interference,educational_evolving_memory_toy,num_overwrites,6,126752,0.0,1.0,13.735,1,"{'model_name': 'educational_evolving_memory_toy', 'state_dim': 32, 'seed': 126752, 'num_overwrites': 6, 'spacing': 3, 'target_mode': 'recency'}"
interference,interference,educational_evolving_memory_toy,num_overwrites,6,134671,0.0,1.0,4.299,1,"{'model_name': 'educational_evolving_memory_toy', 'state_dim': 32, 'seed': 134671, 'num_overwrites': 6, 'spacing': 3, 'target_mode': 'recency'}"
interference,interference,educational_evolving_memory_toy,num_overwrites,6,142590,0.0,1.0,4.127,1,"{'model_name': 'educational_evolving_memory_toy', 'state_dim': 32, 'seed': 142590, 'num_overwrites': 6, 'spacing': 3, 'target_mode': 'recency'}"
interference,interference,educational_evolving_memory_toy,num_overwrites,6,150509,1.0,0.0,4.13,1,"{'model_name': 'educational_evolving_memory_toy', 'state_dim': 32, 'seed': 150509, 'num_overwrites': 6, 'spacing': 3, 'target_mode': 'recency'}"
interference,interference,educational_evolving_memory_toy,num_overwrites,6,158428,0.0,1.0,4.56,1,"{'model_name': 'educational_evolving_memory_toy', 'state_dim': 32, 'seed': 158428, 'num_overwrites': 6, 'spacing': 3, 'target_mode': 'recency'}"
interference,interference,educational_evolving_memory_toy,num_overwrites,6,166347,0.0,1.0,4.112,1,"{'model_name': 'educational_evolving_memory_toy', 'state_dim': 32, 'seed': 166347, 'num_overwrites': 6, 'spacing': 3, 'target_mode': 'recency'}"
interference,interference,educational_evolving_memory_toy,num_overwrites,6,174266,1.0,0.0,4.054,1,"{'model_name': 'educational_evolving_memory_toy', 'state_dim': 32, 'seed': 174266, 'num_overwrites': 6, 'spacing': 3, 'target_mode': 'recency'}"
interference,interference,educational_evolving_memory_toy,num_overwrites,6,182185,1.0,0.0,4.064,1,"{'model_name': 'educational_evolving_memory_toy', 'state_dim': 32, 'seed': 182185, 'num_overwrites': 6, 'spacing': 3, 'target_mode': 'recency'}"
interference,interference,educational_evolving_memory_toy,num_overwrites,6,190104,0.0,1.0,4.06,1,"{'model_name': 'educational_evolving_memory_toy', 'state_dim': 32, 'seed': 190104, 'num_overwrites': 6, 'spacing': 3, 'target_mode': 'recency'}"
interference,interference,educational_evolving_memory_toy,num_overwrites,6,198023,0.0,1.0,4.105,1,"{'model_name': 'educational_evolving_memory_toy', 'state_dim': 32, 'seed': 198023, 'num_overwrites': 6, 'spacing': 3, 'target_mode': 'recency'}"
interference,interference,educational_evolving_memory_toy,num_overwrites,6,205942,1.0,0.0,4.05,1,"{'model_name': 'educational_evolving_memory_toy', 'state_dim': 32, 'seed': 205942, 'num_overwrites': 6, 'spacing': 3, 'target_mode': 'recency'}"
interference,interference,educational_evolving_memory_toy,num_overwrites,6,213861,0.0,1.0,4.603,1,"{'model_name': 'educational_evolving_memory_toy', 'state_dim': 32, 'seed': 213861, 'num_overwrites': 6, 'spacing': 3, 'target_mode': 'recency'}"
interference,interference,educational_evolving_memory_toy,num_overwrites,6,221780,1.0,0.0,5.645,1,"{'model_name': 'educational_evolving_memory_toy', 'state_dim': 32, 'seed': 221780, 'num_overwrites': 6, 'spacing': 3, 'target_mode': 'recency'}"
interference,interference,educational_evolving_memory_toy,num_overwrites,6,229699,0.0,1.0,4.177,1,"{'model_name': 'educational_evolving_memory_toy', 'state_dim': 32, 'seed': 229699, 'num_overwrites': 6, 'spacing': 3, 'target_mode': 'recency'}"
interference,interference,educational_evolving_memory_toy,num_overwrites,8,50,1.0,0.0,26.342,1,"{'model_name': 'educational_evolving_memory_toy', 'state_dim': 32, 'seed': 50, 'num_overwrites': 8, 'spacing': 3, 'target_mode': 'recency'}"
interference,interference,educational_evolving_memory_toy,num_overwrites,8,7969,0.0,1.0,9.91,1,"{'model_name': 'educational_evolving_memory_toy', 'state_dim': 32, 'seed': 7969, 'num_overwrites': 8, 'spacing': 3, 'target_mode': 'recency'}"
interference,interference,educational_evolving_memory_toy,num_overwrites,8,15888,0.0,1.0,8.243,1,"{'model_name': 'educational_evolving_memory_toy', 'state_dim': 32, 'seed': 15888, 'num_overwrites': 8, 'spacing': 3, 'target_mode': 'recency'}"
interference,interference,educational_evolving_memory_toy,num_overwrites,8,23807,1.0,0.0,28.618,1,"{'model_name': 'educational_evolving_memory_toy', 'state_dim': 32, 'seed': 23807, 'num_overwrites': 8, 'spacing': 3, 'target_mode': 'recency'}"
interference,interference,educational_evolving_memory_toy,num_overwrites,8,31726,0.0,1.0,19.881,1,"{'model_name': 'educational_evolving_memory_toy', 'state_dim': 32, 'seed': 31726, 'num_overwrites': 8, 'spacing': 3, 'target_mode': 'recency'}"
interference,interference,educational_evolving_memory_toy,num_overwrites,8,39645,0.0,1.0,5.243,1,"{'model_name': 'educational_evolving_memory_toy', 'state_dim': 32, 'seed': 39645, 'num_overwrites': 8, 'spacing': 3, 'target_mode': 'recency'}"
interference,interference,educational_evolving_memory_toy,num_overwrites,8,47564,0.0,1.0,12.671,1,"{'model_name': 'educational_evolving_memory_toy', 'state_dim': 32, 'seed': 47564, 'num_overwrites': 8, 'spacing': 3, 'target_mode': 'recency'}"
interference,interference,educational_evolving_memory_toy,num_overwrites,8,55483,0.0,1.0,27.864,1,"{'model_name': 'educational_evolving_memory_toy', 'state_dim': 32, 'seed': 55483, 'num_overwrites': 8, 'spacing': 3, 'target_mode': 'recency'}"
interference,interference,educational_evolving_memory_toy,num_overwrites,8,63402,0.0,1.0,7.067,1,"{'model_name': 'educational_evolving_memory_toy', 'state_dim': 32, 'seed': 63402, 'num_overwrites': 8, 'spacing': 3, 'target_mode': 'recency'}"
interference,interference,educational_evolving_memory_toy,num_overwrites,8,71321,0.0,1.0,5.573,1,"{'model_name': 'educational_evolving_memory_toy', 'state_dim': 32, 'seed': 71321, 'num_overwrites': 8, 'spacing': 3, 'target_mode': 'recency'}"
interference,interference,educational_evolving_memory_toy,num_overwrites,8,79240,0.0,1.0,5.243,1,"{'model_name': 'educational_evolving_memory_toy', 'state_dim': 32, 'seed': 79240, 'num_overwrites': 8, 'spacing': 3, 'target_mode': 'recency'}"
interference,interference,educational_evolving_memory_toy,num_overwrites,8,87159,0.0,1.0,6.201,1,"{'model_name': 'educational_evolving_memory_toy', 'state_dim': 32, 'seed': 87159, 'num_overwrites': 8, 'spacing': 3, 'target_mode': 'recency'}"
interference,interference,educational_evolving_memory_toy,num_overwrites,8,95078,0.0,1.0,16.687,1,"{'model_name': 'educational_evolving_memory_toy', 'state_dim': 32, 'seed': 95078, 'num_overwrites': 8, 'spacing': 3, 'target_mode': 'recency'}"
interference,interference,educational_evolving_memory_toy,num_overwrites,8,102997,0.0,1.0,5.28,1,"{'model_name': 'educational_evolving_memory_toy', 'state_dim': 32, 'seed': 102997, 'num_overwrites': 8, 'spacing': 3, 'target_mode': 'recency'}"
interference,interference,educational_evolving_memory_toy,num_overwrites,8,110916,0.0,1.0,7.966,1,"{'model_name': 'educational_evolving_memory_toy', 'state_dim': 32, 'seed': 110916, 'num_overwrites': 8, 'spacing': 3, 'target_mode': 'recency'}"
interference,interference,educational_evolving_memory_toy,num_overwrites,8,118835,0.0,1.0,5.256,1,"{'model_name': 'educational_evolving_memory_toy', 'state_dim': 32, 'seed': 118835, 'num_overwrites': 8, 'spacing': 3, 'target_mode': 'recency'}"
interference,interference,educational_evolving_memory_toy,num_overwrites,8,126754,0.0,1.0,5.32,1,"{'model_name': 'educational_evolving_memory_toy', 'state_dim': 32, 'seed': 126754, 'num_overwrites': 8, 'spacing': 3, 'target_mode': 'recency'}"
interference,interference,educational_evolving_memory_toy,num_overwrites,8,134673,0.0,1.0,5.476,1,"{'model_name': 'educational_evolving_memory_toy', 'state_dim': 32, 'seed': 134673, 'num_overwrites': 8, 'spacing': 3, 'target_mode': 'recency'}"
interference,interference,educational_evolving_memory_toy,num_overwrites,8,142592,0.0,1.0,5.312,1,"{'model_name': 'educational_evolving_memory_toy', 'state_dim': 32, 'seed': 142592, 'num_overwrites': 8, 'spacing': 3, 'target_mode': 'recency'}"
interference,interference,educational_evolving_memory_toy,num_overwrites,8,150511,0.0,1.0,5.468,1,"{'model_name': 'educational_evolving_memory_toy', 'state_dim': 32, 'seed': 150511, 'num_overwrites': 8, 'spacing': 3, 'target_mode': 'recency'}"
interference,interference,educational_evolving_memory_toy,num_overwrites,8,158430,0.0,1.0,5.183,1,"{'model_name': 'educational_evolving_memory_toy', 'state_dim': 32, 'seed': 158430, 'num_overwrites': 8, 'spacing': 3, 'target_mode': 'recency'}"
interference,interference,educational_evolving_memory_toy,num_overwrites,8,166349,0.0,1.0,5.215,1,"{'model_name': 'educational_evolving_memory_toy', 'state_dim': 32, 'seed': 166349, 'num_overwrites': 8, 'spacing': 3, 'target_mode': 'recency'}"
interference,interference,educational_evolving_memory_toy,num_overwrites,8,174268,0.0,1.0,6.443,1,"{'model_name': 'educational_evolving_memory_toy', 'state_dim': 32, 'seed': 174268, 'num_overwrites': 8, 'spacing': 3, 'target_mode': 'recency'}"
interference,interference,educational_evolving_memory_toy,num_overwrites,8,182187,0.0,1.0,5.369,1,"{'model_name': 'educational_evolving_memory_toy', 'state_dim': 32, 'seed': 182187, 'num_overwrites': 8, 'spacing': 3, 'target_mode': 'recency'}"
interference,interference,educational_evolving_memory_toy,num_overwrites,8,190106,0.0,1.0,5.134,1,"{'model_name': 'educational_evolving_memory_toy', 'state_dim': 32, 'seed': 190106, 'num_overwrites': 8, 'spacing': 3, 'target_mode': 'recency'}"
interference,interference,educational_evolving_memory_toy,num_overwrites,8,198025,0.0,1.0,5.849,1,"{'model_name': 'educational_evolving_memory_toy', 'state_dim': 32, 'seed': 198025, 'num_overwrites': 8, 'spacing': 3, 'target_mode': 'recency'}"
interference,interference,educational_evolving_memory_toy,num_overwrites,8,205944,0.0,1.0,5.234,1,"{'model_name': 'educational_evolving_memory_toy', 'state_dim': 32, 'seed': 205944, 'num_overwrites': 8, 'spacing': 3, 'target_mode': 'recency'}"
interference,interference,educational_evolving_memory_toy,num_overwrites,8,213863,1.0,0.0,5.275,1,"{'model_name': 'educational_evolving_memory_toy', 'state_dim': 32, 'seed': 213863, 'num_overwrites': 8, 'spacing': 3, 'target_mode': 'recency'}"
interference,interference,educational_evolving_memory_toy,num_overwrites,8,221782,0.0,1.0,6.038,1,"{'model_name': 'educational_evolving_memory_toy', 'state_dim': 32, 'seed': 221782, 'num_overwrites': 8, 'spacing': 3, 'target_mode': 'recency'}"
interference,interference,educational_evolving_memory_toy,num_overwrites,8,229701,0.0,1.0,5.206,1,"{'model_name': 'educational_evolving_memory_toy', 'state_dim': 32, 'seed': 229701, 'num_overwrites': 8, 'spacing': 3, 'target_mode': 'recency'}"
interference,interference,educational_evolving_memory_toy,num_overwrites,10,52,0.0,1.0,35.775,1,"{'model_name': 'educational_evolving_memory_toy', 'state_dim': 32, 'seed': 52, 'num_overwrites': 10, 'spacing': 3, 'target_mode': 'recency'}"
interference,interference,educational_evolving_memory_toy,num_overwrites,10,7971,0.0,1.0,34.41,1,"{'model_name': 'educational_evolving_memory_toy', 'state_dim': 32, 'seed': 7971, 'num_overwrites': 10, 'spacing': 3, 'target_mode': 'recency'}"
interference,interference,educational_evolving_memory_toy,num_overwrites,10,15890,1.0,0.0,14.201,1,"{'model_name': 'educational_evolving_memory_toy', 'state_dim': 32, 'seed': 15890, 'num_overwrites': 10, 'spacing': 3, 'target_mode': 'recency'}"
interference,interference,educational_evolving_memory_toy,num_overwrites,10,23809,0.0,1.0,7.057,1,"{'model_name': 'educational_evolving_memory_toy', 'state_dim': 32, 'seed': 23809, 'num_overwrites': 10, 'spacing': 3, 'target_mode': 'recency'}"
interference,interference,educational_evolving_memory_toy,num_overwrites,10,31728,0.0,1.0,8.531,1,"{'model_name': 'educational_evolving_memory_toy', 'state_dim': 32, 'seed': 31728, 'num_overwrites': 10, 'spacing': 3, 'target_mode': 'recency'}"
interference,interference,educational_evolving_memory_toy,num_overwrites,10,39647,0.0,1.0,8.51,1,"{'model_name': 'educational_evolving_memory_toy', 'state_dim': 32, 'seed': 39647, 'num_overwrites': 10, 'spacing': 3, 'target_mode': 'recency'}"
interference,interference,educational_evolving_memory_toy,num_overwrites,10,47566,1.0,0.0,11.524,1,"{'model_name': 'educational_evolving_memory_toy', 'state_dim': 32, 'seed': 47566, 'num_overwrites': 10, 'spacing': 3, 'target_mode': 'recency'}"
interference,interference,educational_evolving_memory_toy,num_overwrites,10,55485,1.0,0.0,35.993,1,"{'model_name': 'educational_evolving_memory_toy', 'state_dim': 32, 'seed': 55485, 'num_overwrites': 10, 'spacing': 3, 'target_mode': 'recency'}"
interference,interference,educational_evolving_memory_toy,num_overwrites,10,63404,0.0,1.0,36.149,1,"{'model_name': 'educational_evolving_memory_toy', 'state_dim': 32, 'seed': 63404, 'num_overwrites': 10, 'spacing': 3, 'target_mode': 'recency'}"
interference,interference,educational_evolving_memory_toy,num_overwrites,10,71323,1.0,0.0,7.328,1,"{'model_name': 'educational_evolving_memory_toy', 'state_dim': 32, 'seed': 71323, 'num_overwrites': 10, 'spacing': 3, 'target_mode': 'recency'}"
interference,interference,educational_evolving_memory_toy,num_overwrites,10,79242,0.0,1.0,6.643,1,"{'model_name': 'educational_evolving_memory_toy', 'state_dim': 32, 'seed': 79242, 'num_overwrites': 10, 'spacing': 3, 'target_mode': 'recency'}"
interference,interference,educational_evolving_memory_toy,num_overwrites,10,87161,0.0,1.0,6.883,1,"{'model_name': 'educational_evolving_memory_toy', 'state_dim': 32, 'seed': 87161, 'num_overwrites': 10, 'spacing': 3, 'target_mode': 'recency'}"
interference,interference,educational_evolving_memory_toy,num_overwrites,10,95080,0.0,1.0,6.584,1,"{'model_name': 'educational_evolving_memory_toy', 'state_dim': 32, 'seed': 95080, 'num_overwrites': 10, 'spacing': 3, 'target_mode': 'recency'}"
interference,interference,educational_evolving_memory_toy,num_overwrites,10,102999,1.0,0.0,7.16,1,"{'model_name': 'educational_evolving_memory_toy', 'state_dim': 32, 'seed': 102999, 'num_overwrites': 10, 'spacing': 3, 'target_mode': 'recency'}"
interference,interference,educational_evolving_memory_toy,num_overwrites,10,110918,0.0,1.0,6.561,1,"{'model_name': 'educational_evolving_memory_toy', 'state_dim': 32, 'seed': 110918, 'num_overwrites': 10, 'spacing': 3, 'target_mode': 'recency'}"
interference,interference,educational_evolving_memory_toy,num_overwrites,10,118837,0.0,1.0,6.516,1,"{'model_name': 'educational_evolving_memory_toy', 'state_dim': 32, 'seed': 118837, 'num_overwrites': 10, 'spacing': 3, 'target_mode': 'recency'}"
interference,interference,educational_evolving_memory_toy,num_overwrites,10,126756,0.0,1.0,6.856,1,"{'model_name': 'educational_evolving_memory_toy', 'state_dim': 32, 'seed': 126756, 'num_overwrites': 10, 'spacing': 3, 'target_mode': 'recency'}"
interference,interference,educational_evolving_memory_toy,num_overwrites,10,134675,0.0,1.0,6.748,1,"{'model_name': 'educational_evolving_memory_toy', 'state_dim': 32, 'seed': 134675, 'num_overwrites': 10, 'spacing': 3, 'target_mode': 'recency'}"
interference,interference,educational_evolving_memory_toy,num_overwrites,10,142594,0.0,1.0,6.913,1,"{'model_name': 'educational_evolving_memory_toy', 'state_dim': 32, 'seed': 142594, 'num_overwrites': 10, 'spacing': 3, 'target_mode': 'recency'}"
interference,interference,educational_evolving_memory_toy,num_overwrites,10,150513,0.0,1.0,6.675,1,"{'model_name': 'educational_evolving_memory_toy', 'state_dim': 32, 'seed': 150513, 'num_overwrites': 10, 'spacing': 3, 'target_mode': 'recency'}"
interference,interference,educational_evolving_memory_toy,num_overwrites,10,158432,0.0,1.0,6.771,1,"{'model_name': 'educational_evolving_memory_toy', 'state_dim': 32, 'seed': 158432, 'num_overwrites': 10, 'spacing': 3, 'target_mode': 'recency'}"
interference,interference,educational_evolving_memory_toy,num_overwrites,10,166351,1.0,0.0,6.592,1,"{'model_name': 'educational_evolving_memory_toy', 'state_dim': 32, 'seed': 166351, 'num_overwrites': 10, 'spacing': 3, 'target_mode': 'recency'}"
interference,interference,educational_evolving_memory_toy,num_overwrites,10,174270,0.0,1.0,6.833,1,"{'model_name': 'educational_evolving_memory_toy', 'state_dim': 32, 'seed': 174270, 'num_overwrites': 10, 'spacing': 3, 'target_mode': 'recency'}"
interference,interference,educational_evolving_memory_toy,num_overwrites,10,182189,1.0,0.0,7.081,1,"{'model_name': 'educational_evolving_memory_toy', 'state_dim': 32, 'seed': 182189, 'num_overwrites': 10, 'spacing': 3, 'target_mode': 'recency'}"
interference,interference,educational_evolving_memory_toy,num_overwrites,10,190108,0.0,1.0,6.677,1,"{'model_name': 'educational_evolving_memory_toy', 'state_dim': 32, 'seed': 190108, 'num_overwrites': 10, 'spacing': 3, 'target_mode': 'recency'}"
interference,interference,educational_evolving_memory_toy,num_overwrites,10,198027,1.0,0.0,8.046,1,"{'model_name': 'educational_evolving_memory_toy', 'state_dim': 32, 'seed': 198027, 'num_overwrites': 10, 'spacing': 3, 'target_mode': 'recency'}"
interference,interference,educational_evolving_memory_toy,num_overwrites,10,205946,1.0,0.0,6.991,1,"{'model_name': 'educational_evolving_memory_toy', 'state_dim': 32, 'seed': 205946, 'num_overwrites': 10, 'spacing': 3, 'target_mode': 'recency'}"
interference,interference,educational_evolving_memory_toy,num_overwrites,10,213865,0.0,1.0,7.501,1,"{'model_name': 'educational_evolving_memory_toy', 'state_dim': 32, 'seed': 213865, 'num_overwrites': 10, 'spacing': 3, 'target_mode': 'recency'}"
interference,interference,educational_evolving_memory_toy,num_overwrites,10,221784,0.0,1.0,6.8,1,"{'model_name': 'educational_evolving_memory_toy', 'state_dim': 32, 'seed': 221784, 'num_overwrites': 10, 'spacing': 3, 'target_mode': 'recency'}"
interference,interference,educational_evolving_memory_toy,num_overwrites,10,229703,0.0,1.0,6.745,1,"{'model_name': 'educational_evolving_memory_toy', 'state_dim': 32, 'seed': 229703, 'num_overwrites': 10, 'spacing': 3, 'target_mode': 'recency'}"
inference_effort,inference_recovery,full_history_reference_baseline,inference_budget,1,43,1.0,0.0,8.953,1,"{'model_name': 'full_history_reference_baseline', 'state_dim': 32, 'seed': 43, 'clutter_pairs': 4, 'noise_steps': 6, 'inference_budget': 1}"
inference_effort,inference_recovery,full_history_reference_baseline,inference_budget,1,7962,1.0,0.0,11.179,1,"{'model_name': 'full_history_reference_baseline', 'state_dim': 32, 'seed': 7962, 'clutter_pairs': 4, 'noise_steps': 6, 'inference_budget': 1}"
inference_effort,inference_recovery,full_history_reference_baseline,inference_budget,1,15881,1.0,0.0,11.823,1,"{'model_name': 'full_history_reference_baseline', 'state_dim': 32, 'seed': 15881, 'clutter_pairs': 4, 'noise_steps': 6, 'inference_budget': 1}"
inference_effort,inference_recovery,full_history_reference_baseline,inference_budget,1,23800,1.0,0.0,12.018,1,"{'model_name': 'full_history_reference_baseline', 'state_dim': 32, 'seed': 23800, 'clutter_pairs': 4, 'noise_steps': 6, 'inference_budget': 1}"
inference_effort,inference_recovery,full_history_reference_baseline,inference_budget,1,31719,1.0,0.0,12.048,1,"{'model_name': 'full_history_reference_baseline', 'state_dim': 32, 'seed': 31719, 'clutter_pairs': 4, 'noise_steps': 6, 'inference_budget': 1}"
inference_effort,inference_recovery,full_history_reference_baseline,inference_budget,1,39638,1.0,0.0,11.774,1,"{'model_name': 'full_history_reference_baseline', 'state_dim': 32, 'seed': 39638, 'clutter_pairs': 4, 'noise_steps': 6, 'inference_budget': 1}"
inference_effort,inference_recovery,full_history_reference_baseline,inference_budget,1,47557,1.0,0.0,10.702,1,"{'model_name': 'full_history_reference_baseline', 'state_dim': 32, 'seed': 47557, 'clutter_pairs': 4, 'noise_steps': 6, 'inference_budget': 1}"
inference_effort,inference_recovery,full_history_reference_baseline,inference_budget,1,55476,1.0,0.0,4.905,1,"{'model_name': 'full_history_reference_baseline', 'state_dim': 32, 'seed': 55476, 'clutter_pairs': 4, 'noise_steps': 6, 'inference_budget': 1}"
inference_effort,inference_recovery,full_history_reference_baseline,inference_budget,1,63395,1.0,0.0,2.703,1,"{'model_name': 'full_history_reference_baseline', 'state_dim': 32, 'seed': 63395, 'clutter_pairs': 4, 'noise_steps': 6, 'inference_budget': 1}"
inference_effort,inference_recovery,full_history_reference_baseline,inference_budget,1,71314,1.0,0.0,1.911,1,"{'model_name': 'full_history_reference_baseline', 'state_dim': 32, 'seed': 71314, 'clutter_pairs': 4, 'noise_steps': 6, 'inference_budget': 1}"
inference_effort,inference_recovery,full_history_reference_baseline,inference_budget,1,79233,1.0,0.0,2.218,1,"{'model_name': 'full_history_reference_baseline', 'state_dim': 32, 'seed': 79233, 'clutter_pairs': 4, 'noise_steps': 6, 'inference_budget': 1}"
inference_effort,inference_recovery,full_history_reference_baseline,inference_budget,1,87152,1.0,0.0,1.845,1,"{'model_name': 'full_history_reference_baseline', 'state_dim': 32, 'seed': 87152, 'clutter_pairs': 4, 'noise_steps': 6, 'inference_budget': 1}"
inference_effort,inference_recovery,full_history_reference_baseline,inference_budget,1,95071,1.0,0.0,1.882,1,"{'model_name': 'full_history_reference_baseline', 'state_dim': 32, 'seed': 95071, 'clutter_pairs': 4, 'noise_steps': 6, 'inference_budget': 1}"
inference_effort,inference_recovery,full_history_reference_baseline,inference_budget,1,102990,1.0,0.0,1.887,1,"{'model_name': 'full_history_reference_baseline', 'state_dim': 32, 'seed': 102990, 'clutter_pairs': 4, 'noise_steps': 6, 'inference_budget': 1}"
inference_effort,inference_recovery,full_history_reference_baseline,inference_budget,1,110909,1.0,0.0,5.636,1,"{'model_name': 'full_history_reference_baseline', 'state_dim': 32, 'seed': 110909, 'clutter_pairs': 4, 'noise_steps': 6, 'inference_budget': 1}"
inference_effort,inference_recovery,full_history_reference_baseline,inference_budget,1,118828,1.0,0.0,2.288,1,"{'model_name': 'full_history_reference_baseline', 'state_dim': 32, 'seed': 118828, 'clutter_pairs': 4, 'noise_steps': 6, 'inference_budget': 1}"
inference_effort,inference_recovery,full_history_reference_baseline,inference_budget,1,126747,1.0,0.0,3.378,1,"{'model_name': 'full_history_reference_baseline', 'state_dim': 32, 'seed': 126747, 'clutter_pairs': 4, 'noise_steps': 6, 'inference_budget': 1}"
inference_effort,inference_recovery,full_history_reference_baseline,inference_budget,1,134666,1.0,0.0,2.589,1,"{'model_name': 'full_history_reference_baseline', 'state_dim': 32, 'seed': 134666, 'clutter_pairs': 4, 'noise_steps': 6, 'inference_budget': 1}"
inference_effort,inference_recovery,full_history_reference_baseline,inference_budget,1,142585,1.0,0.0,2.549,1,"{'model_name': 'full_history_reference_baseline', 'state_dim': 32, 'seed': 142585, 'clutter_pairs': 4, 'noise_steps': 6, 'inference_budget': 1}"
inference_effort,inference_recovery,full_history_reference_baseline,inference_budget,1,150504,1.0,0.0,3.084,1,"{'model_name': 'full_history_reference_baseline', 'state_dim': 32, 'seed': 150504, 'clutter_pairs': 4, 'noise_steps': 6, 'inference_budget': 1}"
inference_effort,inference_recovery,full_history_reference_baseline,inference_budget,1,158423,1.0,0.0,1.857,1,"{'model_name': 'full_history_reference_baseline', 'state_dim': 32, 'seed': 158423, 'clutter_pairs': 4, 'noise_steps': 6, 'inference_budget': 1}"
inference_effort,inference_recovery,full_history_reference_baseline,inference_budget,1,166342,1.0,0.0,2.036,1,"{'model_name': 'full_history_reference_baseline', 'state_dim': 32, 'seed': 166342, 'clutter_pairs': 4, 'noise_steps': 6, 'inference_budget': 1}"
inference_effort,inference_recovery,full_history_reference_baseline,inference_budget,1,174261,1.0,0.0,1.792,1,"{'model_name': 'full_history_reference_baseline', 'state_dim': 32, 'seed': 174261, 'clutter_pairs': 4, 'noise_steps': 6, 'inference_budget': 1}"
inference_effort,inference_recovery,full_history_reference_baseline,inference_budget,1,182180,1.0,0.0,1.724,1,"{'model_name': 'full_history_reference_baseline', 'state_dim': 32, 'seed': 182180, 'clutter_pairs': 4, 'noise_steps': 6, 'inference_budget': 1}"
inference_effort,inference_recovery,full_history_reference_baseline,inference_budget,1,190099,1.0,0.0,2.053,1,"{'model_name': 'full_history_reference_baseline', 'state_dim': 32, 'seed': 190099, 'clutter_pairs': 4, 'noise_steps': 6, 'inference_budget': 1}"
inference_effort,inference_recovery,full_history_reference_baseline,inference_budget,1,198018,1.0,0.0,2.568,1,"{'model_name': 'full_history_reference_baseline', 'state_dim': 32, 'seed': 198018, 'clutter_pairs': 4, 'noise_steps': 6, 'inference_budget': 1}"
inference_effort,inference_recovery,full_history_reference_baseline,inference_budget,1,205937,1.0,0.0,2.755,1,"{'model_name': 'full_history_reference_baseline', 'state_dim': 32, 'seed': 205937, 'clutter_pairs': 4, 'noise_steps': 6, 'inference_budget': 1}"
inference_effort,inference_recovery,full_history_reference_baseline,inference_budget,1,213856,1.0,0.0,2.855,1,"{'model_name': 'full_history_reference_baseline', 'state_dim': 32, 'seed': 213856, 'clutter_pairs': 4, 'noise_steps': 6, 'inference_budget': 1}"
inference_effort,inference_recovery,full_history_reference_baseline,inference_budget,1,221775,1.0,0.0,2.886,1,"{'model_name': 'full_history_reference_baseline', 'state_dim': 32, 'seed': 221775, 'clutter_pairs': 4, 'noise_steps': 6, 'inference_budget': 1}"
inference_effort,inference_recovery,full_history_reference_baseline,inference_budget,1,229694,1.0,0.0,2.639,1,"{'model_name': 'full_history_reference_baseline', 'state_dim': 32, 'seed': 229694, 'clutter_pairs': 4, 'noise_steps': 6, 'inference_budget': 1}"
inference_effort,inference_recovery,full_history_reference_baseline,inference_budget,2,44,1.0,0.0,11.498,1,"{'model_name': 'full_history_reference_baseline', 'state_dim': 32, 'seed': 44, 'clutter_pairs': 4, 'noise_steps': 6, 'inference_budget': 2}"
inference_effort,inference_recovery,full_history_reference_baseline,inference_budget,2,7963,1.0,0.0,10.45,1,"{'model_name': 'full_history_reference_baseline', 'state_dim': 32, 'seed': 7963, 'clutter_pairs': 4, 'noise_steps': 6, 'inference_budget': 2}"
inference_effort,inference_recovery,full_history_reference_baseline,inference_budget,2,15882,1.0,0.0,12.611,1,"{'model_name': 'full_history_reference_baseline', 'state_dim': 32, 'seed': 15882, 'clutter_pairs': 4, 'noise_steps': 6, 'inference_budget': 2}"
inference_effort,inference_recovery,full_history_reference_baseline,inference_budget,2,23801,1.0,0.0,11.191,1,"{'model_name': 'full_history_reference_baseline', 'state_dim': 32, 'seed': 23801, 'clutter_pairs': 4, 'noise_steps': 6, 'inference_budget': 2}"
inference_effort,inference_recovery,full_history_reference_baseline,inference_budget,2,31720,1.0,0.0,8.242,1,"{'model_name': 'full_history_reference_baseline', 'state_dim': 32, 'seed': 31720, 'clutter_pairs': 4, 'noise_steps': 6, 'inference_budget': 2}"
inference_effort,inference_recovery,full_history_reference_baseline,inference_budget,2,39639,1.0,0.0,2.679,1,"{'model_name': 'full_history_reference_baseline', 'state_dim': 32, 'seed': 39639, 'clutter_pairs': 4, 'noise_steps': 6, 'inference_budget': 2}"
inference_effort,inference_recovery,full_history_reference_baseline,inference_budget,2,47558,1.0,0.0,2.933,1,"{'model_name': 'full_history_reference_baseline', 'state_dim': 32, 'seed': 47558, 'clutter_pairs': 4, 'noise_steps': 6, 'inference_budget': 2}"
inference_effort,inference_recovery,full_history_reference_baseline,inference_budget,2,55477,1.0,0.0,2.632,1,"{'model_name': 'full_history_reference_baseline', 'state_dim': 32, 'seed': 55477, 'clutter_pairs': 4, 'noise_steps': 6, 'inference_budget': 2}"
inference_effort,inference_recovery,full_history_reference_baseline,inference_budget,2,63396,1.0,0.0,2.218,1,"{'model_name': 'full_history_reference_baseline', 'state_dim': 32, 'seed': 63396, 'clutter_pairs': 4, 'noise_steps': 6, 'inference_budget': 2}"
inference_effort,inference_recovery,full_history_reference_baseline,inference_budget,2,71315,1.0,0.0,2.63,1,"{'model_name': 'full_history_reference_baseline', 'state_dim': 32, 'seed': 71315, 'clutter_pairs': 4, 'noise_steps': 6, 'inference_budget': 2}"
inference_effort,inference_recovery,full_history_reference_baseline,inference_budget,2,79234,1.0,0.0,2.497,1,"{'model_name': 'full_history_reference_baseline', 'state_dim': 32, 'seed': 79234, 'clutter_pairs': 4, 'noise_steps': 6, 'inference_budget': 2}"
inference_effort,inference_recovery,full_history_reference_baseline,inference_budget,2,87153,1.0,0.0,2.51,1,"{'model_name': 'full_history_reference_baseline', 'state_dim': 32, 'seed': 87153, 'clutter_pairs': 4, 'noise_steps': 6, 'inference_budget': 2}"
inference_effort,inference_recovery,full_history_reference_baseline,inference_budget,2,95072,1.0,0.0,2.758,1,"{'model_name': 'full_history_reference_baseline', 'state_dim': 32, 'seed': 95072, 'clutter_pairs': 4, 'noise_steps': 6, 'inference_budget': 2}"
inference_effort,inference_recovery,full_history_reference_baseline,inference_budget,2,102991,1.0,0.0,2.891,1,"{'model_name': 'full_history_reference_baseline', 'state_dim': 32, 'seed': 102991, 'clutter_pairs': 4, 'noise_steps': 6, 'inference_budget': 2}"
inference_effort,inference_recovery,full_history_reference_baseline,inference_budget,2,110910,1.0,0.0,2.593,1,"{'model_name': 'full_history_reference_baseline', 'state_dim': 32, 'seed': 110910, 'clutter_pairs': 4, 'noise_steps': 6, 'inference_budget': 2}"
inference_effort,inference_recovery,full_history_reference_baseline,inference_budget,2,118829,1.0,0.0,2.765,1,"{'model_name': 'full_history_reference_baseline', 'state_dim': 32, 'seed': 118829, 'clutter_pairs': 4, 'noise_steps': 6, 'inference_budget': 2}"
inference_effort,inference_recovery,full_history_reference_baseline,inference_budget,2,126748,1.0,0.0,2.889,1,"{'model_name': 'full_history_reference_baseline', 'state_dim': 32, 'seed': 126748, 'clutter_pairs': 4, 'noise_steps': 6, 'inference_budget': 2}"
inference_effort,inference_recovery,full_history_reference_baseline,inference_budget,2,134667,1.0,0.0,5.569,1,"{'model_name': 'full_history_reference_baseline', 'state_dim': 32, 'seed': 134667, 'clutter_pairs': 4, 'noise_steps': 6, 'inference_budget': 2}"
inference_effort,inference_recovery,full_history_reference_baseline,inference_budget,2,142586,1.0,0.0,2.362,1,"{'model_name': 'full_history_reference_baseline', 'state_dim': 32, 'seed': 142586, 'clutter_pairs': 4, 'noise_steps': 6, 'inference_budget': 2}"
inference_effort,inference_recovery,full_history_reference_baseline,inference_budget,2,150505,1.0,0.0,2.797,1,"{'model_name': 'full_history_reference_baseline', 'state_dim': 32, 'seed': 150505, 'clutter_pairs': 4, 'noise_steps': 6, 'inference_budget': 2}"
inference_effort,inference_recovery,full_history_reference_baseline,inference_budget,2,158424,1.0,0.0,2.86,1,"{'model_name': 'full_history_reference_baseline', 'state_dim': 32, 'seed': 158424, 'clutter_pairs': 4, 'noise_steps': 6, 'inference_budget': 2}"
inference_effort,inference_recovery,full_history_reference_baseline,inference_budget,2,166343,1.0,0.0,2.308,1,"{'model_name': 'full_history_reference_baseline', 'state_dim': 32, 'seed': 166343, 'clutter_pairs': 4, 'noise_steps': 6, 'inference_budget': 2}"
inference_effort,inference_recovery,full_history_reference_baseline,inference_budget,2,174262,1.0,0.0,2.718,1,"{'model_name': 'full_history_reference_baseline', 'state_dim': 32, 'seed': 174262, 'clutter_pairs': 4, 'noise_steps': 6, 'inference_budget': 2}"
inference_effort,inference_recovery,full_history_reference_baseline,inference_budget,2,182181,1.0,0.0,2.687,1,"{'model_name': 'full_history_reference_baseline', 'state_dim': 32, 'seed': 182181, 'clutter_pairs': 4, 'noise_steps': 6, 'inference_budget': 2}"
inference_effort,inference_recovery,full_history_reference_baseline,inference_budget,2,190100,1.0,0.0,2.347,1,"{'model_name': 'full_history_reference_baseline', 'state_dim': 32, 'seed': 190100, 'clutter_pairs': 4, 'noise_steps': 6, 'inference_budget': 2}"
inference_effort,inference_recovery,full_history_reference_baseline,inference_budget,2,198019,1.0,0.0,1.994,1,"{'model_name': 'full_history_reference_baseline', 'state_dim': 32, 'seed': 198019, 'clutter_pairs': 4, 'noise_steps': 6, 'inference_budget': 2}"
inference_effort,inference_recovery,full_history_reference_baseline,inference_budget,2,205938,1.0,0.0,2.591,1,"{'model_name': 'full_history_reference_baseline', 'state_dim': 32, 'seed': 205938, 'clutter_pairs': 4, 'noise_steps': 6, 'inference_budget': 2}"
inference_effort,inference_recovery,full_history_reference_baseline,inference_budget,2,213857,1.0,0.0,2.523,1,"{'model_name': 'full_history_reference_baseline', 'state_dim': 32, 'seed': 213857, 'clutter_pairs': 4, 'noise_steps': 6, 'inference_budget': 2}"
inference_effort,inference_recovery,full_history_reference_baseline,inference_budget,2,221776,1.0,0.0,2.483,1,"{'model_name': 'full_history_reference_baseline', 'state_dim': 32, 'seed': 221776, 'clutter_pairs': 4, 'noise_steps': 6, 'inference_budget': 2}"
inference_effort,inference_recovery,full_history_reference_baseline,inference_budget,2,229695,1.0,0.0,3.041,1,"{'model_name': 'full_history_reference_baseline', 'state_dim': 32, 'seed': 229695, 'clutter_pairs': 4, 'noise_steps': 6, 'inference_budget': 2}"
inference_effort,inference_recovery,full_history_reference_baseline,inference_budget,3,45,1.0,0.0,2.874,1,"{'model_name': 'full_history_reference_baseline', 'state_dim': 32, 'seed': 45, 'clutter_pairs': 4, 'noise_steps': 6, 'inference_budget': 3}"
inference_effort,inference_recovery,full_history_reference_baseline,inference_budget,3,7964,1.0,0.0,2.95,1,"{'model_name': 'full_history_reference_baseline', 'state_dim': 32, 'seed': 7964, 'clutter_pairs': 4, 'noise_steps': 6, 'inference_budget': 3}"
inference_effort,inference_recovery,full_history_reference_baseline,inference_budget,3,15883,1.0,0.0,2.415,1,"{'model_name': 'full_history_reference_baseline', 'state_dim': 32, 'seed': 15883, 'clutter_pairs': 4, 'noise_steps': 6, 'inference_budget': 3}"
inference_effort,inference_recovery,full_history_reference_baseline,inference_budget,3,23802,1.0,0.0,2.809,1,"{'model_name': 'full_history_reference_baseline', 'state_dim': 32, 'seed': 23802, 'clutter_pairs': 4, 'noise_steps': 6, 'inference_budget': 3}"
inference_effort,inference_recovery,full_history_reference_baseline,inference_budget,3,31721,1.0,0.0,11.462,1,"{'model_name': 'full_history_reference_baseline', 'state_dim': 32, 'seed': 31721, 'clutter_pairs': 4, 'noise_steps': 6, 'inference_budget': 3}"
inference_effort,inference_recovery,full_history_reference_baseline,inference_budget,3,39640,1.0,0.0,11.166,1,"{'model_name': 'full_history_reference_baseline', 'state_dim': 32, 'seed': 39640, 'clutter_pairs': 4, 'noise_steps': 6, 'inference_budget': 3}"
inference_effort,inference_recovery,full_history_reference_baseline,inference_budget,3,47559,1.0,0.0,10.635,1,"{'model_name': 'full_history_reference_baseline', 'state_dim': 32, 'seed': 47559, 'clutter_pairs': 4, 'noise_steps': 6, 'inference_budget': 3}"
inference_effort,inference_recovery,full_history_reference_baseline,inference_budget,3,55478,1.0,0.0,9.682,1,"{'model_name': 'full_history_reference_baseline', 'state_dim': 32, 'seed': 55478, 'clutter_pairs': 4, 'noise_steps': 6, 'inference_budget': 3}"
inference_effort,inference_recovery,full_history_reference_baseline,inference_budget,3,63397,1.0,0.0,10.88,1,"{'model_name': 'full_history_reference_baseline', 'state_dim': 32, 'seed': 63397, 'clutter_pairs': 4, 'noise_steps': 6, 'inference_budget': 3}"
inference_effort,inference_recovery,full_history_reference_baseline,inference_budget,3,71316,1.0,0.0,9.882,1,"{'model_name': 'full_history_reference_baseline', 'state_dim': 32, 'seed': 71316, 'clutter_pairs': 4, 'noise_steps': 6, 'inference_budget': 3}"
inference_effort,inference_recovery,full_history_reference_baseline,inference_budget,3,79235,1.0,0.0,10.576,1,"{'model_name': 'full_history_reference_baseline', 'state_dim': 32, 'seed': 79235, 'clutter_pairs': 4, 'noise_steps': 6, 'inference_budget': 3}"
inference_effort,inference_recovery,full_history_reference_baseline,inference_budget,3,87154,1.0,0.0,11.639,1,"{'model_name': 'full_history_reference_baseline', 'state_dim': 32, 'seed': 87154, 'clutter_pairs': 4, 'noise_steps': 6, 'inference_budget': 3}"
inference_effort,inference_recovery,full_history_reference_baseline,inference_budget,3,95073,1.0,0.0,3.867,1,"{'model_name': 'full_history_reference_baseline', 'state_dim': 32, 'seed': 95073, 'clutter_pairs': 4, 'noise_steps': 6, 'inference_budget': 3}"
inference_effort,inference_recovery,full_history_reference_baseline,inference_budget,3,102992,1.0,0.0,2.362,1,"{'model_name': 'full_history_reference_baseline', 'state_dim': 32, 'seed': 102992, 'clutter_pairs': 4, 'noise_steps': 6, 'inference_budget': 3}"
inference_effort,inference_recovery,full_history_reference_baseline,inference_budget,3,110911,1.0,0.0,2.129,1,"{'model_name': 'full_history_reference_baseline', 'state_dim': 32, 'seed': 110911, 'clutter_pairs': 4, 'noise_steps': 6, 'inference_budget': 3}"
inference_effort,inference_recovery,full_history_reference_baseline,inference_budget,3,118830,1.0,0.0,2.502,1,"{'model_name': 'full_history_reference_baseline', 'state_dim': 32, 'seed': 118830, 'clutter_pairs': 4, 'noise_steps': 6, 'inference_budget': 3}"
inference_effort,inference_recovery,full_history_reference_baseline,inference_budget,3,126749,1.0,0.0,2.965,1,"{'model_name': 'full_history_reference_baseline', 'state_dim': 32, 'seed': 126749, 'clutter_pairs': 4, 'noise_steps': 6, 'inference_budget': 3}"
inference_effort,inference_recovery,full_history_reference_baseline,inference_budget,3,134668,1.0,0.0,2.505,1,"{'model_name': 'full_history_reference_baseline', 'state_dim': 32, 'seed': 134668, 'clutter_pairs': 4, 'noise_steps': 6, 'inference_budget': 3}"
inference_effort,inference_recovery,full_history_reference_baseline,inference_budget,3,142587,1.0,0.0,2.227,1,"{'model_name': 'full_history_reference_baseline', 'state_dim': 32, 'seed': 142587, 'clutter_pairs': 4, 'noise_steps': 6, 'inference_budget': 3}"
inference_effort,inference_recovery,full_history_reference_baseline,inference_budget,3,150506,1.0,0.0,2.617,1,"{'model_name': 'full_history_reference_baseline', 'state_dim': 32, 'seed': 150506, 'clutter_pairs': 4, 'noise_steps': 6, 'inference_budget': 3}"
inference_effort,inference_recovery,full_history_reference_baseline,inference_budget,3,158425,1.0,0.0,2.989,1,"{'model_name': 'full_history_reference_baseline', 'state_dim': 32, 'seed': 158425, 'clutter_pairs': 4, 'noise_steps': 6, 'inference_budget': 3}"
inference_effort,inference_recovery,full_history_reference_baseline,inference_budget,3,166344,1.0,0.0,2.241,1,"{'model_name': 'full_history_reference_baseline', 'state_dim': 32, 'seed': 166344, 'clutter_pairs': 4, 'noise_steps': 6, 'inference_budget': 3}"
inference_effort,inference_recovery,full_history_reference_baseline,inference_budget,3,174263,1.0,0.0,2.576,1,"{'model_name': 'full_history_reference_baseline', 'state_dim': 32, 'seed': 174263, 'clutter_pairs': 4, 'noise_steps': 6, 'inference_budget': 3}"
inference_effort,inference_recovery,full_history_reference_baseline,inference_budget,3,182182,1.0,0.0,2.793,1,"{'model_name': 'full_history_reference_baseline', 'state_dim': 32, 'seed': 182182, 'clutter_pairs': 4, 'noise_steps': 6, 'inference_budget': 3}"
inference_effort,inference_recovery,full_history_reference_baseline,inference_budget,3,190101,1.0,0.0,2.625,1,"{'model_name': 'full_history_reference_baseline', 'state_dim': 32, 'seed': 190101, 'clutter_pairs': 4, 'noise_steps': 6, 'inference_budget': 3}"
inference_effort,inference_recovery,full_history_reference_baseline,inference_budget,3,198020,1.0,0.0,6.862,1,"{'model_name': 'full_history_reference_baseline', 'state_dim': 32, 'seed': 198020, 'clutter_pairs': 4, 'noise_steps': 6, 'inference_budget': 3}"
inference_effort,inference_recovery,full_history_reference_baseline,inference_budget,3,205939,1.0,0.0,4.207,1,"{'model_name': 'full_history_reference_baseline', 'state_dim': 32, 'seed': 205939, 'clutter_pairs': 4, 'noise_steps': 6, 'inference_budget': 3}"
inference_effort,inference_recovery,full_history_reference_baseline,inference_budget,3,213858,1.0,0.0,2.333,1,"{'model_name': 'full_history_reference_baseline', 'state_dim': 32, 'seed': 213858, 'clutter_pairs': 4, 'noise_steps': 6, 'inference_budget': 3}"
inference_effort,inference_recovery,full_history_reference_baseline,inference_budget,3,221777,1.0,0.0,1.899,1,"{'model_name': 'full_history_reference_baseline', 'state_dim': 32, 'seed': 221777, 'clutter_pairs': 4, 'noise_steps': 6, 'inference_budget': 3}"
inference_effort,inference_recovery,full_history_reference_baseline,inference_budget,3,229696,1.0,0.0,2.79,1,"{'model_name': 'full_history_reference_baseline', 'state_dim': 32, 'seed': 229696, 'clutter_pairs': 4, 'noise_steps': 6, 'inference_budget': 3}"
inference_effort,inference_recovery,full_history_reference_baseline,inference_budget,4,46,1.0,0.0,2.989,1,"{'model_name': 'full_history_reference_baseline', 'state_dim': 32, 'seed': 46, 'clutter_pairs': 4, 'noise_steps': 6, 'inference_budget': 4}"
inference_effort,inference_recovery,full_history_reference_baseline,inference_budget,4,7965,1.0,0.0,2.549,1,"{'model_name': 'full_history_reference_baseline', 'state_dim': 32, 'seed': 7965, 'clutter_pairs': 4, 'noise_steps': 6, 'inference_budget': 4}"
inference_effort,inference_recovery,full_history_reference_baseline,inference_budget,4,15884,1.0,0.0,2.762,1,"{'model_name': 'full_history_reference_baseline', 'state_dim': 32, 'seed': 15884, 'clutter_pairs': 4, 'noise_steps': 6, 'inference_budget': 4}"
inference_effort,inference_recovery,full_history_reference_baseline,inference_budget,4,23803,1.0,0.0,2.904,1,"{'model_name': 'full_history_reference_baseline', 'state_dim': 32, 'seed': 23803, 'clutter_pairs': 4, 'noise_steps': 6, 'inference_budget': 4}"
inference_effort,inference_recovery,full_history_reference_baseline,inference_budget,4,31722,1.0,0.0,2.519,1,"{'model_name': 'full_history_reference_baseline', 'state_dim': 32, 'seed': 31722, 'clutter_pairs': 4, 'noise_steps': 6, 'inference_budget': 4}"
inference_effort,inference_recovery,full_history_reference_baseline,inference_budget,4,39641,1.0,0.0,2.641,1,"{'model_name': 'full_history_reference_baseline', 'state_dim': 32, 'seed': 39641, 'clutter_pairs': 4, 'noise_steps': 6, 'inference_budget': 4}"
inference_effort,inference_recovery,full_history_reference_baseline,inference_budget,4,47560,1.0,0.0,2.8,1,"{'model_name': 'full_history_reference_baseline', 'state_dim': 32, 'seed': 47560, 'clutter_pairs': 4, 'noise_steps': 6, 'inference_budget': 4}"
inference_effort,inference_recovery,full_history_reference_baseline,inference_budget,4,55479,1.0,0.0,3.053,1,"{'model_name': 'full_history_reference_baseline', 'state_dim': 32, 'seed': 55479, 'clutter_pairs': 4, 'noise_steps': 6, 'inference_budget': 4}"
inference_effort,inference_recovery,full_history_reference_baseline,inference_budget,4,63398,1.0,0.0,2.48,1,"{'model_name': 'full_history_reference_baseline', 'state_dim': 32, 'seed': 63398, 'clutter_pairs': 4, 'noise_steps': 6, 'inference_budget': 4}"
inference_effort,inference_recovery,full_history_reference_baseline,inference_budget,4,71317,1.0,0.0,2.896,1,"{'model_name': 'full_history_reference_baseline', 'state_dim': 32, 'seed': 71317, 'clutter_pairs': 4, 'noise_steps': 6, 'inference_budget': 4}"
inference_effort,inference_recovery,full_history_reference_baseline,inference_budget,4,79236,1.0,0.0,3.931,1,"{'model_name': 'full_history_reference_baseline', 'state_dim': 32, 'seed': 79236, 'clutter_pairs': 4, 'noise_steps': 6, 'inference_budget': 4}"
inference_effort,inference_recovery,full_history_reference_baseline,inference_budget,4,87155,1.0,0.0,2.129,1,"{'model_name': 'full_history_reference_baseline', 'state_dim': 32, 'seed': 87155, 'clutter_pairs': 4, 'noise_steps': 6, 'inference_budget': 4}"
inference_effort,inference_recovery,full_history_reference_baseline,inference_budget,4,95074,1.0,0.0,2.101,1,"{'model_name': 'full_history_reference_baseline', 'state_dim': 32, 'seed': 95074, 'clutter_pairs': 4, 'noise_steps': 6, 'inference_budget': 4}"
inference_effort,inference_recovery,full_history_reference_baseline,inference_budget,4,102993,1.0,0.0,3.063,1,"{'model_name': 'full_history_reference_baseline', 'state_dim': 32, 'seed': 102993, 'clutter_pairs': 4, 'noise_steps': 6, 'inference_budget': 4}"
inference_effort,inference_recovery,full_history_reference_baseline,inference_budget,4,110912,1.0,0.0,2.556,1,"{'model_name': 'full_history_reference_baseline', 'state_dim': 32, 'seed': 110912, 'clutter_pairs': 4, 'noise_steps': 6, 'inference_budget': 4}"
inference_effort,inference_recovery,full_history_reference_baseline,inference_budget,4,118831,1.0,0.0,2.657,1,"{'model_name': 'full_history_reference_baseline', 'state_dim': 32, 'seed': 118831, 'clutter_pairs': 4, 'noise_steps': 6, 'inference_budget': 4}"
inference_effort,inference_recovery,full_history_reference_baseline,inference_budget,4,126750,1.0,0.0,2.808,1,"{'model_name': 'full_history_reference_baseline', 'state_dim': 32, 'seed': 126750, 'clutter_pairs': 4, 'noise_steps': 6, 'inference_budget': 4}"
inference_effort,inference_recovery,full_history_reference_baseline,inference_budget,4,134669,1.0,0.0,2.479,1,"{'model_name': 'full_history_reference_baseline', 'state_dim': 32, 'seed': 134669, 'clutter_pairs': 4, 'noise_steps': 6, 'inference_budget': 4}"
inference_effort,inference_recovery,full_history_reference_baseline,inference_budget,4,142588,1.0,0.0,3.07,1,"{'model_name': 'full_history_reference_baseline', 'state_dim': 32, 'seed': 142588, 'clutter_pairs': 4, 'noise_steps': 6, 'inference_budget': 4}"
inference_effort,inference_recovery,full_history_reference_baseline,inference_budget,4,150507,1.0,0.0,2.868,1,"{'model_name': 'full_history_reference_baseline', 'state_dim': 32, 'seed': 150507, 'clutter_pairs': 4, 'noise_steps': 6, 'inference_budget': 4}"
inference_effort,inference_recovery,full_history_reference_baseline,inference_budget,4,158426,1.0,0.0,3.053,1,"{'model_name': 'full_history_reference_baseline', 'state_dim': 32, 'seed': 158426, 'clutter_pairs': 4, 'noise_steps': 6, 'inference_budget': 4}"
inference_effort,inference_recovery,full_history_reference_baseline,inference_budget,4,166345,1.0,0.0,2.783,1,"{'model_name': 'full_history_reference_baseline', 'state_dim': 32, 'seed': 166345, 'clutter_pairs': 4, 'noise_steps': 6, 'inference_budget': 4}"
inference_effort,inference_recovery,full_history_reference_baseline,inference_budget,4,174264,1.0,0.0,2.537,1,"{'model_name': 'full_history_reference_baseline', 'state_dim': 32, 'seed': 174264, 'clutter_pairs': 4, 'noise_steps': 6, 'inference_budget': 4}"
inference_effort,inference_recovery,full_history_reference_baseline,inference_budget,4,182183,1.0,0.0,2.562,1,"{'model_name': 'full_history_reference_baseline', 'state_dim': 32, 'seed': 182183, 'clutter_pairs': 4, 'noise_steps': 6, 'inference_budget': 4}"
inference_effort,inference_recovery,full_history_reference_baseline,inference_budget,4,190102,1.0,0.0,3.006,1,"{'model_name': 'full_history_reference_baseline', 'state_dim': 32, 'seed': 190102, 'clutter_pairs': 4, 'noise_steps': 6, 'inference_budget': 4}"
inference_effort,inference_recovery,full_history_reference_baseline,inference_budget,4,198021,1.0,0.0,2.919,1,"{'model_name': 'full_history_reference_baseline', 'state_dim': 32, 'seed': 198021, 'clutter_pairs': 4, 'noise_steps': 6, 'inference_budget': 4}"
inference_effort,inference_recovery,full_history_reference_baseline,inference_budget,4,205940,1.0,0.0,2.687,1,"{'model_name': 'full_history_reference_baseline', 'state_dim': 32, 'seed': 205940, 'clutter_pairs': 4, 'noise_steps': 6, 'inference_budget': 4}"
inference_effort,inference_recovery,full_history_reference_baseline,inference_budget,4,213859,1.0,0.0,2.659,1,"{'model_name': 'full_history_reference_baseline', 'state_dim': 32, 'seed': 213859, 'clutter_pairs': 4, 'noise_steps': 6, 'inference_budget': 4}"
inference_effort,inference_recovery,full_history_reference_baseline,inference_budget,4,221778,1.0,0.0,2.392,1,"{'model_name': 'full_history_reference_baseline', 'state_dim': 32, 'seed': 221778, 'clutter_pairs': 4, 'noise_steps': 6, 'inference_budget': 4}"
inference_effort,inference_recovery,full_history_reference_baseline,inference_budget,4,229697,1.0,0.0,2.286,1,"{'model_name': 'full_history_reference_baseline', 'state_dim': 32, 'seed': 229697, 'clutter_pairs': 4, 'noise_steps': 6, 'inference_budget': 4}"
inference_effort,inference_recovery,full_history_reference_baseline,inference_budget,6,48,1.0,0.0,1.984,1,"{'model_name': 'full_history_reference_baseline', 'state_dim': 32, 'seed': 48, 'clutter_pairs': 4, 'noise_steps': 6, 'inference_budget': 6}"
inference_effort,inference_recovery,full_history_reference_baseline,inference_budget,6,7967,1.0,0.0,3.591,1,"{'model_name': 'full_history_reference_baseline', 'state_dim': 32, 'seed': 7967, 'clutter_pairs': 4, 'noise_steps': 6, 'inference_budget': 6}"
inference_effort,inference_recovery,full_history_reference_baseline,inference_budget,6,15886,1.0,0.0,2.643,1,"{'model_name': 'full_history_reference_baseline', 'state_dim': 32, 'seed': 15886, 'clutter_pairs': 4, 'noise_steps': 6, 'inference_budget': 6}"
inference_effort,inference_recovery,full_history_reference_baseline,inference_budget,6,23805,1.0,0.0,2.924,1,"{'model_name': 'full_history_reference_baseline', 'state_dim': 32, 'seed': 23805, 'clutter_pairs': 4, 'noise_steps': 6, 'inference_budget': 6}"
inference_effort,inference_recovery,full_history_reference_baseline,inference_budget,6,31724,1.0,0.0,2.815,1,"{'model_name': 'full_history_reference_baseline', 'state_dim': 32, 'seed': 31724, 'clutter_pairs': 4, 'noise_steps': 6, 'inference_budget': 6}"
inference_effort,inference_recovery,full_history_reference_baseline,inference_budget,6,39643,1.0,0.0,2.852,1,"{'model_name': 'full_history_reference_baseline', 'state_dim': 32, 'seed': 39643, 'clutter_pairs': 4, 'noise_steps': 6, 'inference_budget': 6}"
inference_effort,inference_recovery,full_history_reference_baseline,inference_budget,6,47562,1.0,0.0,3.318,1,"{'model_name': 'full_history_reference_baseline', 'state_dim': 32, 'seed': 47562, 'clutter_pairs': 4, 'noise_steps': 6, 'inference_budget': 6}"
inference_effort,inference_recovery,full_history_reference_baseline,inference_budget,6,55481,1.0,0.0,2.58,1,"{'model_name': 'full_history_reference_baseline', 'state_dim': 32, 'seed': 55481, 'clutter_pairs': 4, 'noise_steps': 6, 'inference_budget': 6}"
inference_effort,inference_recovery,full_history_reference_baseline,inference_budget,6,63400,1.0,0.0,2.57,1,"{'model_name': 'full_history_reference_baseline', 'state_dim': 32, 'seed': 63400, 'clutter_pairs': 4, 'noise_steps': 6, 'inference_budget': 6}"
inference_effort,inference_recovery,full_history_reference_baseline,inference_budget,6,71319,1.0,0.0,2.714,1,"{'model_name': 'full_history_reference_baseline', 'state_dim': 32, 'seed': 71319, 'clutter_pairs': 4, 'noise_steps': 6, 'inference_budget': 6}"
inference_effort,inference_recovery,full_history_reference_baseline,inference_budget,6,79238,1.0,0.0,2.905,1,"{'model_name': 'full_history_reference_baseline', 'state_dim': 32, 'seed': 79238, 'clutter_pairs': 4, 'noise_steps': 6, 'inference_budget': 6}"
inference_effort,inference_recovery,full_history_reference_baseline,inference_budget,6,87157,1.0,0.0,2.813,1,"{'model_name': 'full_history_reference_baseline', 'state_dim': 32, 'seed': 87157, 'clutter_pairs': 4, 'noise_steps': 6, 'inference_budget': 6}"
inference_effort,inference_recovery,full_history_reference_baseline,inference_budget,6,95076,1.0,0.0,2.638,1,"{'model_name': 'full_history_reference_baseline', 'state_dim': 32, 'seed': 95076, 'clutter_pairs': 4, 'noise_steps': 6, 'inference_budget': 6}"
inference_effort,inference_recovery,full_history_reference_baseline,inference_budget,6,102995,1.0,0.0,3.05,1,"{'model_name': 'full_history_reference_baseline', 'state_dim': 32, 'seed': 102995, 'clutter_pairs': 4, 'noise_steps': 6, 'inference_budget': 6}"
inference_effort,inference_recovery,full_history_reference_baseline,inference_budget,6,110914,1.0,0.0,2.871,1,"{'model_name': 'full_history_reference_baseline', 'state_dim': 32, 'seed': 110914, 'clutter_pairs': 4, 'noise_steps': 6, 'inference_budget': 6}"
inference_effort,inference_recovery,full_history_reference_baseline,inference_budget,6,118833,1.0,0.0,2.976,1,"{'model_name': 'full_history_reference_baseline', 'state_dim': 32, 'seed': 118833, 'clutter_pairs': 4, 'noise_steps': 6, 'inference_budget': 6}"
inference_effort,inference_recovery,full_history_reference_baseline,inference_budget,6,126752,1.0,0.0,2.456,1,"{'model_name': 'full_history_reference_baseline', 'state_dim': 32, 'seed': 126752, 'clutter_pairs': 4, 'noise_steps': 6, 'inference_budget': 6}"
inference_effort,inference_recovery,full_history_reference_baseline,inference_budget,6,134671,1.0,0.0,2.846,1,"{'model_name': 'full_history_reference_baseline', 'state_dim': 32, 'seed': 134671, 'clutter_pairs': 4, 'noise_steps': 6, 'inference_budget': 6}"
inference_effort,inference_recovery,full_history_reference_baseline,inference_budget,6,142590,1.0,0.0,2.682,1,"{'model_name': 'full_history_reference_baseline', 'state_dim': 32, 'seed': 142590, 'clutter_pairs': 4, 'noise_steps': 6, 'inference_budget': 6}"
inference_effort,inference_recovery,full_history_reference_baseline,inference_budget,6,150509,1.0,0.0,6.93,1,"{'model_name': 'full_history_reference_baseline', 'state_dim': 32, 'seed': 150509, 'clutter_pairs': 4, 'noise_steps': 6, 'inference_budget': 6}"
inference_effort,inference_recovery,full_history_reference_baseline,inference_budget,6,158428,1.0,0.0,15.614,1,"{'model_name': 'full_history_reference_baseline', 'state_dim': 32, 'seed': 158428, 'clutter_pairs': 4, 'noise_steps': 6, 'inference_budget': 6}"
inference_effort,inference_recovery,full_history_reference_baseline,inference_budget,6,166347,1.0,0.0,17.96,1,"{'model_name': 'full_history_reference_baseline', 'state_dim': 32, 'seed': 166347, 'clutter_pairs': 4, 'noise_steps': 6, 'inference_budget': 6}"
inference_effort,inference_recovery,full_history_reference_baseline,inference_budget,6,174266,1.0,0.0,15.932,1,"{'model_name': 'full_history_reference_baseline', 'state_dim': 32, 'seed': 174266, 'clutter_pairs': 4, 'noise_steps': 6, 'inference_budget': 6}"
inference_effort,inference_recovery,full_history_reference_baseline,inference_budget,6,182185,1.0,0.0,13.65,1,"{'model_name': 'full_history_reference_baseline', 'state_dim': 32, 'seed': 182185, 'clutter_pairs': 4, 'noise_steps': 6, 'inference_budget': 6}"
inference_effort,inference_recovery,full_history_reference_baseline,inference_budget,6,190104,1.0,0.0,12.994,1,"{'model_name': 'full_history_reference_baseline', 'state_dim': 32, 'seed': 190104, 'clutter_pairs': 4, 'noise_steps': 6, 'inference_budget': 6}"
inference_effort,inference_recovery,full_history_reference_baseline,inference_budget,6,198023,1.0,0.0,13.338,1,"{'model_name': 'full_history_reference_baseline', 'state_dim': 32, 'seed': 198023, 'clutter_pairs': 4, 'noise_steps': 6, 'inference_budget': 6}"
inference_effort,inference_recovery,full_history_reference_baseline,inference_budget,6,205942,1.0,0.0,16.709,1,"{'model_name': 'full_history_reference_baseline', 'state_dim': 32, 'seed': 205942, 'clutter_pairs': 4, 'noise_steps': 6, 'inference_budget': 6}"
inference_effort,inference_recovery,full_history_reference_baseline,inference_budget,6,213861,1.0,0.0,14.388,1,"{'model_name': 'full_history_reference_baseline', 'state_dim': 32, 'seed': 213861, 'clutter_pairs': 4, 'noise_steps': 6, 'inference_budget': 6}"
inference_effort,inference_recovery,full_history_reference_baseline,inference_budget,6,221780,1.0,0.0,13.372,1,"{'model_name': 'full_history_reference_baseline', 'state_dim': 32, 'seed': 221780, 'clutter_pairs': 4, 'noise_steps': 6, 'inference_budget': 6}"
inference_effort,inference_recovery,full_history_reference_baseline,inference_budget,6,229699,1.0,0.0,14.768,1,"{'model_name': 'full_history_reference_baseline', 'state_dim': 32, 'seed': 229699, 'clutter_pairs': 4, 'noise_steps': 6, 'inference_budget': 6}"
inference_effort,inference_recovery,full_history_reference_baseline,inference_budget,8,50,1.0,0.0,13.456,1,"{'model_name': 'full_history_reference_baseline', 'state_dim': 32, 'seed': 50, 'clutter_pairs': 4, 'noise_steps': 6, 'inference_budget': 8}"
inference_effort,inference_recovery,full_history_reference_baseline,inference_budget,8,7969,1.0,0.0,17.234,1,"{'model_name': 'full_history_reference_baseline', 'state_dim': 32, 'seed': 7969, 'clutter_pairs': 4, 'noise_steps': 6, 'inference_budget': 8}"
inference_effort,inference_recovery,full_history_reference_baseline,inference_budget,8,15888,1.0,0.0,19.911,1,"{'model_name': 'full_history_reference_baseline', 'state_dim': 32, 'seed': 15888, 'clutter_pairs': 4, 'noise_steps': 6, 'inference_budget': 8}"
inference_effort,inference_recovery,full_history_reference_baseline,inference_budget,8,23807,1.0,0.0,16.828,1,"{'model_name': 'full_history_reference_baseline', 'state_dim': 32, 'seed': 23807, 'clutter_pairs': 4, 'noise_steps': 6, 'inference_budget': 8}"
inference_effort,inference_recovery,full_history_reference_baseline,inference_budget,8,31726,1.0,0.0,14.78,1,"{'model_name': 'full_history_reference_baseline', 'state_dim': 32, 'seed': 31726, 'clutter_pairs': 4, 'noise_steps': 6, 'inference_budget': 8}"
inference_effort,inference_recovery,full_history_reference_baseline,inference_budget,8,39645,1.0,0.0,15.187,1,"{'model_name': 'full_history_reference_baseline', 'state_dim': 32, 'seed': 39645, 'clutter_pairs': 4, 'noise_steps': 6, 'inference_budget': 8}"
inference_effort,inference_recovery,full_history_reference_baseline,inference_budget,8,47564,1.0,0.0,11.581,1,"{'model_name': 'full_history_reference_baseline', 'state_dim': 32, 'seed': 47564, 'clutter_pairs': 4, 'noise_steps': 6, 'inference_budget': 8}"
inference_effort,inference_recovery,full_history_reference_baseline,inference_budget,8,55483,1.0,0.0,17.253,1,"{'model_name': 'full_history_reference_baseline', 'state_dim': 32, 'seed': 55483, 'clutter_pairs': 4, 'noise_steps': 6, 'inference_budget': 8}"
inference_effort,inference_recovery,full_history_reference_baseline,inference_budget,8,63402,1.0,0.0,16.249,1,"{'model_name': 'full_history_reference_baseline', 'state_dim': 32, 'seed': 63402, 'clutter_pairs': 4, 'noise_steps': 6, 'inference_budget': 8}"
inference_effort,inference_recovery,full_history_reference_baseline,inference_budget,8,71321,1.0,0.0,16.852,1,"{'model_name': 'full_history_reference_baseline', 'state_dim': 32, 'seed': 71321, 'clutter_pairs': 4, 'noise_steps': 6, 'inference_budget': 8}"
inference_effort,inference_recovery,full_history_reference_baseline,inference_budget,8,79240,1.0,0.0,17.476,1,"{'model_name': 'full_history_reference_baseline', 'state_dim': 32, 'seed': 79240, 'clutter_pairs': 4, 'noise_steps': 6, 'inference_budget': 8}"
inference_effort,inference_recovery,full_history_reference_baseline,inference_budget,8,87159,1.0,0.0,18.661,1,"{'model_name': 'full_history_reference_baseline', 'state_dim': 32, 'seed': 87159, 'clutter_pairs': 4, 'noise_steps': 6, 'inference_budget': 8}"
inference_effort,inference_recovery,full_history_reference_baseline,inference_budget,8,95078,1.0,0.0,15.074,1,"{'model_name': 'full_history_reference_baseline', 'state_dim': 32, 'seed': 95078, 'clutter_pairs': 4, 'noise_steps': 6, 'inference_budget': 8}"
inference_effort,inference_recovery,full_history_reference_baseline,inference_budget,8,102997,1.0,0.0,15.135,1,"{'model_name': 'full_history_reference_baseline', 'state_dim': 32, 'seed': 102997, 'clutter_pairs': 4, 'noise_steps': 6, 'inference_budget': 8}"
inference_effort,inference_recovery,full_history_reference_baseline,inference_budget,8,110916,1.0,0.0,18.383,1,"{'model_name': 'full_history_reference_baseline', 'state_dim': 32, 'seed': 110916, 'clutter_pairs': 4, 'noise_steps': 6, 'inference_budget': 8}"
inference_effort,inference_recovery,full_history_reference_baseline,inference_budget,8,118835,1.0,0.0,18.243,1,"{'model_name': 'full_history_reference_baseline', 'state_dim': 32, 'seed': 118835, 'clutter_pairs': 4, 'noise_steps': 6, 'inference_budget': 8}"
inference_effort,inference_recovery,full_history_reference_baseline,inference_budget,8,126754,1.0,0.0,14.304,1,"{'model_name': 'full_history_reference_baseline', 'state_dim': 32, 'seed': 126754, 'clutter_pairs': 4, 'noise_steps': 6, 'inference_budget': 8}"
inference_effort,inference_recovery,full_history_reference_baseline,inference_budget,8,134673,1.0,0.0,12.101,1,"{'model_name': 'full_history_reference_baseline', 'state_dim': 32, 'seed': 134673, 'clutter_pairs': 4, 'noise_steps': 6, 'inference_budget': 8}"
inference_effort,inference_recovery,full_history_reference_baseline,inference_budget,8,142592,1.0,0.0,12.046,1,"{'model_name': 'full_history_reference_baseline', 'state_dim': 32, 'seed': 142592, 'clutter_pairs': 4, 'noise_steps': 6, 'inference_budget': 8}"
inference_effort,inference_recovery,full_history_reference_baseline,inference_budget,8,150511,1.0,0.0,13.071,1,"{'model_name': 'full_history_reference_baseline', 'state_dim': 32, 'seed': 150511, 'clutter_pairs': 4, 'noise_steps': 6, 'inference_budget': 8}"
inference_effort,inference_recovery,full_history_reference_baseline,inference_budget,8,158430,1.0,0.0,12.293,1,"{'model_name': 'full_history_reference_baseline', 'state_dim': 32, 'seed': 158430, 'clutter_pairs': 4, 'noise_steps': 6, 'inference_budget': 8}"
inference_effort,inference_recovery,full_history_reference_baseline,inference_budget,8,166349,1.0,0.0,17.419,1,"{'model_name': 'full_history_reference_baseline', 'state_dim': 32, 'seed': 166349, 'clutter_pairs': 4, 'noise_steps': 6, 'inference_budget': 8}"
inference_effort,inference_recovery,full_history_reference_baseline,inference_budget,8,174268,1.0,0.0,15.842,1,"{'model_name': 'full_history_reference_baseline', 'state_dim': 32, 'seed': 174268, 'clutter_pairs': 4, 'noise_steps': 6, 'inference_budget': 8}"
inference_effort,inference_recovery,full_history_reference_baseline,inference_budget,8,182187,1.0,0.0,14.66,1,"{'model_name': 'full_history_reference_baseline', 'state_dim': 32, 'seed': 182187, 'clutter_pairs': 4, 'noise_steps': 6, 'inference_budget': 8}"
inference_effort,inference_recovery,full_history_reference_baseline,inference_budget,8,190106,1.0,0.0,15.843,1,"{'model_name': 'full_history_reference_baseline', 'state_dim': 32, 'seed': 190106, 'clutter_pairs': 4, 'noise_steps': 6, 'inference_budget': 8}"
inference_effort,inference_recovery,full_history_reference_baseline,inference_budget,8,198025,1.0,0.0,16.755,1,"{'model_name': 'full_history_reference_baseline', 'state_dim': 32, 'seed': 198025, 'clutter_pairs': 4, 'noise_steps': 6, 'inference_budget': 8}"
inference_effort,inference_recovery,full_history_reference_baseline,inference_budget,8,205944,1.0,0.0,14.412,1,"{'model_name': 'full_history_reference_baseline', 'state_dim': 32, 'seed': 205944, 'clutter_pairs': 4, 'noise_steps': 6, 'inference_budget': 8}"
inference_effort,inference_recovery,full_history_reference_baseline,inference_budget,8,213863,1.0,0.0,14.701,1,"{'model_name': 'full_history_reference_baseline', 'state_dim': 32, 'seed': 213863, 'clutter_pairs': 4, 'noise_steps': 6, 'inference_budget': 8}"
inference_effort,inference_recovery,full_history_reference_baseline,inference_budget,8,221782,1.0,0.0,18.478,1,"{'model_name': 'full_history_reference_baseline', 'state_dim': 32, 'seed': 221782, 'clutter_pairs': 4, 'noise_steps': 6, 'inference_budget': 8}"
inference_effort,inference_recovery,full_history_reference_baseline,inference_budget,8,229701,1.0,0.0,15.018,1,"{'model_name': 'full_history_reference_baseline', 'state_dim': 32, 'seed': 229701, 'clutter_pairs': 4, 'noise_steps': 6, 'inference_budget': 8}"
inference_effort,inference_recovery,full_history_reference_baseline,inference_budget,12,54,1.0,0.0,15.723,1,"{'model_name': 'full_history_reference_baseline', 'state_dim': 32, 'seed': 54, 'clutter_pairs': 4, 'noise_steps': 6, 'inference_budget': 12}"
inference_effort,inference_recovery,full_history_reference_baseline,inference_budget,12,7973,1.0,0.0,15.476,1,"{'model_name': 'full_history_reference_baseline', 'state_dim': 32, 'seed': 7973, 'clutter_pairs': 4, 'noise_steps': 6, 'inference_budget': 12}"
inference_effort,inference_recovery,full_history_reference_baseline,inference_budget,12,15892,1.0,0.0,14.933,1,"{'model_name': 'full_history_reference_baseline', 'state_dim': 32, 'seed': 15892, 'clutter_pairs': 4, 'noise_steps': 6, 'inference_budget': 12}"
inference_effort,inference_recovery,full_history_reference_baseline,inference_budget,12,23811,1.0,0.0,16.94,1,"{'model_name': 'full_history_reference_baseline', 'state_dim': 32, 'seed': 23811, 'clutter_pairs': 4, 'noise_steps': 6, 'inference_budget': 12}"
inference_effort,inference_recovery,full_history_reference_baseline,inference_budget,12,31730,1.0,0.0,16.525,1,"{'model_name': 'full_history_reference_baseline', 'state_dim': 32, 'seed': 31730, 'clutter_pairs': 4, 'noise_steps': 6, 'inference_budget': 12}"
inference_effort,inference_recovery,full_history_reference_baseline,inference_budget,12,39649,1.0,0.0,13.473,1,"{'model_name': 'full_history_reference_baseline', 'state_dim': 32, 'seed': 39649, 'clutter_pairs': 4, 'noise_steps': 6, 'inference_budget': 12}"
inference_effort,inference_recovery,full_history_reference_baseline,inference_budget,12,47568,1.0,0.0,14.432,1,"{'model_name': 'full_history_reference_baseline', 'state_dim': 32, 'seed': 47568, 'clutter_pairs': 4, 'noise_steps': 6, 'inference_budget': 12}"
inference_effort,inference_recovery,full_history_reference_baseline,inference_budget,12,55487,1.0,0.0,13.629,1,"{'model_name': 'full_history_reference_baseline', 'state_dim': 32, 'seed': 55487, 'clutter_pairs': 4, 'noise_steps': 6, 'inference_budget': 12}"
inference_effort,inference_recovery,full_history_reference_baseline,inference_budget,12,63406,1.0,0.0,18.002,1,"{'model_name': 'full_history_reference_baseline', 'state_dim': 32, 'seed': 63406, 'clutter_pairs': 4, 'noise_steps': 6, 'inference_budget': 12}"
inference_effort,inference_recovery,full_history_reference_baseline,inference_budget,12,71325,1.0,0.0,15.435,1,"{'model_name': 'full_history_reference_baseline', 'state_dim': 32, 'seed': 71325, 'clutter_pairs': 4, 'noise_steps': 6, 'inference_budget': 12}"
inference_effort,inference_recovery,full_history_reference_baseline,inference_budget,12,79244,1.0,0.0,14.438,1,"{'model_name': 'full_history_reference_baseline', 'state_dim': 32, 'seed': 79244, 'clutter_pairs': 4, 'noise_steps': 6, 'inference_budget': 12}"
inference_effort,inference_recovery,full_history_reference_baseline,inference_budget,12,87163,1.0,0.0,13.361,1,"{'model_name': 'full_history_reference_baseline', 'state_dim': 32, 'seed': 87163, 'clutter_pairs': 4, 'noise_steps': 6, 'inference_budget': 12}"
inference_effort,inference_recovery,full_history_reference_baseline,inference_budget,12,95082,1.0,0.0,13.665,1,"{'model_name': 'full_history_reference_baseline', 'state_dim': 32, 'seed': 95082, 'clutter_pairs': 4, 'noise_steps': 6, 'inference_budget': 12}"
inference_effort,inference_recovery,full_history_reference_baseline,inference_budget,12,103001,1.0,0.0,12.307,1,"{'model_name': 'full_history_reference_baseline', 'state_dim': 32, 'seed': 103001, 'clutter_pairs': 4, 'noise_steps': 6, 'inference_budget': 12}"
inference_effort,inference_recovery,full_history_reference_baseline,inference_budget,12,110920,1.0,0.0,11.961,1,"{'model_name': 'full_history_reference_baseline', 'state_dim': 32, 'seed': 110920, 'clutter_pairs': 4, 'noise_steps': 6, 'inference_budget': 12}"
inference_effort,inference_recovery,full_history_reference_baseline,inference_budget,12,118839,1.0,0.0,4.304,1,"{'model_name': 'full_history_reference_baseline', 'state_dim': 32, 'seed': 118839, 'clutter_pairs': 4, 'noise_steps': 6, 'inference_budget': 12}"
inference_effort,inference_recovery,full_history_reference_baseline,inference_budget,12,126758,1.0,0.0,4.755,1,"{'model_name': 'full_history_reference_baseline', 'state_dim': 32, 'seed': 126758, 'clutter_pairs': 4, 'noise_steps': 6, 'inference_budget': 12}"
inference_effort,inference_recovery,full_history_reference_baseline,inference_budget,12,134677,1.0,0.0,3.66,1,"{'model_name': 'full_history_reference_baseline', 'state_dim': 32, 'seed': 134677, 'clutter_pairs': 4, 'noise_steps': 6, 'inference_budget': 12}"
inference_effort,inference_recovery,full_history_reference_baseline,inference_budget,12,142596,1.0,0.0,4.274,1,"{'model_name': 'full_history_reference_baseline', 'state_dim': 32, 'seed': 142596, 'clutter_pairs': 4, 'noise_steps': 6, 'inference_budget': 12}"
inference_effort,inference_recovery,full_history_reference_baseline,inference_budget,12,150515,1.0,0.0,10.733,1,"{'model_name': 'full_history_reference_baseline', 'state_dim': 32, 'seed': 150515, 'clutter_pairs': 4, 'noise_steps': 6, 'inference_budget': 12}"
inference_effort,inference_recovery,full_history_reference_baseline,inference_budget,12,158434,1.0,0.0,19.669,1,"{'model_name': 'full_history_reference_baseline', 'state_dim': 32, 'seed': 158434, 'clutter_pairs': 4, 'noise_steps': 6, 'inference_budget': 12}"
inference_effort,inference_recovery,full_history_reference_baseline,inference_budget,12,166353,1.0,0.0,17.274,1,"{'model_name': 'full_history_reference_baseline', 'state_dim': 32, 'seed': 166353, 'clutter_pairs': 4, 'noise_steps': 6, 'inference_budget': 12}"
inference_effort,inference_recovery,full_history_reference_baseline,inference_budget,12,174272,1.0,0.0,20.112,1,"{'model_name': 'full_history_reference_baseline', 'state_dim': 32, 'seed': 174272, 'clutter_pairs': 4, 'noise_steps': 6, 'inference_budget': 12}"
inference_effort,inference_recovery,full_history_reference_baseline,inference_budget,12,182191,1.0,0.0,14.939,1,"{'model_name': 'full_history_reference_baseline', 'state_dim': 32, 'seed': 182191, 'clutter_pairs': 4, 'noise_steps': 6, 'inference_budget': 12}"
inference_effort,inference_recovery,full_history_reference_baseline,inference_budget,12,190110,1.0,0.0,12.766,1,"{'model_name': 'full_history_reference_baseline', 'state_dim': 32, 'seed': 190110, 'clutter_pairs': 4, 'noise_steps': 6, 'inference_budget': 12}"
inference_effort,inference_recovery,full_history_reference_baseline,inference_budget,12,198029,1.0,0.0,13.613,1,"{'model_name': 'full_history_reference_baseline', 'state_dim': 32, 'seed': 198029, 'clutter_pairs': 4, 'noise_steps': 6, 'inference_budget': 12}"
inference_effort,inference_recovery,full_history_reference_baseline,inference_budget,12,205948,1.0,0.0,12.991,1,"{'model_name': 'full_history_reference_baseline', 'state_dim': 32, 'seed': 205948, 'clutter_pairs': 4, 'noise_steps': 6, 'inference_budget': 12}"
inference_effort,inference_recovery,full_history_reference_baseline,inference_budget,12,213867,1.0,0.0,15.639,1,"{'model_name': 'full_history_reference_baseline', 'state_dim': 32, 'seed': 213867, 'clutter_pairs': 4, 'noise_steps': 6, 'inference_budget': 12}"
inference_effort,inference_recovery,full_history_reference_baseline,inference_budget,12,221786,1.0,0.0,18.838,1,"{'model_name': 'full_history_reference_baseline', 'state_dim': 32, 'seed': 221786, 'clutter_pairs': 4, 'noise_steps': 6, 'inference_budget': 12}"
inference_effort,inference_recovery,full_history_reference_baseline,inference_budget,12,229705,1.0,0.0,17.511,1,"{'model_name': 'full_history_reference_baseline', 'state_dim': 32, 'seed': 229705, 'clutter_pairs': 4, 'noise_steps': 6, 'inference_budget': 12}"
inference_effort,inference_recovery,full_history_reference_baseline,inference_budget,16,58,1.0,0.0,15.919,1,"{'model_name': 'full_history_reference_baseline', 'state_dim': 32, 'seed': 58, 'clutter_pairs': 4, 'noise_steps': 6, 'inference_budget': 16}"
inference_effort,inference_recovery,full_history_reference_baseline,inference_budget,16,7977,1.0,0.0,16.96,1,"{'model_name': 'full_history_reference_baseline', 'state_dim': 32, 'seed': 7977, 'clutter_pairs': 4, 'noise_steps': 6, 'inference_budget': 16}"
inference_effort,inference_recovery,full_history_reference_baseline,inference_budget,16,15896,1.0,0.0,17.807,1,"{'model_name': 'full_history_reference_baseline', 'state_dim': 32, 'seed': 15896, 'clutter_pairs': 4, 'noise_steps': 6, 'inference_budget': 16}"
inference_effort,inference_recovery,full_history_reference_baseline,inference_budget,16,23815,1.0,0.0,14.508,1,"{'model_name': 'full_history_reference_baseline', 'state_dim': 32, 'seed': 23815, 'clutter_pairs': 4, 'noise_steps': 6, 'inference_budget': 16}"
inference_effort,inference_recovery,full_history_reference_baseline,inference_budget,16,31734,1.0,0.0,15.144,1,"{'model_name': 'full_history_reference_baseline', 'state_dim': 32, 'seed': 31734, 'clutter_pairs': 4, 'noise_steps': 6, 'inference_budget': 16}"
inference_effort,inference_recovery,full_history_reference_baseline,inference_budget,16,39653,1.0,0.0,13.822,1,"{'model_name': 'full_history_reference_baseline', 'state_dim': 32, 'seed': 39653, 'clutter_pairs': 4, 'noise_steps': 6, 'inference_budget': 16}"
inference_effort,inference_recovery,full_history_reference_baseline,inference_budget,16,47572,1.0,0.0,14.321,1,"{'model_name': 'full_history_reference_baseline', 'state_dim': 32, 'seed': 47572, 'clutter_pairs': 4, 'noise_steps': 6, 'inference_budget': 16}"
inference_effort,inference_recovery,full_history_reference_baseline,inference_budget,16,55491,1.0,0.0,14.03,1,"{'model_name': 'full_history_reference_baseline', 'state_dim': 32, 'seed': 55491, 'clutter_pairs': 4, 'noise_steps': 6, 'inference_budget': 16}"
inference_effort,inference_recovery,full_history_reference_baseline,inference_budget,16,63410,1.0,0.0,13.792,1,"{'model_name': 'full_history_reference_baseline', 'state_dim': 32, 'seed': 63410, 'clutter_pairs': 4, 'noise_steps': 6, 'inference_budget': 16}"
inference_effort,inference_recovery,full_history_reference_baseline,inference_budget,16,71329,1.0,0.0,14.947,1,"{'model_name': 'full_history_reference_baseline', 'state_dim': 32, 'seed': 71329, 'clutter_pairs': 4, 'noise_steps': 6, 'inference_budget': 16}"
inference_effort,inference_recovery,full_history_reference_baseline,inference_budget,16,79248,1.0,0.0,14.113,1,"{'model_name': 'full_history_reference_baseline', 'state_dim': 32, 'seed': 79248, 'clutter_pairs': 4, 'noise_steps': 6, 'inference_budget': 16}"
inference_effort,inference_recovery,full_history_reference_baseline,inference_budget,16,87167,1.0,0.0,16.434,1,"{'model_name': 'full_history_reference_baseline', 'state_dim': 32, 'seed': 87167, 'clutter_pairs': 4, 'noise_steps': 6, 'inference_budget': 16}"
inference_effort,inference_recovery,full_history_reference_baseline,inference_budget,16,95086,1.0,0.0,15.044,1,"{'model_name': 'full_history_reference_baseline', 'state_dim': 32, 'seed': 95086, 'clutter_pairs': 4, 'noise_steps': 6, 'inference_budget': 16}"
inference_effort,inference_recovery,full_history_reference_baseline,inference_budget,16,103005,1.0,0.0,10.03,1,"{'model_name': 'full_history_reference_baseline', 'state_dim': 32, 'seed': 103005, 'clutter_pairs': 4, 'noise_steps': 6, 'inference_budget': 16}"
inference_effort,inference_recovery,full_history_reference_baseline,inference_budget,16,110924,1.0,0.0,14.525,1,"{'model_name': 'full_history_reference_baseline', 'state_dim': 32, 'seed': 110924, 'clutter_pairs': 4, 'noise_steps': 6, 'inference_budget': 16}"
inference_effort,inference_recovery,full_history_reference_baseline,inference_budget,16,118843,1.0,0.0,12.925,1,"{'model_name': 'full_history_reference_baseline', 'state_dim': 32, 'seed': 118843, 'clutter_pairs': 4, 'noise_steps': 6, 'inference_budget': 16}"
inference_effort,inference_recovery,full_history_reference_baseline,inference_budget,16,126762,1.0,0.0,14.505,1,"{'model_name': 'full_history_reference_baseline', 'state_dim': 32, 'seed': 126762, 'clutter_pairs': 4, 'noise_steps': 6, 'inference_budget': 16}"
inference_effort,inference_recovery,full_history_reference_baseline,inference_budget,16,134681,1.0,0.0,15.972,1,"{'model_name': 'full_history_reference_baseline', 'state_dim': 32, 'seed': 134681, 'clutter_pairs': 4, 'noise_steps': 6, 'inference_budget': 16}"
inference_effort,inference_recovery,full_history_reference_baseline,inference_budget,16,142600,1.0,0.0,14.493,1,"{'model_name': 'full_history_reference_baseline', 'state_dim': 32, 'seed': 142600, 'clutter_pairs': 4, 'noise_steps': 6, 'inference_budget': 16}"
inference_effort,inference_recovery,full_history_reference_baseline,inference_budget,16,150519,1.0,0.0,14.019,1,"{'model_name': 'full_history_reference_baseline', 'state_dim': 32, 'seed': 150519, 'clutter_pairs': 4, 'noise_steps': 6, 'inference_budget': 16}"
inference_effort,inference_recovery,full_history_reference_baseline,inference_budget,16,158438,1.0,0.0,14.338,1,"{'model_name': 'full_history_reference_baseline', 'state_dim': 32, 'seed': 158438, 'clutter_pairs': 4, 'noise_steps': 6, 'inference_budget': 16}"
inference_effort,inference_recovery,full_history_reference_baseline,inference_budget,16,166357,1.0,0.0,14.927,1,"{'model_name': 'full_history_reference_baseline', 'state_dim': 32, 'seed': 166357, 'clutter_pairs': 4, 'noise_steps': 6, 'inference_budget': 16}"
inference_effort,inference_recovery,full_history_reference_baseline,inference_budget,16,174276,1.0,0.0,18.476,1,"{'model_name': 'full_history_reference_baseline', 'state_dim': 32, 'seed': 174276, 'clutter_pairs': 4, 'noise_steps': 6, 'inference_budget': 16}"
inference_effort,inference_recovery,full_history_reference_baseline,inference_budget,16,182195,1.0,0.0,19.325,1,"{'model_name': 'full_history_reference_baseline', 'state_dim': 32, 'seed': 182195, 'clutter_pairs': 4, 'noise_steps': 6, 'inference_budget': 16}"
inference_effort,inference_recovery,full_history_reference_baseline,inference_budget,16,190114,1.0,0.0,15.038,1,"{'model_name': 'full_history_reference_baseline', 'state_dim': 32, 'seed': 190114, 'clutter_pairs': 4, 'noise_steps': 6, 'inference_budget': 16}"
inference_effort,inference_recovery,full_history_reference_baseline,inference_budget,16,198033,1.0,0.0,16.916,1,"{'model_name': 'full_history_reference_baseline', 'state_dim': 32, 'seed': 198033, 'clutter_pairs': 4, 'noise_steps': 6, 'inference_budget': 16}"
inference_effort,inference_recovery,full_history_reference_baseline,inference_budget,16,205952,1.0,0.0,14.381,1,"{'model_name': 'full_history_reference_baseline', 'state_dim': 32, 'seed': 205952, 'clutter_pairs': 4, 'noise_steps': 6, 'inference_budget': 16}"
inference_effort,inference_recovery,full_history_reference_baseline,inference_budget,16,213871,1.0,0.0,12.162,1,"{'model_name': 'full_history_reference_baseline', 'state_dim': 32, 'seed': 213871, 'clutter_pairs': 4, 'noise_steps': 6, 'inference_budget': 16}"
inference_effort,inference_recovery,full_history_reference_baseline,inference_budget,16,221790,1.0,0.0,15.655,1,"{'model_name': 'full_history_reference_baseline', 'state_dim': 32, 'seed': 221790, 'clutter_pairs': 4, 'noise_steps': 6, 'inference_budget': 16}"
inference_effort,inference_recovery,full_history_reference_baseline,inference_budget,16,229709,1.0,0.0,13.446,1,"{'model_name': 'full_history_reference_baseline', 'state_dim': 32, 'seed': 229709, 'clutter_pairs': 4, 'noise_steps': 6, 'inference_budget': 16}"
inference_effort,inference_recovery,fixed_size_recurrent_memory,inference_budget,1,43,0.0,1.0,20.625,1,"{'model_name': 'fixed_size_recurrent_memory', 'state_dim': 32, 'seed': 43, 'clutter_pairs': 4, 'noise_steps': 6, 'inference_budget': 1}"
inference_effort,inference_recovery,fixed_size_recurrent_memory,inference_budget,1,7962,0.0,1.0,17.202,1,"{'model_name': 'fixed_size_recurrent_memory', 'state_dim': 32, 'seed': 7962, 'clutter_pairs': 4, 'noise_steps': 6, 'inference_budget': 1}"
inference_effort,inference_recovery,fixed_size_recurrent_memory,inference_budget,1,15881,0.0,1.0,17.854,1,"{'model_name': 'fixed_size_recurrent_memory', 'state_dim': 32, 'seed': 15881, 'clutter_pairs': 4, 'noise_steps': 6, 'inference_budget': 1}"
inference_effort,inference_recovery,fixed_size_recurrent_memory,inference_budget,1,23800,0.0,1.0,19.054,1,"{'model_name': 'fixed_size_recurrent_memory', 'state_dim': 32, 'seed': 23800, 'clutter_pairs': 4, 'noise_steps': 6, 'inference_budget': 1}"
inference_effort,inference_recovery,fixed_size_recurrent_memory,inference_budget,1,31719,0.0,1.0,18.272,1,"{'model_name': 'fixed_size_recurrent_memory', 'state_dim': 32, 'seed': 31719, 'clutter_pairs': 4, 'noise_steps': 6, 'inference_budget': 1}"
inference_effort,inference_recovery,fixed_size_recurrent_memory,inference_budget,1,39638,0.0,1.0,16.799,1,"{'model_name': 'fixed_size_recurrent_memory', 'state_dim': 32, 'seed': 39638, 'clutter_pairs': 4, 'noise_steps': 6, 'inference_budget': 1}"
inference_effort,inference_recovery,fixed_size_recurrent_memory,inference_budget,1,47557,0.0,1.0,16.88,1,"{'model_name': 'fixed_size_recurrent_memory', 'state_dim': 32, 'seed': 47557, 'clutter_pairs': 4, 'noise_steps': 6, 'inference_budget': 1}"
inference_effort,inference_recovery,fixed_size_recurrent_memory,inference_budget,1,55476,0.0,1.0,17.772,1,"{'model_name': 'fixed_size_recurrent_memory', 'state_dim': 32, 'seed': 55476, 'clutter_pairs': 4, 'noise_steps': 6, 'inference_budget': 1}"
inference_effort,inference_recovery,fixed_size_recurrent_memory,inference_budget,1,63395,0.0,1.0,16.7,1,"{'model_name': 'fixed_size_recurrent_memory', 'state_dim': 32, 'seed': 63395, 'clutter_pairs': 4, 'noise_steps': 6, 'inference_budget': 1}"
inference_effort,inference_recovery,fixed_size_recurrent_memory,inference_budget,1,71314,0.0,1.0,15.349,1,"{'model_name': 'fixed_size_recurrent_memory', 'state_dim': 32, 'seed': 71314, 'clutter_pairs': 4, 'noise_steps': 6, 'inference_budget': 1}"
inference_effort,inference_recovery,fixed_size_recurrent_memory,inference_budget,1,79233,0.0,1.0,18.102,1,"{'model_name': 'fixed_size_recurrent_memory', 'state_dim': 32, 'seed': 79233, 'clutter_pairs': 4, 'noise_steps': 6, 'inference_budget': 1}"
inference_effort,inference_recovery,fixed_size_recurrent_memory,inference_budget,1,87152,0.0,1.0,15.586,1,"{'model_name': 'fixed_size_recurrent_memory', 'state_dim': 32, 'seed': 87152, 'clutter_pairs': 4, 'noise_steps': 6, 'inference_budget': 1}"
inference_effort,inference_recovery,fixed_size_recurrent_memory,inference_budget,1,95071,0.0,1.0,16.856,1,"{'model_name': 'fixed_size_recurrent_memory', 'state_dim': 32, 'seed': 95071, 'clutter_pairs': 4, 'noise_steps': 6, 'inference_budget': 1}"
inference_effort,inference_recovery,fixed_size_recurrent_memory,inference_budget,1,102990,0.0,1.0,16.598,1,"{'model_name': 'fixed_size_recurrent_memory', 'state_dim': 32, 'seed': 102990, 'clutter_pairs': 4, 'noise_steps': 6, 'inference_budget': 1}"
inference_effort,inference_recovery,fixed_size_recurrent_memory,inference_budget,1,110909,0.0,1.0,17.561,1,"{'model_name': 'fixed_size_recurrent_memory', 'state_dim': 32, 'seed': 110909, 'clutter_pairs': 4, 'noise_steps': 6, 'inference_budget': 1}"
inference_effort,inference_recovery,fixed_size_recurrent_memory,inference_budget,1,118828,1.0,0.0,17.04,1,"{'model_name': 'fixed_size_recurrent_memory', 'state_dim': 32, 'seed': 118828, 'clutter_pairs': 4, 'noise_steps': 6, 'inference_budget': 1}"
inference_effort,inference_recovery,fixed_size_recurrent_memory,inference_budget,1,126747,0.0,1.0,18.549,1,"{'model_name': 'fixed_size_recurrent_memory', 'state_dim': 32, 'seed': 126747, 'clutter_pairs': 4, 'noise_steps': 6, 'inference_budget': 1}"
inference_effort,inference_recovery,fixed_size_recurrent_memory,inference_budget,1,134666,0.0,1.0,19.592,1,"{'model_name': 'fixed_size_recurrent_memory', 'state_dim': 32, 'seed': 134666, 'clutter_pairs': 4, 'noise_steps': 6, 'inference_budget': 1}"
inference_effort,inference_recovery,fixed_size_recurrent_memory,inference_budget,1,142585,0.0,1.0,16.147,1,"{'model_name': 'fixed_size_recurrent_memory', 'state_dim': 32, 'seed': 142585, 'clutter_pairs': 4, 'noise_steps': 6, 'inference_budget': 1}"
inference_effort,inference_recovery,fixed_size_recurrent_memory,inference_budget,1,150504,0.0,1.0,17.072,1,"{'model_name': 'fixed_size_recurrent_memory', 'state_dim': 32, 'seed': 150504, 'clutter_pairs': 4, 'noise_steps': 6, 'inference_budget': 1}"
inference_effort,inference_recovery,fixed_size_recurrent_memory,inference_budget,1,158423,0.0,1.0,16.339,1,"{'model_name': 'fixed_size_recurrent_memory', 'state_dim': 32, 'seed': 158423, 'clutter_pairs': 4, 'noise_steps': 6, 'inference_budget': 1}"
inference_effort,inference_recovery,fixed_size_recurrent_memory,inference_budget,1,166342,0.0,1.0,17.533,1,"{'model_name': 'fixed_size_recurrent_memory', 'state_dim': 32, 'seed': 166342, 'clutter_pairs': 4, 'noise_steps': 6, 'inference_budget': 1}"
inference_effort,inference_recovery,fixed_size_recurrent_memory,inference_budget,1,174261,0.0,1.0,15.522,1,"{'model_name': 'fixed_size_recurrent_memory', 'state_dim': 32, 'seed': 174261, 'clutter_pairs': 4, 'noise_steps': 6, 'inference_budget': 1}"
inference_effort,inference_recovery,fixed_size_recurrent_memory,inference_budget,1,182180,0.0,1.0,16.532,1,"{'model_name': 'fixed_size_recurrent_memory', 'state_dim': 32, 'seed': 182180, 'clutter_pairs': 4, 'noise_steps': 6, 'inference_budget': 1}"
inference_effort,inference_recovery,fixed_size_recurrent_memory,inference_budget,1,190099,0.0,1.0,18.522,1,"{'model_name': 'fixed_size_recurrent_memory', 'state_dim': 32, 'seed': 190099, 'clutter_pairs': 4, 'noise_steps': 6, 'inference_budget': 1}"
inference_effort,inference_recovery,fixed_size_recurrent_memory,inference_budget,1,198018,0.0,1.0,20.786,1,"{'model_name': 'fixed_size_recurrent_memory', 'state_dim': 32, 'seed': 198018, 'clutter_pairs': 4, 'noise_steps': 6, 'inference_budget': 1}"
inference_effort,inference_recovery,fixed_size_recurrent_memory,inference_budget,1,205937,0.0,1.0,27.083,1,"{'model_name': 'fixed_size_recurrent_memory', 'state_dim': 32, 'seed': 205937, 'clutter_pairs': 4, 'noise_steps': 6, 'inference_budget': 1}"
inference_effort,inference_recovery,fixed_size_recurrent_memory,inference_budget,1,213856,0.0,1.0,22.659,1,"{'model_name': 'fixed_size_recurrent_memory', 'state_dim': 32, 'seed': 213856, 'clutter_pairs': 4, 'noise_steps': 6, 'inference_budget': 1}"
inference_effort,inference_recovery,fixed_size_recurrent_memory,inference_budget,1,221775,0.0,1.0,18.562,1,"{'model_name': 'fixed_size_recurrent_memory', 'state_dim': 32, 'seed': 221775, 'clutter_pairs': 4, 'noise_steps': 6, 'inference_budget': 1}"
inference_effort,inference_recovery,fixed_size_recurrent_memory,inference_budget,1,229694,0.0,1.0,17.941,1,"{'model_name': 'fixed_size_recurrent_memory', 'state_dim': 32, 'seed': 229694, 'clutter_pairs': 4, 'noise_steps': 6, 'inference_budget': 1}"
inference_effort,inference_recovery,fixed_size_recurrent_memory,inference_budget,2,44,0.0,1.0,21.564,1,"{'model_name': 'fixed_size_recurrent_memory', 'state_dim': 32, 'seed': 44, 'clutter_pairs': 4, 'noise_steps': 6, 'inference_budget': 2}"
inference_effort,inference_recovery,fixed_size_recurrent_memory,inference_budget,2,7963,0.0,1.0,19.955,1,"{'model_name': 'fixed_size_recurrent_memory', 'state_dim': 32, 'seed': 7963, 'clutter_pairs': 4, 'noise_steps': 6, 'inference_budget': 2}"
inference_effort,inference_recovery,fixed_size_recurrent_memory,inference_budget,2,15882,0.0,1.0,22.351,1,"{'model_name': 'fixed_size_recurrent_memory', 'state_dim': 32, 'seed': 15882, 'clutter_pairs': 4, 'noise_steps': 6, 'inference_budget': 2}"
inference_effort,inference_recovery,fixed_size_recurrent_memory,inference_budget,2,23801,0.0,1.0,18.475,1,"{'model_name': 'fixed_size_recurrent_memory', 'state_dim': 32, 'seed': 23801, 'clutter_pairs': 4, 'noise_steps': 6, 'inference_budget': 2}"
inference_effort,inference_recovery,fixed_size_recurrent_memory,inference_budget,2,31720,0.0,1.0,20.037,1,"{'model_name': 'fixed_size_recurrent_memory', 'state_dim': 32, 'seed': 31720, 'clutter_pairs': 4, 'noise_steps': 6, 'inference_budget': 2}"
inference_effort,inference_recovery,fixed_size_recurrent_memory,inference_budget,2,39639,0.0,1.0,20.907,1,"{'model_name': 'fixed_size_recurrent_memory', 'state_dim': 32, 'seed': 39639, 'clutter_pairs': 4, 'noise_steps': 6, 'inference_budget': 2}"
inference_effort,inference_recovery,fixed_size_recurrent_memory,inference_budget,2,47558,0.0,1.0,23.491,1,"{'model_name': 'fixed_size_recurrent_memory', 'state_dim': 32, 'seed': 47558, 'clutter_pairs': 4, 'noise_steps': 6, 'inference_budget': 2}"
inference_effort,inference_recovery,fixed_size_recurrent_memory,inference_budget,2,55477,0.0,1.0,17.347,1,"{'model_name': 'fixed_size_recurrent_memory', 'state_dim': 32, 'seed': 55477, 'clutter_pairs': 4, 'noise_steps': 6, 'inference_budget': 2}"
inference_effort,inference_recovery,fixed_size_recurrent_memory,inference_budget,2,63396,0.0,1.0,15.987,1,"{'model_name': 'fixed_size_recurrent_memory', 'state_dim': 32, 'seed': 63396, 'clutter_pairs': 4, 'noise_steps': 6, 'inference_budget': 2}"
inference_effort,inference_recovery,fixed_size_recurrent_memory,inference_budget,2,71315,0.0,1.0,18.44,1,"{'model_name': 'fixed_size_recurrent_memory', 'state_dim': 32, 'seed': 71315, 'clutter_pairs': 4, 'noise_steps': 6, 'inference_budget': 2}"
inference_effort,inference_recovery,fixed_size_recurrent_memory,inference_budget,2,79234,0.0,1.0,16.937,1,"{'model_name': 'fixed_size_recurrent_memory', 'state_dim': 32, 'seed': 79234, 'clutter_pairs': 4, 'noise_steps': 6, 'inference_budget': 2}"
inference_effort,inference_recovery,fixed_size_recurrent_memory,inference_budget,2,87153,0.0,1.0,15.923,1,"{'model_name': 'fixed_size_recurrent_memory', 'state_dim': 32, 'seed': 87153, 'clutter_pairs': 4, 'noise_steps': 6, 'inference_budget': 2}"
inference_effort,inference_recovery,fixed_size_recurrent_memory,inference_budget,2,95072,0.0,1.0,18.041,1,"{'model_name': 'fixed_size_recurrent_memory', 'state_dim': 32, 'seed': 95072, 'clutter_pairs': 4, 'noise_steps': 6, 'inference_budget': 2}"
inference_effort,inference_recovery,fixed_size_recurrent_memory,inference_budget,2,102991,0.0,1.0,18.514,1,"{'model_name': 'fixed_size_recurrent_memory', 'state_dim': 32, 'seed': 102991, 'clutter_pairs': 4, 'noise_steps': 6, 'inference_budget': 2}"
inference_effort,inference_recovery,fixed_size_recurrent_memory,inference_budget,2,110910,0.0,1.0,17.4,1,"{'model_name': 'fixed_size_recurrent_memory', 'state_dim': 32, 'seed': 110910, 'clutter_pairs': 4, 'noise_steps': 6, 'inference_budget': 2}"
inference_effort,inference_recovery,fixed_size_recurrent_memory,inference_budget,2,118829,0.0,1.0,16.957,1,"{'model_name': 'fixed_size_recurrent_memory', 'state_dim': 32, 'seed': 118829, 'clutter_pairs': 4, 'noise_steps': 6, 'inference_budget': 2}"
inference_effort,inference_recovery,fixed_size_recurrent_memory,inference_budget,2,126748,1.0,0.0,18.734,1,"{'model_name': 'fixed_size_recurrent_memory', 'state_dim': 32, 'seed': 126748, 'clutter_pairs': 4, 'noise_steps': 6, 'inference_budget': 2}"
inference_effort,inference_recovery,fixed_size_recurrent_memory,inference_budget,2,134667,0.0,1.0,18.865,1,"{'model_name': 'fixed_size_recurrent_memory', 'state_dim': 32, 'seed': 134667, 'clutter_pairs': 4, 'noise_steps': 6, 'inference_budget': 2}"
inference_effort,inference_recovery,fixed_size_recurrent_memory,inference_budget,2,142586,1.0,0.0,15.216,1,"{'model_name': 'fixed_size_recurrent_memory', 'state_dim': 32, 'seed': 142586, 'clutter_pairs': 4, 'noise_steps': 6, 'inference_budget': 2}"
inference_effort,inference_recovery,fixed_size_recurrent_memory,inference_budget,2,150505,0.0,1.0,21.373,1,"{'model_name': 'fixed_size_recurrent_memory', 'state_dim': 32, 'seed': 150505, 'clutter_pairs': 4, 'noise_steps': 6, 'inference_budget': 2}"
inference_effort,inference_recovery,fixed_size_recurrent_memory,inference_budget,2,158424,0.0,1.0,19.605,1,"{'model_name': 'fixed_size_recurrent_memory', 'state_dim': 32, 'seed': 158424, 'clutter_pairs': 4, 'noise_steps': 6, 'inference_budget': 2}"
inference_effort,inference_recovery,fixed_size_recurrent_memory,inference_budget,2,166343,0.0,1.0,15.592,1,"{'model_name': 'fixed_size_recurrent_memory', 'state_dim': 32, 'seed': 166343, 'clutter_pairs': 4, 'noise_steps': 6, 'inference_budget': 2}"
inference_effort,inference_recovery,fixed_size_recurrent_memory,inference_budget,2,174262,0.0,1.0,18.486,1,"{'model_name': 'fixed_size_recurrent_memory', 'state_dim': 32, 'seed': 174262, 'clutter_pairs': 4, 'noise_steps': 6, 'inference_budget': 2}"
inference_effort,inference_recovery,fixed_size_recurrent_memory,inference_budget,2,182181,0.0,1.0,18.973,1,"{'model_name': 'fixed_size_recurrent_memory', 'state_dim': 32, 'seed': 182181, 'clutter_pairs': 4, 'noise_steps': 6, 'inference_budget': 2}"
inference_effort,inference_recovery,fixed_size_recurrent_memory,inference_budget,2,190100,0.0,1.0,18.167,1,"{'model_name': 'fixed_size_recurrent_memory', 'state_dim': 32, 'seed': 190100, 'clutter_pairs': 4, 'noise_steps': 6, 'inference_budget': 2}"
inference_effort,inference_recovery,fixed_size_recurrent_memory,inference_budget,2,198019,0.0,1.0,18.886,1,"{'model_name': 'fixed_size_recurrent_memory', 'state_dim': 32, 'seed': 198019, 'clutter_pairs': 4, 'noise_steps': 6, 'inference_budget': 2}"
inference_effort,inference_recovery,fixed_size_recurrent_memory,inference_budget,2,205938,0.0,1.0,18.869,1,"{'model_name': 'fixed_size_recurrent_memory', 'state_dim': 32, 'seed': 205938, 'clutter_pairs': 4, 'noise_steps': 6, 'inference_budget': 2}"
inference_effort,inference_recovery,fixed_size_recurrent_memory,inference_budget,2,213857,0.0,1.0,19.069,1,"{'model_name': 'fixed_size_recurrent_memory', 'state_dim': 32, 'seed': 213857, 'clutter_pairs': 4, 'noise_steps': 6, 'inference_budget': 2}"
inference_effort,inference_recovery,fixed_size_recurrent_memory,inference_budget,2,221776,0.0,1.0,18.165,1,"{'model_name': 'fixed_size_recurrent_memory', 'state_dim': 32, 'seed': 221776, 'clutter_pairs': 4, 'noise_steps': 6, 'inference_budget': 2}"
inference_effort,inference_recovery,fixed_size_recurrent_memory,inference_budget,2,229695,0.0,1.0,21.02,1,"{'model_name': 'fixed_size_recurrent_memory', 'state_dim': 32, 'seed': 229695, 'clutter_pairs': 4, 'noise_steps': 6, 'inference_budget': 2}"
inference_effort,inference_recovery,fixed_size_recurrent_memory,inference_budget,3,45,0.0,1.0,17.947,1,"{'model_name': 'fixed_size_recurrent_memory', 'state_dim': 32, 'seed': 45, 'clutter_pairs': 4, 'noise_steps': 6, 'inference_budget': 3}"
inference_effort,inference_recovery,fixed_size_recurrent_memory,inference_budget,3,7964,1.0,0.0,19.955,1,"{'model_name': 'fixed_size_recurrent_memory', 'state_dim': 32, 'seed': 7964, 'clutter_pairs': 4, 'noise_steps': 6, 'inference_budget': 3}"
inference_effort,inference_recovery,fixed_size_recurrent_memory,inference_budget,3,15883,0.0,1.0,16.31,1,"{'model_name': 'fixed_size_recurrent_memory', 'state_dim': 32, 'seed': 15883, 'clutter_pairs': 4, 'noise_steps': 6, 'inference_budget': 3}"
inference_effort,inference_recovery,fixed_size_recurrent_memory,inference_budget,3,23802,0.0,1.0,14.884,1,"{'model_name': 'fixed_size_recurrent_memory', 'state_dim': 32, 'seed': 23802, 'clutter_pairs': 4, 'noise_steps': 6, 'inference_budget': 3}"
inference_effort,inference_recovery,fixed_size_recurrent_memory,inference_budget,3,31721,0.0,1.0,16.823,1,"{'model_name': 'fixed_size_recurrent_memory', 'state_dim': 32, 'seed': 31721, 'clutter_pairs': 4, 'noise_steps': 6, 'inference_budget': 3}"
inference_effort,inference_recovery,fixed_size_recurrent_memory,inference_budget,3,39640,0.0,1.0,18.244,1,"{'model_name': 'fixed_size_recurrent_memory', 'state_dim': 32, 'seed': 39640, 'clutter_pairs': 4, 'noise_steps': 6, 'inference_budget': 3}"
inference_effort,inference_recovery,fixed_size_recurrent_memory,inference_budget,3,47559,0.0,1.0,18.316,1,"{'model_name': 'fixed_size_recurrent_memory', 'state_dim': 32, 'seed': 47559, 'clutter_pairs': 4, 'noise_steps': 6, 'inference_budget': 3}"
inference_effort,inference_recovery,fixed_size_recurrent_memory,inference_budget,3,55478,0.0,1.0,15.901,1,"{'model_name': 'fixed_size_recurrent_memory', 'state_dim': 32, 'seed': 55478, 'clutter_pairs': 4, 'noise_steps': 6, 'inference_budget': 3}"
inference_effort,inference_recovery,fixed_size_recurrent_memory,inference_budget,3,63397,0.0,1.0,16.75,1,"{'model_name': 'fixed_size_recurrent_memory', 'state_dim': 32, 'seed': 63397, 'clutter_pairs': 4, 'noise_steps': 6, 'inference_budget': 3}"
inference_effort,inference_recovery,fixed_size_recurrent_memory,inference_budget,3,71316,0.0,1.0,16.094,1,"{'model_name': 'fixed_size_recurrent_memory', 'state_dim': 32, 'seed': 71316, 'clutter_pairs': 4, 'noise_steps': 6, 'inference_budget': 3}"
inference_effort,inference_recovery,fixed_size_recurrent_memory,inference_budget,3,79235,0.0,1.0,16.443,1,"{'model_name': 'fixed_size_recurrent_memory', 'state_dim': 32, 'seed': 79235, 'clutter_pairs': 4, 'noise_steps': 6, 'inference_budget': 3}"
inference_effort,inference_recovery,fixed_size_recurrent_memory,inference_budget,3,87154,0.0,1.0,19.16,1,"{'model_name': 'fixed_size_recurrent_memory', 'state_dim': 32, 'seed': 87154, 'clutter_pairs': 4, 'noise_steps': 6, 'inference_budget': 3}"
inference_effort,inference_recovery,fixed_size_recurrent_memory,inference_budget,3,95073,0.0,1.0,18.357,1,"{'model_name': 'fixed_size_recurrent_memory', 'state_dim': 32, 'seed': 95073, 'clutter_pairs': 4, 'noise_steps': 6, 'inference_budget': 3}"
inference_effort,inference_recovery,fixed_size_recurrent_memory,inference_budget,3,102992,0.0,1.0,19.527,1,"{'model_name': 'fixed_size_recurrent_memory', 'state_dim': 32, 'seed': 102992, 'clutter_pairs': 4, 'noise_steps': 6, 'inference_budget': 3}"
inference_effort,inference_recovery,fixed_size_recurrent_memory,inference_budget,3,110911,0.0,1.0,18.079,1,"{'model_name': 'fixed_size_recurrent_memory', 'state_dim': 32, 'seed': 110911, 'clutter_pairs': 4, 'noise_steps': 6, 'inference_budget': 3}"
inference_effort,inference_recovery,fixed_size_recurrent_memory,inference_budget,3,118830,0.0,1.0,14.807,1,"{'model_name': 'fixed_size_recurrent_memory', 'state_dim': 32, 'seed': 118830, 'clutter_pairs': 4, 'noise_steps': 6, 'inference_budget': 3}"
inference_effort,inference_recovery,fixed_size_recurrent_memory,inference_budget,3,126749,0.0,1.0,20.089,1,"{'model_name': 'fixed_size_recurrent_memory', 'state_dim': 32, 'seed': 126749, 'clutter_pairs': 4, 'noise_steps': 6, 'inference_budget': 3}"
inference_effort,inference_recovery,fixed_size_recurrent_memory,inference_budget,3,134668,0.0,1.0,17.33,1,"{'model_name': 'fixed_size_recurrent_memory', 'state_dim': 32, 'seed': 134668, 'clutter_pairs': 4, 'noise_steps': 6, 'inference_budget': 3}"
inference_effort,inference_recovery,fixed_size_recurrent_memory,inference_budget,3,142587,0.0,1.0,15.299,1,"{'model_name': 'fixed_size_recurrent_memory', 'state_dim': 32, 'seed': 142587, 'clutter_pairs': 4, 'noise_steps': 6, 'inference_budget': 3}"
inference_effort,inference_recovery,fixed_size_recurrent_memory,inference_budget,3,150506,0.0,1.0,19.767,1,"{'model_name': 'fixed_size_recurrent_memory', 'state_dim': 32, 'seed': 150506, 'clutter_pairs': 4, 'noise_steps': 6, 'inference_budget': 3}"
inference_effort,inference_recovery,fixed_size_recurrent_memory,inference_budget,3,158425,0.0,1.0,20.353,1,"{'model_name': 'fixed_size_recurrent_memory', 'state_dim': 32, 'seed': 158425, 'clutter_pairs': 4, 'noise_steps': 6, 'inference_budget': 3}"
inference_effort,inference_recovery,fixed_size_recurrent_memory,inference_budget,3,166344,0.0,1.0,16.023,1,"{'model_name': 'fixed_size_recurrent_memory', 'state_dim': 32, 'seed': 166344, 'clutter_pairs': 4, 'noise_steps': 6, 'inference_budget': 3}"
inference_effort,inference_recovery,fixed_size_recurrent_memory,inference_budget,3,174263,0.0,1.0,17.147,1,"{'model_name': 'fixed_size_recurrent_memory', 'state_dim': 32, 'seed': 174263, 'clutter_pairs': 4, 'noise_steps': 6, 'inference_budget': 3}"
inference_effort,inference_recovery,fixed_size_recurrent_memory,inference_budget,3,182182,0.0,1.0,18.195,1,"{'model_name': 'fixed_size_recurrent_memory', 'state_dim': 32, 'seed': 182182, 'clutter_pairs': 4, 'noise_steps': 6, 'inference_budget': 3}"
inference_effort,inference_recovery,fixed_size_recurrent_memory,inference_budget,3,190101,0.0,1.0,17.778,1,"{'model_name': 'fixed_size_recurrent_memory', 'state_dim': 32, 'seed': 190101, 'clutter_pairs': 4, 'noise_steps': 6, 'inference_budget': 3}"
inference_effort,inference_recovery,fixed_size_recurrent_memory,inference_budget,3,198020,0.0,1.0,18.355,1,"{'model_name': 'fixed_size_recurrent_memory', 'state_dim': 32, 'seed': 198020, 'clutter_pairs': 4, 'noise_steps': 6, 'inference_budget': 3}"
inference_effort,inference_recovery,fixed_size_recurrent_memory,inference_budget,3,205939,0.0,1.0,16.841,1,"{'model_name': 'fixed_size_recurrent_memory', 'state_dim': 32, 'seed': 205939, 'clutter_pairs': 4, 'noise_steps': 6, 'inference_budget': 3}"
inference_effort,inference_recovery,fixed_size_recurrent_memory,inference_budget,3,213858,0.0,1.0,20.302,1,"{'model_name': 'fixed_size_recurrent_memory', 'state_dim': 32, 'seed': 213858, 'clutter_pairs': 4, 'noise_steps': 6, 'inference_budget': 3}"
inference_effort,inference_recovery,fixed_size_recurrent_memory,inference_budget,3,221777,0.0,1.0,16.159,1,"{'model_name': 'fixed_size_recurrent_memory', 'state_dim': 32, 'seed': 221777, 'clutter_pairs': 4, 'noise_steps': 6, 'inference_budget': 3}"
inference_effort,inference_recovery,fixed_size_recurrent_memory,inference_budget,3,229696,0.0,1.0,18.109,1,"{'model_name': 'fixed_size_recurrent_memory', 'state_dim': 32, 'seed': 229696, 'clutter_pairs': 4, 'noise_steps': 6, 'inference_budget': 3}"
inference_effort,inference_recovery,fixed_size_recurrent_memory,inference_budget,4,46,0.0,1.0,18.313,1,"{'model_name': 'fixed_size_recurrent_memory', 'state_dim': 32, 'seed': 46, 'clutter_pairs': 4, 'noise_steps': 6, 'inference_budget': 4}"
inference_effort,inference_recovery,fixed_size_recurrent_memory,inference_budget,4,7965,0.0,1.0,16.99,1,"{'model_name': 'fixed_size_recurrent_memory', 'state_dim': 32, 'seed': 7965, 'clutter_pairs': 4, 'noise_steps': 6, 'inference_budget': 4}"
inference_effort,inference_recovery,fixed_size_recurrent_memory,inference_budget,4,15884,0.0,1.0,17.995,1,"{'model_name': 'fixed_size_recurrent_memory', 'state_dim': 32, 'seed': 15884, 'clutter_pairs': 4, 'noise_steps': 6, 'inference_budget': 4}"
inference_effort,inference_recovery,fixed_size_recurrent_memory,inference_budget,4,23803,0.0,1.0,20.44,1,"{'model_name': 'fixed_size_recurrent_memory', 'state_dim': 32, 'seed': 23803, 'clutter_pairs': 4, 'noise_steps': 6, 'inference_budget': 4}"
inference_effort,inference_recovery,fixed_size_recurrent_memory,inference_budget,4,31722,0.0,1.0,16.059,1,"{'model_name': 'fixed_size_recurrent_memory', 'state_dim': 32, 'seed': 31722, 'clutter_pairs': 4, 'noise_steps': 6, 'inference_budget': 4}"
inference_effort,inference_recovery,fixed_size_recurrent_memory,inference_budget,4,39641,0.0,1.0,17.016,1,"{'model_name': 'fixed_size_recurrent_memory', 'state_dim': 32, 'seed': 39641, 'clutter_pairs': 4, 'noise_steps': 6, 'inference_budget': 4}"
inference_effort,inference_recovery,fixed_size_recurrent_memory,inference_budget,4,47560,1.0,0.0,18.442,1,"{'model_name': 'fixed_size_recurrent_memory', 'state_dim': 32, 'seed': 47560, 'clutter_pairs': 4, 'noise_steps': 6, 'inference_budget': 4}"
inference_effort,inference_recovery,fixed_size_recurrent_memory,inference_budget,4,55479,0.0,1.0,20.051,1,"{'model_name': 'fixed_size_recurrent_memory', 'state_dim': 32, 'seed': 55479, 'clutter_pairs': 4, 'noise_steps': 6, 'inference_budget': 4}"
inference_effort,inference_recovery,fixed_size_recurrent_memory,inference_budget,4,63398,0.0,1.0,16.462,1,"{'model_name': 'fixed_size_recurrent_memory', 'state_dim': 32, 'seed': 63398, 'clutter_pairs': 4, 'noise_steps': 6, 'inference_budget': 4}"
inference_effort,inference_recovery,fixed_size_recurrent_memory,inference_budget,4,71317,0.0,1.0,19.573,1,"{'model_name': 'fixed_size_recurrent_memory', 'state_dim': 32, 'seed': 71317, 'clutter_pairs': 4, 'noise_steps': 6, 'inference_budget': 4}"
inference_effort,inference_recovery,fixed_size_recurrent_memory,inference_budget,4,79236,0.0,1.0,18.76,1,"{'model_name': 'fixed_size_recurrent_memory', 'state_dim': 32, 'seed': 79236, 'clutter_pairs': 4, 'noise_steps': 6, 'inference_budget': 4}"
inference_effort,inference_recovery,fixed_size_recurrent_memory,inference_budget,4,87155,0.0,1.0,15.232,1,"{'model_name': 'fixed_size_recurrent_memory', 'state_dim': 32, 'seed': 87155, 'clutter_pairs': 4, 'noise_steps': 6, 'inference_budget': 4}"
inference_effort,inference_recovery,fixed_size_recurrent_memory,inference_budget,4,95074,0.0,1.0,19.025,1,"{'model_name': 'fixed_size_recurrent_memory', 'state_dim': 32, 'seed': 95074, 'clutter_pairs': 4, 'noise_steps': 6, 'inference_budget': 4}"
inference_effort,inference_recovery,fixed_size_recurrent_memory,inference_budget,4,102993,0.0,1.0,18.254,1,"{'model_name': 'fixed_size_recurrent_memory', 'state_dim': 32, 'seed': 102993, 'clutter_pairs': 4, 'noise_steps': 6, 'inference_budget': 4}"
inference_effort,inference_recovery,fixed_size_recurrent_memory,inference_budget,4,110912,0.0,1.0,14.405,1,"{'model_name': 'fixed_size_recurrent_memory', 'state_dim': 32, 'seed': 110912, 'clutter_pairs': 4, 'noise_steps': 6, 'inference_budget': 4}"
inference_effort,inference_recovery,fixed_size_recurrent_memory,inference_budget,4,118831,0.0,1.0,17.577,1,"{'model_name': 'fixed_size_recurrent_memory', 'state_dim': 32, 'seed': 118831, 'clutter_pairs': 4, 'noise_steps': 6, 'inference_budget': 4}"
inference_effort,inference_recovery,fixed_size_recurrent_memory,inference_budget,4,126750,0.0,1.0,18.215,1,"{'model_name': 'fixed_size_recurrent_memory', 'state_dim': 32, 'seed': 126750, 'clutter_pairs': 4, 'noise_steps': 6, 'inference_budget': 4}"
inference_effort,inference_recovery,fixed_size_recurrent_memory,inference_budget,4,134669,0.0,1.0,15.424,1,"{'model_name': 'fixed_size_recurrent_memory', 'state_dim': 32, 'seed': 134669, 'clutter_pairs': 4, 'noise_steps': 6, 'inference_budget': 4}"
inference_effort,inference_recovery,fixed_size_recurrent_memory,inference_budget,4,142588,0.0,1.0,19.552,1,"{'model_name': 'fixed_size_recurrent_memory', 'state_dim': 32, 'seed': 142588, 'clutter_pairs': 4, 'noise_steps': 6, 'inference_budget': 4}"
inference_effort,inference_recovery,fixed_size_recurrent_memory,inference_budget,4,150507,0.0,1.0,19.478,1,"{'model_name': 'fixed_size_recurrent_memory', 'state_dim': 32, 'seed': 150507, 'clutter_pairs': 4, 'noise_steps': 6, 'inference_budget': 4}"
inference_effort,inference_recovery,fixed_size_recurrent_memory,inference_budget,4,158426,0.0,1.0,19.108,1,"{'model_name': 'fixed_size_recurrent_memory', 'state_dim': 32, 'seed': 158426, 'clutter_pairs': 4, 'noise_steps': 6, 'inference_budget': 4}"
inference_effort,inference_recovery,fixed_size_recurrent_memory,inference_budget,4,166345,0.0,1.0,18.397,1,"{'model_name': 'fixed_size_recurrent_memory', 'state_dim': 32, 'seed': 166345, 'clutter_pairs': 4, 'noise_steps': 6, 'inference_budget': 4}"
inference_effort,inference_recovery,fixed_size_recurrent_memory,inference_budget,4,174264,1.0,0.0,16.617,1,"{'model_name': 'fixed_size_recurrent_memory', 'state_dim': 32, 'seed': 174264, 'clutter_pairs': 4, 'noise_steps': 6, 'inference_budget': 4}"
inference_effort,inference_recovery,fixed_size_recurrent_memory,inference_budget,4,182183,1.0,0.0,16.284,1,"{'model_name': 'fixed_size_recurrent_memory', 'state_dim': 32, 'seed': 182183, 'clutter_pairs': 4, 'noise_steps': 6, 'inference_budget': 4}"
inference_effort,inference_recovery,fixed_size_recurrent_memory,inference_budget,4,190102,0.0,1.0,20.365,1,"{'model_name': 'fixed_size_recurrent_memory', 'state_dim': 32, 'seed': 190102, 'clutter_pairs': 4, 'noise_steps': 6, 'inference_budget': 4}"
inference_effort,inference_recovery,fixed_size_recurrent_memory,inference_budget,4,198021,0.0,1.0,23.039,1,"{'model_name': 'fixed_size_recurrent_memory', 'state_dim': 32, 'seed': 198021, 'clutter_pairs': 4, 'noise_steps': 6, 'inference_budget': 4}"
inference_effort,inference_recovery,fixed_size_recurrent_memory,inference_budget,4,205940,0.0,1.0,19.347,1,"{'model_name': 'fixed_size_recurrent_memory', 'state_dim': 32, 'seed': 205940, 'clutter_pairs': 4, 'noise_steps': 6, 'inference_budget': 4}"
inference_effort,inference_recovery,fixed_size_recurrent_memory,inference_budget,4,213859,0.0,1.0,18.936,1,"{'model_name': 'fixed_size_recurrent_memory', 'state_dim': 32, 'seed': 213859, 'clutter_pairs': 4, 'noise_steps': 6, 'inference_budget': 4}"
inference_effort,inference_recovery,fixed_size_recurrent_memory,inference_budget,4,221778,0.0,1.0,19.201,1,"{'model_name': 'fixed_size_recurrent_memory', 'state_dim': 32, 'seed': 221778, 'clutter_pairs': 4, 'noise_steps': 6, 'inference_budget': 4}"
inference_effort,inference_recovery,fixed_size_recurrent_memory,inference_budget,4,229697,0.0,1.0,17.021,1,"{'model_name': 'fixed_size_recurrent_memory', 'state_dim': 32, 'seed': 229697, 'clutter_pairs': 4, 'noise_steps': 6, 'inference_budget': 4}"
inference_effort,inference_recovery,fixed_size_recurrent_memory,inference_budget,6,48,0.0,1.0,18.554,1,"{'model_name': 'fixed_size_recurrent_memory', 'state_dim': 32, 'seed': 48, 'clutter_pairs': 4, 'noise_steps': 6, 'inference_budget': 6}"
inference_effort,inference_recovery,fixed_size_recurrent_memory,inference_budget,6,7967,0.0,1.0,21.642,1,"{'model_name': 'fixed_size_recurrent_memory', 'state_dim': 32, 'seed': 7967, 'clutter_pairs': 4, 'noise_steps': 6, 'inference_budget': 6}"
inference_effort,inference_recovery,fixed_size_recurrent_memory,inference_budget,6,15886,0.0,1.0,21.034,1,"{'model_name': 'fixed_size_recurrent_memory', 'state_dim': 32, 'seed': 15886, 'clutter_pairs': 4, 'noise_steps': 6, 'inference_budget': 6}"
inference_effort,inference_recovery,fixed_size_recurrent_memory,inference_budget,6,23805,0.0,1.0,21.382,1,"{'model_name': 'fixed_size_recurrent_memory', 'state_dim': 32, 'seed': 23805, 'clutter_pairs': 4, 'noise_steps': 6, 'inference_budget': 6}"
inference_effort,inference_recovery,fixed_size_recurrent_memory,inference_budget,6,31724,0.0,1.0,19.555,1,"{'model_name': 'fixed_size_recurrent_memory', 'state_dim': 32, 'seed': 31724, 'clutter_pairs': 4, 'noise_steps': 6, 'inference_budget': 6}"
inference_effort,inference_recovery,fixed_size_recurrent_memory,inference_budget,6,39643,0.0,1.0,19.268,1,"{'model_name': 'fixed_size_recurrent_memory', 'state_dim': 32, 'seed': 39643, 'clutter_pairs': 4, 'noise_steps': 6, 'inference_budget': 6}"
inference_effort,inference_recovery,fixed_size_recurrent_memory,inference_budget,6,47562,0.0,1.0,20.86,1,"{'model_name': 'fixed_size_recurrent_memory', 'state_dim': 32, 'seed': 47562, 'clutter_pairs': 4, 'noise_steps': 6, 'inference_budget': 6}"
inference_effort,inference_recovery,fixed_size_recurrent_memory,inference_budget,6,55481,0.0,1.0,18.403,1,"{'model_name': 'fixed_size_recurrent_memory', 'state_dim': 32, 'seed': 55481, 'clutter_pairs': 4, 'noise_steps': 6, 'inference_budget': 6}"
inference_effort,inference_recovery,fixed_size_recurrent_memory,inference_budget,6,63400,0.0,1.0,17.078,1,"{'model_name': 'fixed_size_recurrent_memory', 'state_dim': 32, 'seed': 63400, 'clutter_pairs': 4, 'noise_steps': 6, 'inference_budget': 6}"
inference_effort,inference_recovery,fixed_size_recurrent_memory,inference_budget,6,71319,0.0,1.0,17.148,1,"{'model_name': 'fixed_size_recurrent_memory', 'state_dim': 32, 'seed': 71319, 'clutter_pairs': 4, 'noise_steps': 6, 'inference_budget': 6}"
inference_effort,inference_recovery,fixed_size_recurrent_memory,inference_budget,6,79238,0.0,1.0,19.05,1,"{'model_name': 'fixed_size_recurrent_memory', 'state_dim': 32, 'seed': 79238, 'clutter_pairs': 4, 'noise_steps': 6, 'inference_budget': 6}"
inference_effort,inference_recovery,fixed_size_recurrent_memory,inference_budget,6,87157,0.0,1.0,17.534,1,"{'model_name': 'fixed_size_recurrent_memory', 'state_dim': 32, 'seed': 87157, 'clutter_pairs': 4, 'noise_steps': 6, 'inference_budget': 6}"
inference_effort,inference_recovery,fixed_size_recurrent_memory,inference_budget,6,95076,0.0,1.0,17.086,1,"{'model_name': 'fixed_size_recurrent_memory', 'state_dim': 32, 'seed': 95076, 'clutter_pairs': 4, 'noise_steps': 6, 'inference_budget': 6}"
inference_effort,inference_recovery,fixed_size_recurrent_memory,inference_budget,6,102995,0.0,1.0,19.63,1,"{'model_name': 'fixed_size_recurrent_memory', 'state_dim': 32, 'seed': 102995, 'clutter_pairs': 4, 'noise_steps': 6, 'inference_budget': 6}"
inference_effort,inference_recovery,fixed_size_recurrent_memory,inference_budget,6,110914,0.0,1.0,20.435,1,"{'model_name': 'fixed_size_recurrent_memory', 'state_dim': 32, 'seed': 110914, 'clutter_pairs': 4, 'noise_steps': 6, 'inference_budget': 6}"
inference_effort,inference_recovery,fixed_size_recurrent_memory,inference_budget,6,118833,0.0,1.0,19.835,1,"{'model_name': 'fixed_size_recurrent_memory', 'state_dim': 32, 'seed': 118833, 'clutter_pairs': 4, 'noise_steps': 6, 'inference_budget': 6}"
inference_effort,inference_recovery,fixed_size_recurrent_memory,inference_budget,6,126752,0.0,1.0,16.075,1,"{'model_name': 'fixed_size_recurrent_memory', 'state_dim': 32, 'seed': 126752, 'clutter_pairs': 4, 'noise_steps': 6, 'inference_budget': 6}"
inference_effort,inference_recovery,fixed_size_recurrent_memory,inference_budget,6,134671,0.0,1.0,19.133,1,"{'model_name': 'fixed_size_recurrent_memory', 'state_dim': 32, 'seed': 134671, 'clutter_pairs': 4, 'noise_steps': 6, 'inference_budget': 6}"
inference_effort,inference_recovery,fixed_size_recurrent_memory,inference_budget,6,142590,0.0,1.0,16.331,1,"{'model_name': 'fixed_size_recurrent_memory', 'state_dim': 32, 'seed': 142590, 'clutter_pairs': 4, 'noise_steps': 6, 'inference_budget': 6}"
inference_effort,inference_recovery,fixed_size_recurrent_memory,inference_budget,6,150509,0.0,1.0,15.995,1,"{'model_name': 'fixed_size_recurrent_memory', 'state_dim': 32, 'seed': 150509, 'clutter_pairs': 4, 'noise_steps': 6, 'inference_budget': 6}"
inference_effort,inference_recovery,fixed_size_recurrent_memory,inference_budget,6,158428,0.0,1.0,17.295,1,"{'model_name': 'fixed_size_recurrent_memory', 'state_dim': 32, 'seed': 158428, 'clutter_pairs': 4, 'noise_steps': 6, 'inference_budget': 6}"
inference_effort,inference_recovery,fixed_size_recurrent_memory,inference_budget,6,166347,0.0,1.0,19.535,1,"{'model_name': 'fixed_size_recurrent_memory', 'state_dim': 32, 'seed': 166347, 'clutter_pairs': 4, 'noise_steps': 6, 'inference_budget': 6}"
inference_effort,inference_recovery,fixed_size_recurrent_memory,inference_budget,6,174266,1.0,0.0,18.996,1,"{'model_name': 'fixed_size_recurrent_memory', 'state_dim': 32, 'seed': 174266, 'clutter_pairs': 4, 'noise_steps': 6, 'inference_budget': 6}"
inference_effort,inference_recovery,fixed_size_recurrent_memory,inference_budget,6,182185,0.0,1.0,16.242,1,"{'model_name': 'fixed_size_recurrent_memory', 'state_dim': 32, 'seed': 182185, 'clutter_pairs': 4, 'noise_steps': 6, 'inference_budget': 6}"
inference_effort,inference_recovery,fixed_size_recurrent_memory,inference_budget,6,190104,0.0,1.0,15.872,1,"{'model_name': 'fixed_size_recurrent_memory', 'state_dim': 32, 'seed': 190104, 'clutter_pairs': 4, 'noise_steps': 6, 'inference_budget': 6}"
inference_effort,inference_recovery,fixed_size_recurrent_memory,inference_budget,6,198023,0.0,1.0,17.585,1,"{'model_name': 'fixed_size_recurrent_memory', 'state_dim': 32, 'seed': 198023, 'clutter_pairs': 4, 'noise_steps': 6, 'inference_budget': 6}"
inference_effort,inference_recovery,fixed_size_recurrent_memory,inference_budget,6,205942,0.0,1.0,19.811,1,"{'model_name': 'fixed_size_recurrent_memory', 'state_dim': 32, 'seed': 205942, 'clutter_pairs': 4, 'noise_steps': 6, 'inference_budget': 6}"
inference_effort,inference_recovery,fixed_size_recurrent_memory,inference_budget,6,213861,0.0,1.0,19.263,1,"{'model_name': 'fixed_size_recurrent_memory', 'state_dim': 32, 'seed': 213861, 'clutter_pairs': 4, 'noise_steps': 6, 'inference_budget': 6}"
inference_effort,inference_recovery,fixed_size_recurrent_memory,inference_budget,6,221780,0.0,1.0,18.644,1,"{'model_name': 'fixed_size_recurrent_memory', 'state_dim': 32, 'seed': 221780, 'clutter_pairs': 4, 'noise_steps': 6, 'inference_budget': 6}"
inference_effort,inference_recovery,fixed_size_recurrent_memory,inference_budget,6,229699,0.0,1.0,23.285,1,"{'model_name': 'fixed_size_recurrent_memory', 'state_dim': 32, 'seed': 229699, 'clutter_pairs': 4, 'noise_steps': 6, 'inference_budget': 6}"
inference_effort,inference_recovery,fixed_size_recurrent_memory,inference_budget,8,50,0.0,1.0,16.922,1,"{'model_name': 'fixed_size_recurrent_memory', 'state_dim': 32, 'seed': 50, 'clutter_pairs': 4, 'noise_steps': 6, 'inference_budget': 8}"
inference_effort,inference_recovery,fixed_size_recurrent_memory,inference_budget,8,7969,0.0,1.0,19.879,1,"{'model_name': 'fixed_size_recurrent_memory', 'state_dim': 32, 'seed': 7969, 'clutter_pairs': 4, 'noise_steps': 6, 'inference_budget': 8}"
inference_effort,inference_recovery,fixed_size_recurrent_memory,inference_budget,8,15888,0.0,1.0,19.993,1,"{'model_name': 'fixed_size_recurrent_memory', 'state_dim': 32, 'seed': 15888, 'clutter_pairs': 4, 'noise_steps': 6, 'inference_budget': 8}"
inference_effort,inference_recovery,fixed_size_recurrent_memory,inference_budget,8,23807,0.0,1.0,27.711,1,"{'model_name': 'fixed_size_recurrent_memory', 'state_dim': 32, 'seed': 23807, 'clutter_pairs': 4, 'noise_steps': 6, 'inference_budget': 8}"
inference_effort,inference_recovery,fixed_size_recurrent_memory,inference_budget,8,31726,0.0,1.0,17.021,1,"{'model_name': 'fixed_size_recurrent_memory', 'state_dim': 32, 'seed': 31726, 'clutter_pairs': 4, 'noise_steps': 6, 'inference_budget': 8}"
inference_effort,inference_recovery,fixed_size_recurrent_memory,inference_budget,8,39645,0.0,1.0,16.033,1,"{'model_name': 'fixed_size_recurrent_memory', 'state_dim': 32, 'seed': 39645, 'clutter_pairs': 4, 'noise_steps': 6, 'inference_budget': 8}"
inference_effort,inference_recovery,fixed_size_recurrent_memory,inference_budget,8,47564,0.0,1.0,15.876,1,"{'model_name': 'fixed_size_recurrent_memory', 'state_dim': 32, 'seed': 47564, 'clutter_pairs': 4, 'noise_steps': 6, 'inference_budget': 8}"
inference_effort,inference_recovery,fixed_size_recurrent_memory,inference_budget,8,55483,0.0,1.0,19.201,1,"{'model_name': 'fixed_size_recurrent_memory', 'state_dim': 32, 'seed': 55483, 'clutter_pairs': 4, 'noise_steps': 6, 'inference_budget': 8}"
inference_effort,inference_recovery,fixed_size_recurrent_memory,inference_budget,8,63402,0.0,1.0,17.738,1,"{'model_name': 'fixed_size_recurrent_memory', 'state_dim': 32, 'seed': 63402, 'clutter_pairs': 4, 'noise_steps': 6, 'inference_budget': 8}"
inference_effort,inference_recovery,fixed_size_recurrent_memory,inference_budget,8,71321,0.0,1.0,20.13,1,"{'model_name': 'fixed_size_recurrent_memory', 'state_dim': 32, 'seed': 71321, 'clutter_pairs': 4, 'noise_steps': 6, 'inference_budget': 8}"
inference_effort,inference_recovery,fixed_size_recurrent_memory,inference_budget,8,79240,0.0,1.0,17.415,1,"{'model_name': 'fixed_size_recurrent_memory', 'state_dim': 32, 'seed': 79240, 'clutter_pairs': 4, 'noise_steps': 6, 'inference_budget': 8}"
inference_effort,inference_recovery,fixed_size_recurrent_memory,inference_budget,8,87159,0.0,1.0,19.494,1,"{'model_name': 'fixed_size_recurrent_memory', 'state_dim': 32, 'seed': 87159, 'clutter_pairs': 4, 'noise_steps': 6, 'inference_budget': 8}"
inference_effort,inference_recovery,fixed_size_recurrent_memory,inference_budget,8,95078,0.0,1.0,18.547,1,"{'model_name': 'fixed_size_recurrent_memory', 'state_dim': 32, 'seed': 95078, 'clutter_pairs': 4, 'noise_steps': 6, 'inference_budget': 8}"
inference_effort,inference_recovery,fixed_size_recurrent_memory,inference_budget,8,102997,0.0,1.0,18.778,1,"{'model_name': 'fixed_size_recurrent_memory', 'state_dim': 32, 'seed': 102997, 'clutter_pairs': 4, 'noise_steps': 6, 'inference_budget': 8}"
inference_effort,inference_recovery,fixed_size_recurrent_memory,inference_budget,8,110916,0.0,1.0,18.299,1,"{'model_name': 'fixed_size_recurrent_memory', 'state_dim': 32, 'seed': 110916, 'clutter_pairs': 4, 'noise_steps': 6, 'inference_budget': 8}"
inference_effort,inference_recovery,fixed_size_recurrent_memory,inference_budget,8,118835,0.0,1.0,20.631,1,"{'model_name': 'fixed_size_recurrent_memory', 'state_dim': 32, 'seed': 118835, 'clutter_pairs': 4, 'noise_steps': 6, 'inference_budget': 8}"
inference_effort,inference_recovery,fixed_size_recurrent_memory,inference_budget,8,126754,0.0,1.0,20.393,1,"{'model_name': 'fixed_size_recurrent_memory', 'state_dim': 32, 'seed': 126754, 'clutter_pairs': 4, 'noise_steps': 6, 'inference_budget': 8}"
inference_effort,inference_recovery,fixed_size_recurrent_memory,inference_budget,8,134673,0.0,1.0,16.911,1,"{'model_name': 'fixed_size_recurrent_memory', 'state_dim': 32, 'seed': 134673, 'clutter_pairs': 4, 'noise_steps': 6, 'inference_budget': 8}"
inference_effort,inference_recovery,fixed_size_recurrent_memory,inference_budget,8,142592,0.0,1.0,16.96,1,"{'model_name': 'fixed_size_recurrent_memory', 'state_dim': 32, 'seed': 142592, 'clutter_pairs': 4, 'noise_steps': 6, 'inference_budget': 8}"
inference_effort,inference_recovery,fixed_size_recurrent_memory,inference_budget,8,150511,0.0,1.0,17.114,1,"{'model_name': 'fixed_size_recurrent_memory', 'state_dim': 32, 'seed': 150511, 'clutter_pairs': 4, 'noise_steps': 6, 'inference_budget': 8}"
inference_effort,inference_recovery,fixed_size_recurrent_memory,inference_budget,8,158430,0.0,1.0,16.773,1,"{'model_name': 'fixed_size_recurrent_memory', 'state_dim': 32, 'seed': 158430, 'clutter_pairs': 4, 'noise_steps': 6, 'inference_budget': 8}"
inference_effort,inference_recovery,fixed_size_recurrent_memory,inference_budget,8,166349,0.0,1.0,19.112,1,"{'model_name': 'fixed_size_recurrent_memory', 'state_dim': 32, 'seed': 166349, 'clutter_pairs': 4, 'noise_steps': 6, 'inference_budget': 8}"
inference_effort,inference_recovery,fixed_size_recurrent_memory,inference_budget,8,174268,0.0,1.0,17.151,1,"{'model_name': 'fixed_size_recurrent_memory', 'state_dim': 32, 'seed': 174268, 'clutter_pairs': 4, 'noise_steps': 6, 'inference_budget': 8}"
inference_effort,inference_recovery,fixed_size_recurrent_memory,inference_budget,8,182187,0.0,1.0,17.484,1,"{'model_name': 'fixed_size_recurrent_memory', 'state_dim': 32, 'seed': 182187, 'clutter_pairs': 4, 'noise_steps': 6, 'inference_budget': 8}"
inference_effort,inference_recovery,fixed_size_recurrent_memory,inference_budget,8,190106,0.0,1.0,20.618,1,"{'model_name': 'fixed_size_recurrent_memory', 'state_dim': 32, 'seed': 190106, 'clutter_pairs': 4, 'noise_steps': 6, 'inference_budget': 8}"
inference_effort,inference_recovery,fixed_size_recurrent_memory,inference_budget,8,198025,0.0,1.0,19.313,1,"{'model_name': 'fixed_size_recurrent_memory', 'state_dim': 32, 'seed': 198025, 'clutter_pairs': 4, 'noise_steps': 6, 'inference_budget': 8}"
inference_effort,inference_recovery,fixed_size_recurrent_memory,inference_budget,8,205944,0.0,1.0,15.484,1,"{'model_name': 'fixed_size_recurrent_memory', 'state_dim': 32, 'seed': 205944, 'clutter_pairs': 4, 'noise_steps': 6, 'inference_budget': 8}"
inference_effort,inference_recovery,fixed_size_recurrent_memory,inference_budget,8,213863,0.0,1.0,15.486,1,"{'model_name': 'fixed_size_recurrent_memory', 'state_dim': 32, 'seed': 213863, 'clutter_pairs': 4, 'noise_steps': 6, 'inference_budget': 8}"
inference_effort,inference_recovery,fixed_size_recurrent_memory,inference_budget,8,221782,0.0,1.0,21.329,1,"{'model_name': 'fixed_size_recurrent_memory', 'state_dim': 32, 'seed': 221782, 'clutter_pairs': 4, 'noise_steps': 6, 'inference_budget': 8}"
inference_effort,inference_recovery,fixed_size_recurrent_memory,inference_budget,8,229701,0.0,1.0,17.942,1,"{'model_name': 'fixed_size_recurrent_memory', 'state_dim': 32, 'seed': 229701, 'clutter_pairs': 4, 'noise_steps': 6, 'inference_budget': 8}"
inference_effort,inference_recovery,fixed_size_recurrent_memory,inference_budget,12,54,0.0,1.0,17.972,1,"{'model_name': 'fixed_size_recurrent_memory', 'state_dim': 32, 'seed': 54, 'clutter_pairs': 4, 'noise_steps': 6, 'inference_budget': 12}"
inference_effort,inference_recovery,fixed_size_recurrent_memory,inference_budget,12,7973,0.0,1.0,18.113,1,"{'model_name': 'fixed_size_recurrent_memory', 'state_dim': 32, 'seed': 7973, 'clutter_pairs': 4, 'noise_steps': 6, 'inference_budget': 12}"
inference_effort,inference_recovery,fixed_size_recurrent_memory,inference_budget,12,15892,0.0,1.0,19.686,1,"{'model_name': 'fixed_size_recurrent_memory', 'state_dim': 32, 'seed': 15892, 'clutter_pairs': 4, 'noise_steps': 6, 'inference_budget': 12}"
inference_effort,inference_recovery,fixed_size_recurrent_memory,inference_budget,12,23811,0.0,1.0,18.058,1,"{'model_name': 'fixed_size_recurrent_memory', 'state_dim': 32, 'seed': 23811, 'clutter_pairs': 4, 'noise_steps': 6, 'inference_budget': 12}"
inference_effort,inference_recovery,fixed_size_recurrent_memory,inference_budget,12,31730,0.0,1.0,20.031,1,"{'model_name': 'fixed_size_recurrent_memory', 'state_dim': 32, 'seed': 31730, 'clutter_pairs': 4, 'noise_steps': 6, 'inference_budget': 12}"
inference_effort,inference_recovery,fixed_size_recurrent_memory,inference_budget,12,39649,0.0,1.0,17.056,1,"{'model_name': 'fixed_size_recurrent_memory', 'state_dim': 32, 'seed': 39649, 'clutter_pairs': 4, 'noise_steps': 6, 'inference_budget': 12}"
inference_effort,inference_recovery,fixed_size_recurrent_memory,inference_budget,12,47568,0.0,1.0,17.563,1,"{'model_name': 'fixed_size_recurrent_memory', 'state_dim': 32, 'seed': 47568, 'clutter_pairs': 4, 'noise_steps': 6, 'inference_budget': 12}"
inference_effort,inference_recovery,fixed_size_recurrent_memory,inference_budget,12,55487,0.0,1.0,16.331,1,"{'model_name': 'fixed_size_recurrent_memory', 'state_dim': 32, 'seed': 55487, 'clutter_pairs': 4, 'noise_steps': 6, 'inference_budget': 12}"
inference_effort,inference_recovery,fixed_size_recurrent_memory,inference_budget,12,63406,0.0,1.0,17.131,1,"{'model_name': 'fixed_size_recurrent_memory', 'state_dim': 32, 'seed': 63406, 'clutter_pairs': 4, 'noise_steps': 6, 'inference_budget': 12}"
inference_effort,inference_recovery,fixed_size_recurrent_memory,inference_budget,12,71325,0.0,1.0,18.043,1,"{'model_name': 'fixed_size_recurrent_memory', 'state_dim': 32, 'seed': 71325, 'clutter_pairs': 4, 'noise_steps': 6, 'inference_budget': 12}"
inference_effort,inference_recovery,fixed_size_recurrent_memory,inference_budget,12,79244,0.0,1.0,17.497,1,"{'model_name': 'fixed_size_recurrent_memory', 'state_dim': 32, 'seed': 79244, 'clutter_pairs': 4, 'noise_steps': 6, 'inference_budget': 12}"
inference_effort,inference_recovery,fixed_size_recurrent_memory,inference_budget,12,87163,0.0,1.0,17.073,1,"{'model_name': 'fixed_size_recurrent_memory', 'state_dim': 32, 'seed': 87163, 'clutter_pairs': 4, 'noise_steps': 6, 'inference_budget': 12}"
inference_effort,inference_recovery,fixed_size_recurrent_memory,inference_budget,12,95082,0.0,1.0,16.183,1,"{'model_name': 'fixed_size_recurrent_memory', 'state_dim': 32, 'seed': 95082, 'clutter_pairs': 4, 'noise_steps': 6, 'inference_budget': 12}"
inference_effort,inference_recovery,fixed_size_recurrent_memory,inference_budget,12,103001,1.0,0.0,16.799,1,"{'model_name': 'fixed_size_recurrent_memory', 'state_dim': 32, 'seed': 103001, 'clutter_pairs': 4, 'noise_steps': 6, 'inference_budget': 12}"
inference_effort,inference_recovery,fixed_size_recurrent_memory,inference_budget,12,110920,0.0,1.0,18.773,1,"{'model_name': 'fixed_size_recurrent_memory', 'state_dim': 32, 'seed': 110920, 'clutter_pairs': 4, 'noise_steps': 6, 'inference_budget': 12}"
inference_effort,inference_recovery,fixed_size_recurrent_memory,inference_budget,12,118839,0.0,1.0,17.247,1,"{'model_name': 'fixed_size_recurrent_memory', 'state_dim': 32, 'seed': 118839, 'clutter_pairs': 4, 'noise_steps': 6, 'inference_budget': 12}"
inference_effort,inference_recovery,fixed_size_recurrent_memory,inference_budget,12,126758,0.0,1.0,17.314,1,"{'model_name': 'fixed_size_recurrent_memory', 'state_dim': 32, 'seed': 126758, 'clutter_pairs': 4, 'noise_steps': 6, 'inference_budget': 12}"
inference_effort,inference_recovery,fixed_size_recurrent_memory,inference_budget,12,134677,0.0,1.0,20.851,1,"{'model_name': 'fixed_size_recurrent_memory', 'state_dim': 32, 'seed': 134677, 'clutter_pairs': 4, 'noise_steps': 6, 'inference_budget': 12}"
inference_effort,inference_recovery,fixed_size_recurrent_memory,inference_budget,12,142596,0.0,1.0,20.41,1,"{'model_name': 'fixed_size_recurrent_memory', 'state_dim': 32, 'seed': 142596, 'clutter_pairs': 4, 'noise_steps': 6, 'inference_budget': 12}"
inference_effort,inference_recovery,fixed_size_recurrent_memory,inference_budget,12,150515,0.0,1.0,14.756,1,"{'model_name': 'fixed_size_recurrent_memory', 'state_dim': 32, 'seed': 150515, 'clutter_pairs': 4, 'noise_steps': 6, 'inference_budget': 12}"
inference_effort,inference_recovery,fixed_size_recurrent_memory,inference_budget,12,158434,0.0,1.0,17.794,1,"{'model_name': 'fixed_size_recurrent_memory', 'state_dim': 32, 'seed': 158434, 'clutter_pairs': 4, 'noise_steps': 6, 'inference_budget': 12}"
inference_effort,inference_recovery,fixed_size_recurrent_memory,inference_budget,12,166353,0.0,1.0,18.926,1,"{'model_name': 'fixed_size_recurrent_memory', 'state_dim': 32, 'seed': 166353, 'clutter_pairs': 4, 'noise_steps': 6, 'inference_budget': 12}"
inference_effort,inference_recovery,fixed_size_recurrent_memory,inference_budget,12,174272,0.0,1.0,19.752,1,"{'model_name': 'fixed_size_recurrent_memory', 'state_dim': 32, 'seed': 174272, 'clutter_pairs': 4, 'noise_steps': 6, 'inference_budget': 12}"
inference_effort,inference_recovery,fixed_size_recurrent_memory,inference_budget,12,182191,0.0,1.0,17.469,1,"{'model_name': 'fixed_size_recurrent_memory', 'state_dim': 32, 'seed': 182191, 'clutter_pairs': 4, 'noise_steps': 6, 'inference_budget': 12}"
inference_effort,inference_recovery,fixed_size_recurrent_memory,inference_budget,12,190110,0.0,1.0,15.313,1,"{'model_name': 'fixed_size_recurrent_memory', 'state_dim': 32, 'seed': 190110, 'clutter_pairs': 4, 'noise_steps': 6, 'inference_budget': 12}"
inference_effort,inference_recovery,fixed_size_recurrent_memory,inference_budget,12,198029,0.0,1.0,15.987,1,"{'model_name': 'fixed_size_recurrent_memory', 'state_dim': 32, 'seed': 198029, 'clutter_pairs': 4, 'noise_steps': 6, 'inference_budget': 12}"
inference_effort,inference_recovery,fixed_size_recurrent_memory,inference_budget,12,205948,0.0,1.0,17.444,1,"{'model_name': 'fixed_size_recurrent_memory', 'state_dim': 32, 'seed': 205948, 'clutter_pairs': 4, 'noise_steps': 6, 'inference_budget': 12}"
inference_effort,inference_recovery,fixed_size_recurrent_memory,inference_budget,12,213867,0.0,1.0,15.577,1,"{'model_name': 'fixed_size_recurrent_memory', 'state_dim': 32, 'seed': 213867, 'clutter_pairs': 4, 'noise_steps': 6, 'inference_budget': 12}"
inference_effort,inference_recovery,fixed_size_recurrent_memory,inference_budget,12,221786,0.0,1.0,16.271,1,"{'model_name': 'fixed_size_recurrent_memory', 'state_dim': 32, 'seed': 221786, 'clutter_pairs': 4, 'noise_steps': 6, 'inference_budget': 12}"
inference_effort,inference_recovery,fixed_size_recurrent_memory,inference_budget,12,229705,0.0,1.0,17.636,1,"{'model_name': 'fixed_size_recurrent_memory', 'state_dim': 32, 'seed': 229705, 'clutter_pairs': 4, 'noise_steps': 6, 'inference_budget': 12}"
inference_effort,inference_recovery,fixed_size_recurrent_memory,inference_budget,16,58,0.0,1.0,19.063,1,"{'model_name': 'fixed_size_recurrent_memory', 'state_dim': 32, 'seed': 58, 'clutter_pairs': 4, 'noise_steps': 6, 'inference_budget': 16}"
inference_effort,inference_recovery,fixed_size_recurrent_memory,inference_budget,16,7977,1.0,0.0,17.383,1,"{'model_name': 'fixed_size_recurrent_memory', 'state_dim': 32, 'seed': 7977, 'clutter_pairs': 4, 'noise_steps': 6, 'inference_budget': 16}"
inference_effort,inference_recovery,fixed_size_recurrent_memory,inference_budget,16,15896,0.0,1.0,19.792,1,"{'model_name': 'fixed_size_recurrent_memory', 'state_dim': 32, 'seed': 15896, 'clutter_pairs': 4, 'noise_steps': 6, 'inference_budget': 16}"
inference_effort,inference_recovery,fixed_size_recurrent_memory,inference_budget,16,23815,0.0,1.0,17.282,1,"{'model_name': 'fixed_size_recurrent_memory', 'state_dim': 32, 'seed': 23815, 'clutter_pairs': 4, 'noise_steps': 6, 'inference_budget': 16}"
inference_effort,inference_recovery,fixed_size_recurrent_memory,inference_budget,16,31734,0.0,1.0,17.008,1,"{'model_name': 'fixed_size_recurrent_memory', 'state_dim': 32, 'seed': 31734, 'clutter_pairs': 4, 'noise_steps': 6, 'inference_budget': 16}"
inference_effort,inference_recovery,fixed_size_recurrent_memory,inference_budget,16,39653,0.0,1.0,17.034,1,"{'model_name': 'fixed_size_recurrent_memory', 'state_dim': 32, 'seed': 39653, 'clutter_pairs': 4, 'noise_steps': 6, 'inference_budget': 16}"
inference_effort,inference_recovery,fixed_size_recurrent_memory,inference_budget,16,47572,0.0,1.0,17.197,1,"{'model_name': 'fixed_size_recurrent_memory', 'state_dim': 32, 'seed': 47572, 'clutter_pairs': 4, 'noise_steps': 6, 'inference_budget': 16}"
inference_effort,inference_recovery,fixed_size_recurrent_memory,inference_budget,16,55491,0.0,1.0,16.102,1,"{'model_name': 'fixed_size_recurrent_memory', 'state_dim': 32, 'seed': 55491, 'clutter_pairs': 4, 'noise_steps': 6, 'inference_budget': 16}"
inference_effort,inference_recovery,fixed_size_recurrent_memory,inference_budget,16,63410,0.0,1.0,17.59,1,"{'model_name': 'fixed_size_recurrent_memory', 'state_dim': 32, 'seed': 63410, 'clutter_pairs': 4, 'noise_steps': 6, 'inference_budget': 16}"
inference_effort,inference_recovery,fixed_size_recurrent_memory,inference_budget,16,71329,0.0,1.0,18.228,1,"{'model_name': 'fixed_size_recurrent_memory', 'state_dim': 32, 'seed': 71329, 'clutter_pairs': 4, 'noise_steps': 6, 'inference_budget': 16}"
inference_effort,inference_recovery,fixed_size_recurrent_memory,inference_budget,16,79248,0.0,1.0,19.11,1,"{'model_name': 'fixed_size_recurrent_memory', 'state_dim': 32, 'seed': 79248, 'clutter_pairs': 4, 'noise_steps': 6, 'inference_budget': 16}"
inference_effort,inference_recovery,fixed_size_recurrent_memory,inference_budget,16,87167,0.0,1.0,19.316,1,"{'model_name': 'fixed_size_recurrent_memory', 'state_dim': 32, 'seed': 87167, 'clutter_pairs': 4, 'noise_steps': 6, 'inference_budget': 16}"
inference_effort,inference_recovery,fixed_size_recurrent_memory,inference_budget,16,95086,0.0,1.0,19.753,1,"{'model_name': 'fixed_size_recurrent_memory', 'state_dim': 32, 'seed': 95086, 'clutter_pairs': 4, 'noise_steps': 6, 'inference_budget': 16}"
inference_effort,inference_recovery,fixed_size_recurrent_memory,inference_budget,16,103005,0.0,1.0,14.477,1,"{'model_name': 'fixed_size_recurrent_memory', 'state_dim': 32, 'seed': 103005, 'clutter_pairs': 4, 'noise_steps': 6, 'inference_budget': 16}"
inference_effort,inference_recovery,fixed_size_recurrent_memory,inference_budget,16,110924,0.0,1.0,19.593,1,"{'model_name': 'fixed_size_recurrent_memory', 'state_dim': 32, 'seed': 110924, 'clutter_pairs': 4, 'noise_steps': 6, 'inference_budget': 16}"
inference_effort,inference_recovery,fixed_size_recurrent_memory,inference_budget,16,118843,0.0,1.0,15.393,1,"{'model_name': 'fixed_size_recurrent_memory', 'state_dim': 32, 'seed': 118843, 'clutter_pairs': 4, 'noise_steps': 6, 'inference_budget': 16}"
inference_effort,inference_recovery,fixed_size_recurrent_memory,inference_budget,16,126762,0.0,1.0,17.983,1,"{'model_name': 'fixed_size_recurrent_memory', 'state_dim': 32, 'seed': 126762, 'clutter_pairs': 4, 'noise_steps': 6, 'inference_budget': 16}"
inference_effort,inference_recovery,fixed_size_recurrent_memory,inference_budget,16,134681,0.0,1.0,18.03,1,"{'model_name': 'fixed_size_recurrent_memory', 'state_dim': 32, 'seed': 134681, 'clutter_pairs': 4, 'noise_steps': 6, 'inference_budget': 16}"
inference_effort,inference_recovery,fixed_size_recurrent_memory,inference_budget,16,142600,0.0,1.0,16.138,1,"{'model_name': 'fixed_size_recurrent_memory', 'state_dim': 32, 'seed': 142600, 'clutter_pairs': 4, 'noise_steps': 6, 'inference_budget': 16}"
inference_effort,inference_recovery,fixed_size_recurrent_memory,inference_budget,16,150519,0.0,1.0,15.531,1,"{'model_name': 'fixed_size_recurrent_memory', 'state_dim': 32, 'seed': 150519, 'clutter_pairs': 4, 'noise_steps': 6, 'inference_budget': 16}"
inference_effort,inference_recovery,fixed_size_recurrent_memory,inference_budget,16,158438,0.0,1.0,19.193,1,"{'model_name': 'fixed_size_recurrent_memory', 'state_dim': 32, 'seed': 158438, 'clutter_pairs': 4, 'noise_steps': 6, 'inference_budget': 16}"
inference_effort,inference_recovery,fixed_size_recurrent_memory,inference_budget,16,166357,0.0,1.0,19.163,1,"{'model_name': 'fixed_size_recurrent_memory', 'state_dim': 32, 'seed': 166357, 'clutter_pairs': 4, 'noise_steps': 6, 'inference_budget': 16}"
inference_effort,inference_recovery,fixed_size_recurrent_memory,inference_budget,16,174276,0.0,1.0,17.959,1,"{'model_name': 'fixed_size_recurrent_memory', 'state_dim': 32, 'seed': 174276, 'clutter_pairs': 4, 'noise_steps': 6, 'inference_budget': 16}"
inference_effort,inference_recovery,fixed_size_recurrent_memory,inference_budget,16,182195,0.0,1.0,16.328,1,"{'model_name': 'fixed_size_recurrent_memory', 'state_dim': 32, 'seed': 182195, 'clutter_pairs': 4, 'noise_steps': 6, 'inference_budget': 16}"
inference_effort,inference_recovery,fixed_size_recurrent_memory,inference_budget,16,190114,0.0,1.0,17.595,1,"{'model_name': 'fixed_size_recurrent_memory', 'state_dim': 32, 'seed': 190114, 'clutter_pairs': 4, 'noise_steps': 6, 'inference_budget': 16}"
inference_effort,inference_recovery,fixed_size_recurrent_memory,inference_budget,16,198033,0.0,1.0,19.656,1,"{'model_name': 'fixed_size_recurrent_memory', 'state_dim': 32, 'seed': 198033, 'clutter_pairs': 4, 'noise_steps': 6, 'inference_budget': 16}"
inference_effort,inference_recovery,fixed_size_recurrent_memory,inference_budget,16,205952,0.0,1.0,17.763,1,"{'model_name': 'fixed_size_recurrent_memory', 'state_dim': 32, 'seed': 205952, 'clutter_pairs': 4, 'noise_steps': 6, 'inference_budget': 16}"
inference_effort,inference_recovery,fixed_size_recurrent_memory,inference_budget,16,213871,0.0,1.0,15.837,1,"{'model_name': 'fixed_size_recurrent_memory', 'state_dim': 32, 'seed': 213871, 'clutter_pairs': 4, 'noise_steps': 6, 'inference_budget': 16}"
inference_effort,inference_recovery,fixed_size_recurrent_memory,inference_budget,16,221790,1.0,0.0,18.193,1,"{'model_name': 'fixed_size_recurrent_memory', 'state_dim': 32, 'seed': 221790, 'clutter_pairs': 4, 'noise_steps': 6, 'inference_budget': 16}"
inference_effort,inference_recovery,fixed_size_recurrent_memory,inference_budget,16,229709,0.0,1.0,20.24,1,"{'model_name': 'fixed_size_recurrent_memory', 'state_dim': 32, 'seed': 229709, 'clutter_pairs': 4, 'noise_steps': 6, 'inference_budget': 16}"
inference_effort,inference_recovery,educational_evolving_memory_toy,inference_budget,1,43,0.0,1.0,24.816,1,"{'model_name': 'educational_evolving_memory_toy', 'state_dim': 32, 'seed': 43, 'clutter_pairs': 4, 'noise_steps': 6, 'inference_budget': 1}"
inference_effort,inference_recovery,educational_evolving_memory_toy,inference_budget,1,7962,0.0,1.0,22.369,1,"{'model_name': 'educational_evolving_memory_toy', 'state_dim': 32, 'seed': 7962, 'clutter_pairs': 4, 'noise_steps': 6, 'inference_budget': 1}"
inference_effort,inference_recovery,educational_evolving_memory_toy,inference_budget,1,15881,0.0,1.0,23.965,1,"{'model_name': 'educational_evolving_memory_toy', 'state_dim': 32, 'seed': 15881, 'clutter_pairs': 4, 'noise_steps': 6, 'inference_budget': 1}"
inference_effort,inference_recovery,educational_evolving_memory_toy,inference_budget,1,23800,0.0,1.0,23.746,1,"{'model_name': 'educational_evolving_memory_toy', 'state_dim': 32, 'seed': 23800, 'clutter_pairs': 4, 'noise_steps': 6, 'inference_budget': 1}"
inference_effort,inference_recovery,educational_evolving_memory_toy,inference_budget,1,31719,1.0,0.0,24.509,1,"{'model_name': 'educational_evolving_memory_toy', 'state_dim': 32, 'seed': 31719, 'clutter_pairs': 4, 'noise_steps': 6, 'inference_budget': 1}"
inference_effort,inference_recovery,educational_evolving_memory_toy,inference_budget,1,39638,0.0,1.0,23.943,1,"{'model_name': 'educational_evolving_memory_toy', 'state_dim': 32, 'seed': 39638, 'clutter_pairs': 4, 'noise_steps': 6, 'inference_budget': 1}"
inference_effort,inference_recovery,educational_evolving_memory_toy,inference_budget,1,47557,0.0,1.0,22.841,1,"{'model_name': 'educational_evolving_memory_toy', 'state_dim': 32, 'seed': 47557, 'clutter_pairs': 4, 'noise_steps': 6, 'inference_budget': 1}"
inference_effort,inference_recovery,educational_evolving_memory_toy,inference_budget,1,55476,0.0,1.0,24.616,1,"{'model_name': 'educational_evolving_memory_toy', 'state_dim': 32, 'seed': 55476, 'clutter_pairs': 4, 'noise_steps': 6, 'inference_budget': 1}"
inference_effort,inference_recovery,educational_evolving_memory_toy,inference_budget,1,63395,0.0,1.0,24.1,1,"{'model_name': 'educational_evolving_memory_toy', 'state_dim': 32, 'seed': 63395, 'clutter_pairs': 4, 'noise_steps': 6, 'inference_budget': 1}"
inference_effort,inference_recovery,educational_evolving_memory_toy,inference_budget,1,71314,0.0,1.0,22.139,1,"{'model_name': 'educational_evolving_memory_toy', 'state_dim': 32, 'seed': 71314, 'clutter_pairs': 4, 'noise_steps': 6, 'inference_budget': 1}"
inference_effort,inference_recovery,educational_evolving_memory_toy,inference_budget,1,79233,0.0,1.0,26.517,1,"{'model_name': 'educational_evolving_memory_toy', 'state_dim': 32, 'seed': 79233, 'clutter_pairs': 4, 'noise_steps': 6, 'inference_budget': 1}"
inference_effort,inference_recovery,educational_evolving_memory_toy,inference_budget,1,87152,0.0,1.0,20.025,1,"{'model_name': 'educational_evolving_memory_toy', 'state_dim': 32, 'seed': 87152, 'clutter_pairs': 4, 'noise_steps': 6, 'inference_budget': 1}"
inference_effort,inference_recovery,educational_evolving_memory_toy,inference_budget,1,95071,0.0,1.0,21.137,1,"{'model_name': 'educational_evolving_memory_toy', 'state_dim': 32, 'seed': 95071, 'clutter_pairs': 4, 'noise_steps': 6, 'inference_budget': 1}"
inference_effort,inference_recovery,educational_evolving_memory_toy,inference_budget,1,102990,1.0,0.0,20.53,1,"{'model_name': 'educational_evolving_memory_toy', 'state_dim': 32, 'seed': 102990, 'clutter_pairs': 4, 'noise_steps': 6, 'inference_budget': 1}"
inference_effort,inference_recovery,educational_evolving_memory_toy,inference_budget,1,110909,0.0,1.0,20.706,1,"{'model_name': 'educational_evolving_memory_toy', 'state_dim': 32, 'seed': 110909, 'clutter_pairs': 4, 'noise_steps': 6, 'inference_budget': 1}"
inference_effort,inference_recovery,educational_evolving_memory_toy,inference_budget,1,118828,0.0,1.0,22.96,1,"{'model_name': 'educational_evolving_memory_toy', 'state_dim': 32, 'seed': 118828, 'clutter_pairs': 4, 'noise_steps': 6, 'inference_budget': 1}"
inference_effort,inference_recovery,educational_evolving_memory_toy,inference_budget,1,126747,0.0,1.0,23.637,1,"{'model_name': 'educational_evolving_memory_toy', 'state_dim': 32, 'seed': 126747, 'clutter_pairs': 4, 'noise_steps': 6, 'inference_budget': 1}"
inference_effort,inference_recovery,educational_evolving_memory_toy,inference_budget,1,134666,0.0,1.0,23.48,1,"{'model_name': 'educational_evolving_memory_toy', 'state_dim': 32, 'seed': 134666, 'clutter_pairs': 4, 'noise_steps': 6, 'inference_budget': 1}"
inference_effort,inference_recovery,educational_evolving_memory_toy,inference_budget,1,142585,0.0,1.0,20.779,1,"{'model_name': 'educational_evolving_memory_toy', 'state_dim': 32, 'seed': 142585, 'clutter_pairs': 4, 'noise_steps': 6, 'inference_budget': 1}"
inference_effort,inference_recovery,educational_evolving_memory_toy,inference_budget,1,150504,0.0,1.0,22.412,1,"{'model_name': 'educational_evolving_memory_toy', 'state_dim': 32, 'seed': 150504, 'clutter_pairs': 4, 'noise_steps': 6, 'inference_budget': 1}"
inference_effort,inference_recovery,educational_evolving_memory_toy,inference_budget,1,158423,0.0,1.0,19.089,1,"{'model_name': 'educational_evolving_memory_toy', 'state_dim': 32, 'seed': 158423, 'clutter_pairs': 4, 'noise_steps': 6, 'inference_budget': 1}"
inference_effort,inference_recovery,educational_evolving_memory_toy,inference_budget,1,166342,1.0,0.0,26.596,1,"{'model_name': 'educational_evolving_memory_toy', 'state_dim': 32, 'seed': 166342, 'clutter_pairs': 4, 'noise_steps': 6, 'inference_budget': 1}"
inference_effort,inference_recovery,educational_evolving_memory_toy,inference_budget,1,174261,0.0,1.0,19.641,1,"{'model_name': 'educational_evolving_memory_toy', 'state_dim': 32, 'seed': 174261, 'clutter_pairs': 4, 'noise_steps': 6, 'inference_budget': 1}"
inference_effort,inference_recovery,educational_evolving_memory_toy,inference_budget,1,182180,0.0,1.0,17.717,1,"{'model_name': 'educational_evolving_memory_toy', 'state_dim': 32, 'seed': 182180, 'clutter_pairs': 4, 'noise_steps': 6, 'inference_budget': 1}"
inference_effort,inference_recovery,educational_evolving_memory_toy,inference_budget,1,190099,0.0,1.0,21.891,1,"{'model_name': 'educational_evolving_memory_toy', 'state_dim': 32, 'seed': 190099, 'clutter_pairs': 4, 'noise_steps': 6, 'inference_budget': 1}"
inference_effort,inference_recovery,educational_evolving_memory_toy,inference_budget,1,198018,0.0,1.0,20.134,1,"{'model_name': 'educational_evolving_memory_toy', 'state_dim': 32, 'seed': 198018, 'clutter_pairs': 4, 'noise_steps': 6, 'inference_budget': 1}"
inference_effort,inference_recovery,educational_evolving_memory_toy,inference_budget,1,205937,1.0,0.0,19.606,1,"{'model_name': 'educational_evolving_memory_toy', 'state_dim': 32, 'seed': 205937, 'clutter_pairs': 4, 'noise_steps': 6, 'inference_budget': 1}"
inference_effort,inference_recovery,educational_evolving_memory_toy,inference_budget,1,213856,0.0,1.0,24.36,1,"{'model_name': 'educational_evolving_memory_toy', 'state_dim': 32, 'seed': 213856, 'clutter_pairs': 4, 'noise_steps': 6, 'inference_budget': 1}"
inference_effort,inference_recovery,educational_evolving_memory_toy,inference_budget,1,221775,0.0,1.0,23.124,1,"{'model_name': 'educational_evolving_memory_toy', 'state_dim': 32, 'seed': 221775, 'clutter_pairs': 4, 'noise_steps': 6, 'inference_budget': 1}"
inference_effort,inference_recovery,educational_evolving_memory_toy,inference_budget,1,229694,0.0,1.0,21.918,1,"{'model_name': 'educational_evolving_memory_toy', 'state_dim': 32, 'seed': 229694, 'clutter_pairs': 4, 'noise_steps': 6, 'inference_budget': 1}"
inference_effort,inference_recovery,educational_evolving_memory_toy,inference_budget,2,44,1.0,0.0,23.569,2,"{'model_name': 'educational_evolving_memory_toy', 'state_dim': 32, 'seed': 44, 'clutter_pairs': 4, 'noise_steps': 6, 'inference_budget': 2}"
inference_effort,inference_recovery,educational_evolving_memory_toy,inference_budget,2,7963,0.0,1.0,20.443,2,"{'model_name': 'educational_evolving_memory_toy', 'state_dim': 32, 'seed': 7963, 'clutter_pairs': 4, 'noise_steps': 6, 'inference_budget': 2}"
inference_effort,inference_recovery,educational_evolving_memory_toy,inference_budget,2,15882,0.0,1.0,23.843,2,"{'model_name': 'educational_evolving_memory_toy', 'state_dim': 32, 'seed': 15882, 'clutter_pairs': 4, 'noise_steps': 6, 'inference_budget': 2}"
inference_effort,inference_recovery,educational_evolving_memory_toy,inference_budget,2,23801,0.0,1.0,20.932,2,"{'model_name': 'educational_evolving_memory_toy', 'state_dim': 32, 'seed': 23801, 'clutter_pairs': 4, 'noise_steps': 6, 'inference_budget': 2}"
inference_effort,inference_recovery,educational_evolving_memory_toy,inference_budget,2,31720,0.0,1.0,19.535,2,"{'model_name': 'educational_evolving_memory_toy', 'state_dim': 32, 'seed': 31720, 'clutter_pairs': 4, 'noise_steps': 6, 'inference_budget': 2}"
inference_effort,inference_recovery,educational_evolving_memory_toy,inference_budget,2,39639,0.0,1.0,22.805,2,"{'model_name': 'educational_evolving_memory_toy', 'state_dim': 32, 'seed': 39639, 'clutter_pairs': 4, 'noise_steps': 6, 'inference_budget': 2}"
inference_effort,inference_recovery,educational_evolving_memory_toy,inference_budget,2,47558,0.0,1.0,22.321,2,"{'model_name': 'educational_evolving_memory_toy', 'state_dim': 32, 'seed': 47558, 'clutter_pairs': 4, 'noise_steps': 6, 'inference_budget': 2}"
inference_effort,inference_recovery,educational_evolving_memory_toy,inference_budget,2,55477,0.0,1.0,20.153,2,"{'model_name': 'educational_evolving_memory_toy', 'state_dim': 32, 'seed': 55477, 'clutter_pairs': 4, 'noise_steps': 6, 'inference_budget': 2}"
inference_effort,inference_recovery,educational_evolving_memory_toy,inference_budget,2,63396,0.0,1.0,19.35,2,"{'model_name': 'educational_evolving_memory_toy', 'state_dim': 32, 'seed': 63396, 'clutter_pairs': 4, 'noise_steps': 6, 'inference_budget': 2}"
inference_effort,inference_recovery,educational_evolving_memory_toy,inference_budget,2,71315,0.0,1.0,21.919,2,"{'model_name': 'educational_evolving_memory_toy', 'state_dim': 32, 'seed': 71315, 'clutter_pairs': 4, 'noise_steps': 6, 'inference_budget': 2}"
inference_effort,inference_recovery,educational_evolving_memory_toy,inference_budget,2,79234,0.0,1.0,20.582,2,"{'model_name': 'educational_evolving_memory_toy', 'state_dim': 32, 'seed': 79234, 'clutter_pairs': 4, 'noise_steps': 6, 'inference_budget': 2}"
inference_effort,inference_recovery,educational_evolving_memory_toy,inference_budget,2,87153,1.0,0.0,21.261,2,"{'model_name': 'educational_evolving_memory_toy', 'state_dim': 32, 'seed': 87153, 'clutter_pairs': 4, 'noise_steps': 6, 'inference_budget': 2}"
inference_effort,inference_recovery,educational_evolving_memory_toy,inference_budget,2,95072,0.0,1.0,24.361,2,"{'model_name': 'educational_evolving_memory_toy', 'state_dim': 32, 'seed': 95072, 'clutter_pairs': 4, 'noise_steps': 6, 'inference_budget': 2}"
inference_effort,inference_recovery,educational_evolving_memory_toy,inference_budget,2,102991,0.0,1.0,22.539,2,"{'model_name': 'educational_evolving_memory_toy', 'state_dim': 32, 'seed': 102991, 'clutter_pairs': 4, 'noise_steps': 6, 'inference_budget': 2}"
inference_effort,inference_recovery,educational_evolving_memory_toy,inference_budget,2,110910,0.0,1.0,22.601,2,"{'model_name': 'educational_evolving_memory_toy', 'state_dim': 32, 'seed': 110910, 'clutter_pairs': 4, 'noise_steps': 6, 'inference_budget': 2}"
inference_effort,inference_recovery,educational_evolving_memory_toy,inference_budget,2,118829,0.0,1.0,23.977,2,"{'model_name': 'educational_evolving_memory_toy', 'state_dim': 32, 'seed': 118829, 'clutter_pairs': 4, 'noise_steps': 6, 'inference_budget': 2}"
inference_effort,inference_recovery,educational_evolving_memory_toy,inference_budget,2,126748,0.0,1.0,24.327,2,"{'model_name': 'educational_evolving_memory_toy', 'state_dim': 32, 'seed': 126748, 'clutter_pairs': 4, 'noise_steps': 6, 'inference_budget': 2}"
inference_effort,inference_recovery,educational_evolving_memory_toy,inference_budget,2,134667,0.0,1.0,23.635,2,"{'model_name': 'educational_evolving_memory_toy', 'state_dim': 32, 'seed': 134667, 'clutter_pairs': 4, 'noise_steps': 6, 'inference_budget': 2}"
inference_effort,inference_recovery,educational_evolving_memory_toy,inference_budget,2,142586,0.0,1.0,20.415,2,"{'model_name': 'educational_evolving_memory_toy', 'state_dim': 32, 'seed': 142586, 'clutter_pairs': 4, 'noise_steps': 6, 'inference_budget': 2}"
inference_effort,inference_recovery,educational_evolving_memory_toy,inference_budget,2,150505,0.0,1.0,22.831,2,"{'model_name': 'educational_evolving_memory_toy', 'state_dim': 32, 'seed': 150505, 'clutter_pairs': 4, 'noise_steps': 6, 'inference_budget': 2}"
inference_effort,inference_recovery,educational_evolving_memory_toy,inference_budget,2,158424,1.0,0.0,22.497,2,"{'model_name': 'educational_evolving_memory_toy', 'state_dim': 32, 'seed': 158424, 'clutter_pairs': 4, 'noise_steps': 6, 'inference_budget': 2}"
inference_effort,inference_recovery,educational_evolving_memory_toy,inference_budget,2,166343,0.0,1.0,20.656,2,"{'model_name': 'educational_evolving_memory_toy', 'state_dim': 32, 'seed': 166343, 'clutter_pairs': 4, 'noise_steps': 6, 'inference_budget': 2}"
inference_effort,inference_recovery,educational_evolving_memory_toy,inference_budget,2,174262,0.0,1.0,22.554,2,"{'model_name': 'educational_evolving_memory_toy', 'state_dim': 32, 'seed': 174262, 'clutter_pairs': 4, 'noise_steps': 6, 'inference_budget': 2}"
inference_effort,inference_recovery,educational_evolving_memory_toy,inference_budget,2,182181,0.0,1.0,21.92,2,"{'model_name': 'educational_evolving_memory_toy', 'state_dim': 32, 'seed': 182181, 'clutter_pairs': 4, 'noise_steps': 6, 'inference_budget': 2}"
inference_effort,inference_recovery,educational_evolving_memory_toy,inference_budget,2,190100,0.0,1.0,21.884,2,"{'model_name': 'educational_evolving_memory_toy', 'state_dim': 32, 'seed': 190100, 'clutter_pairs': 4, 'noise_steps': 6, 'inference_budget': 2}"
inference_effort,inference_recovery,educational_evolving_memory_toy,inference_budget,2,198019,0.0,1.0,21.059,2,"{'model_name': 'educational_evolving_memory_toy', 'state_dim': 32, 'seed': 198019, 'clutter_pairs': 4, 'noise_steps': 6, 'inference_budget': 2}"
inference_effort,inference_recovery,educational_evolving_memory_toy,inference_budget,2,205938,0.0,1.0,20.631,2,"{'model_name': 'educational_evolving_memory_toy', 'state_dim': 32, 'seed': 205938, 'clutter_pairs': 4, 'noise_steps': 6, 'inference_budget': 2}"
inference_effort,inference_recovery,educational_evolving_memory_toy,inference_budget,2,213857,1.0,0.0,21.485,2,"{'model_name': 'educational_evolving_memory_toy', 'state_dim': 32, 'seed': 213857, 'clutter_pairs': 4, 'noise_steps': 6, 'inference_budget': 2}"
inference_effort,inference_recovery,educational_evolving_memory_toy,inference_budget,2,221776,0.0,1.0,20.409,2,"{'model_name': 'educational_evolving_memory_toy', 'state_dim': 32, 'seed': 221776, 'clutter_pairs': 4, 'noise_steps': 6, 'inference_budget': 2}"
inference_effort,inference_recovery,educational_evolving_memory_toy,inference_budget,2,229695,0.0,1.0,22.196,2,"{'model_name': 'educational_evolving_memory_toy', 'state_dim': 32, 'seed': 229695, 'clutter_pairs': 4, 'noise_steps': 6, 'inference_budget': 2}"
inference_effort,inference_recovery,educational_evolving_memory_toy,inference_budget,3,45,0.0,1.0,23.297,3,"{'model_name': 'educational_evolving_memory_toy', 'state_dim': 32, 'seed': 45, 'clutter_pairs': 4, 'noise_steps': 6, 'inference_budget': 3}"
inference_effort,inference_recovery,educational_evolving_memory_toy,inference_budget,3,7964,0.0,1.0,24.427,3,"{'model_name': 'educational_evolving_memory_toy', 'state_dim': 32, 'seed': 7964, 'clutter_pairs': 4, 'noise_steps': 6, 'inference_budget': 3}"
inference_effort,inference_recovery,educational_evolving_memory_toy,inference_budget,3,15883,0.0,1.0,21.222,3,"{'model_name': 'educational_evolving_memory_toy', 'state_dim': 32, 'seed': 15883, 'clutter_pairs': 4, 'noise_steps': 6, 'inference_budget': 3}"
inference_effort,inference_recovery,educational_evolving_memory_toy,inference_budget,3,23802,0.0,1.0,18.982,3,"{'model_name': 'educational_evolving_memory_toy', 'state_dim': 32, 'seed': 23802, 'clutter_pairs': 4, 'noise_steps': 6, 'inference_budget': 3}"
inference_effort,inference_recovery,educational_evolving_memory_toy,inference_budget,3,31721,0.0,1.0,22.131,3,"{'model_name': 'educational_evolving_memory_toy', 'state_dim': 32, 'seed': 31721, 'clutter_pairs': 4, 'noise_steps': 6, 'inference_budget': 3}"
inference_effort,inference_recovery,educational_evolving_memory_toy,inference_budget,3,39640,0.0,1.0,20.851,3,"{'model_name': 'educational_evolving_memory_toy', 'state_dim': 32, 'seed': 39640, 'clutter_pairs': 4, 'noise_steps': 6, 'inference_budget': 3}"
inference_effort,inference_recovery,educational_evolving_memory_toy,inference_budget,3,47559,0.0,1.0,22.395,3,"{'model_name': 'educational_evolving_memory_toy', 'state_dim': 32, 'seed': 47559, 'clutter_pairs': 4, 'noise_steps': 6, 'inference_budget': 3}"
inference_effort,inference_recovery,educational_evolving_memory_toy,inference_budget,3,55478,0.0,1.0,19.735,3,"{'model_name': 'educational_evolving_memory_toy', 'state_dim': 32, 'seed': 55478, 'clutter_pairs': 4, 'noise_steps': 6, 'inference_budget': 3}"
inference_effort,inference_recovery,educational_evolving_memory_toy,inference_budget,3,63397,0.0,1.0,21.364,3,"{'model_name': 'educational_evolving_memory_toy', 'state_dim': 32, 'seed': 63397, 'clutter_pairs': 4, 'noise_steps': 6, 'inference_budget': 3}"
inference_effort,inference_recovery,educational_evolving_memory_toy,inference_budget,3,71316,0.0,1.0,19.636,3,"{'model_name': 'educational_evolving_memory_toy', 'state_dim': 32, 'seed': 71316, 'clutter_pairs': 4, 'noise_steps': 6, 'inference_budget': 3}"
inference_effort,inference_recovery,educational_evolving_memory_toy,inference_budget,3,79235,1.0,0.0,20.685,3,"{'model_name': 'educational_evolving_memory_toy', 'state_dim': 32, 'seed': 79235, 'clutter_pairs': 4, 'noise_steps': 6, 'inference_budget': 3}"
inference_effort,inference_recovery,educational_evolving_memory_toy,inference_budget,3,87154,0.0,1.0,22.451,3,"{'model_name': 'educational_evolving_memory_toy', 'state_dim': 32, 'seed': 87154, 'clutter_pairs': 4, 'noise_steps': 6, 'inference_budget': 3}"
inference_effort,inference_recovery,educational_evolving_memory_toy,inference_budget,3,95073,0.0,1.0,22.676,3,"{'model_name': 'educational_evolving_memory_toy', 'state_dim': 32, 'seed': 95073, 'clutter_pairs': 4, 'noise_steps': 6, 'inference_budget': 3}"
inference_effort,inference_recovery,educational_evolving_memory_toy,inference_budget,3,102992,0.0,1.0,23.875,3,"{'model_name': 'educational_evolving_memory_toy', 'state_dim': 32, 'seed': 102992, 'clutter_pairs': 4, 'noise_steps': 6, 'inference_budget': 3}"
inference_effort,inference_recovery,educational_evolving_memory_toy,inference_budget,3,110911,0.0,1.0,21.427,3,"{'model_name': 'educational_evolving_memory_toy', 'state_dim': 32, 'seed': 110911, 'clutter_pairs': 4, 'noise_steps': 6, 'inference_budget': 3}"
inference_effort,inference_recovery,educational_evolving_memory_toy,inference_budget,3,118830,0.0,1.0,20.306,3,"{'model_name': 'educational_evolving_memory_toy', 'state_dim': 32, 'seed': 118830, 'clutter_pairs': 4, 'noise_steps': 6, 'inference_budget': 3}"
inference_effort,inference_recovery,educational_evolving_memory_toy,inference_budget,3,126749,0.0,1.0,24.348,3,"{'model_name': 'educational_evolving_memory_toy', 'state_dim': 32, 'seed': 126749, 'clutter_pairs': 4, 'noise_steps': 6, 'inference_budget': 3}"
inference_effort,inference_recovery,educational_evolving_memory_toy,inference_budget,3,134668,0.0,1.0,22.253,3,"{'model_name': 'educational_evolving_memory_toy', 'state_dim': 32, 'seed': 134668, 'clutter_pairs': 4, 'noise_steps': 6, 'inference_budget': 3}"
inference_effort,inference_recovery,educational_evolving_memory_toy,inference_budget,3,142587,0.0,1.0,20.019,3,"{'model_name': 'educational_evolving_memory_toy', 'state_dim': 32, 'seed': 142587, 'clutter_pairs': 4, 'noise_steps': 6, 'inference_budget': 3}"
inference_effort,inference_recovery,educational_evolving_memory_toy,inference_budget,3,150506,0.0,1.0,21.872,3,"{'model_name': 'educational_evolving_memory_toy', 'state_dim': 32, 'seed': 150506, 'clutter_pairs': 4, 'noise_steps': 6, 'inference_budget': 3}"
inference_effort,inference_recovery,educational_evolving_memory_toy,inference_budget,3,158425,1.0,0.0,24.924,3,"{'model_name': 'educational_evolving_memory_toy', 'state_dim': 32, 'seed': 158425, 'clutter_pairs': 4, 'noise_steps': 6, 'inference_budget': 3}"
inference_effort,inference_recovery,educational_evolving_memory_toy,inference_budget,3,166344,0.0,1.0,22.171,3,"{'model_name': 'educational_evolving_memory_toy', 'state_dim': 32, 'seed': 166344, 'clutter_pairs': 4, 'noise_steps': 6, 'inference_budget': 3}"
inference_effort,inference_recovery,educational_evolving_memory_toy,inference_budget,3,174263,0.0,1.0,23.428,3,"{'model_name': 'educational_evolving_memory_toy', 'state_dim': 32, 'seed': 174263, 'clutter_pairs': 4, 'noise_steps': 6, 'inference_budget': 3}"
inference_effort,inference_recovery,educational_evolving_memory_toy,inference_budget,3,182182,0.0,1.0,27.864,3,"{'model_name': 'educational_evolving_memory_toy', 'state_dim': 32, 'seed': 182182, 'clutter_pairs': 4, 'noise_steps': 6, 'inference_budget': 3}"
inference_effort,inference_recovery,educational_evolving_memory_toy,inference_budget,3,190101,0.0,1.0,22.222,3,"{'model_name': 'educational_evolving_memory_toy', 'state_dim': 32, 'seed': 190101, 'clutter_pairs': 4, 'noise_steps': 6, 'inference_budget': 3}"
inference_effort,inference_recovery,educational_evolving_memory_toy,inference_budget,3,198020,1.0,0.0,23.578,3,"{'model_name': 'educational_evolving_memory_toy', 'state_dim': 32, 'seed': 198020, 'clutter_pairs': 4, 'noise_steps': 6, 'inference_budget': 3}"
inference_effort,inference_recovery,educational_evolving_memory_toy,inference_budget,3,205939,0.0,1.0,22.587,3,"{'model_name': 'educational_evolving_memory_toy', 'state_dim': 32, 'seed': 205939, 'clutter_pairs': 4, 'noise_steps': 6, 'inference_budget': 3}"
inference_effort,inference_recovery,educational_evolving_memory_toy,inference_budget,3,213858,0.0,1.0,24.149,3,"{'model_name': 'educational_evolving_memory_toy', 'state_dim': 32, 'seed': 213858, 'clutter_pairs': 4, 'noise_steps': 6, 'inference_budget': 3}"
inference_effort,inference_recovery,educational_evolving_memory_toy,inference_budget,3,221777,0.0,1.0,21.385,3,"{'model_name': 'educational_evolving_memory_toy', 'state_dim': 32, 'seed': 221777, 'clutter_pairs': 4, 'noise_steps': 6, 'inference_budget': 3}"
inference_effort,inference_recovery,educational_evolving_memory_toy,inference_budget,3,229696,0.0,1.0,21.968,3,"{'model_name': 'educational_evolving_memory_toy', 'state_dim': 32, 'seed': 229696, 'clutter_pairs': 4, 'noise_steps': 6, 'inference_budget': 3}"
inference_effort,inference_recovery,educational_evolving_memory_toy,inference_budget,4,46,0.0,1.0,24.884,4,"{'model_name': 'educational_evolving_memory_toy', 'state_dim': 32, 'seed': 46, 'clutter_pairs': 4, 'noise_steps': 6, 'inference_budget': 4}"
inference_effort,inference_recovery,educational_evolving_memory_toy,inference_budget,4,7965,0.0,1.0,21.906,4,"{'model_name': 'educational_evolving_memory_toy', 'state_dim': 32, 'seed': 7965, 'clutter_pairs': 4, 'noise_steps': 6, 'inference_budget': 4}"
inference_effort,inference_recovery,educational_evolving_memory_toy,inference_budget,4,15884,0.0,1.0,23.306,4,"{'model_name': 'educational_evolving_memory_toy', 'state_dim': 32, 'seed': 15884, 'clutter_pairs': 4, 'noise_steps': 6, 'inference_budget': 4}"
inference_effort,inference_recovery,educational_evolving_memory_toy,inference_budget,4,23803,0.0,1.0,24.521,4,"{'model_name': 'educational_evolving_memory_toy', 'state_dim': 32, 'seed': 23803, 'clutter_pairs': 4, 'noise_steps': 6, 'inference_budget': 4}"
inference_effort,inference_recovery,educational_evolving_memory_toy,inference_budget,4,31722,0.0,1.0,21.371,4,"{'model_name': 'educational_evolving_memory_toy', 'state_dim': 32, 'seed': 31722, 'clutter_pairs': 4, 'noise_steps': 6, 'inference_budget': 4}"
inference_effort,inference_recovery,educational_evolving_memory_toy,inference_budget,4,39641,1.0,0.0,22.645,4,"{'model_name': 'educational_evolving_memory_toy', 'state_dim': 32, 'seed': 39641, 'clutter_pairs': 4, 'noise_steps': 6, 'inference_budget': 4}"
inference_effort,inference_recovery,educational_evolving_memory_toy,inference_budget,4,47560,0.0,1.0,23.232,4,"{'model_name': 'educational_evolving_memory_toy', 'state_dim': 32, 'seed': 47560, 'clutter_pairs': 4, 'noise_steps': 6, 'inference_budget': 4}"
inference_effort,inference_recovery,educational_evolving_memory_toy,inference_budget,4,55479,0.0,1.0,24.564,4,"{'model_name': 'educational_evolving_memory_toy', 'state_dim': 32, 'seed': 55479, 'clutter_pairs': 4, 'noise_steps': 6, 'inference_budget': 4}"
inference_effort,inference_recovery,educational_evolving_memory_toy,inference_budget,4,63398,0.0,1.0,20.893,4,"{'model_name': 'educational_evolving_memory_toy', 'state_dim': 32, 'seed': 63398, 'clutter_pairs': 4, 'noise_steps': 6, 'inference_budget': 4}"
inference_effort,inference_recovery,educational_evolving_memory_toy,inference_budget,4,71317,0.0,1.0,24.646,4,"{'model_name': 'educational_evolving_memory_toy', 'state_dim': 32, 'seed': 71317, 'clutter_pairs': 4, 'noise_steps': 6, 'inference_budget': 4}"
inference_effort,inference_recovery,educational_evolving_memory_toy,inference_budget,4,79236,0.0,1.0,21.138,4,"{'model_name': 'educational_evolving_memory_toy', 'state_dim': 32, 'seed': 79236, 'clutter_pairs': 4, 'noise_steps': 6, 'inference_budget': 4}"
inference_effort,inference_recovery,educational_evolving_memory_toy,inference_budget,4,87155,1.0,0.0,19.32,4,"{'model_name': 'educational_evolving_memory_toy', 'state_dim': 32, 'seed': 87155, 'clutter_pairs': 4, 'noise_steps': 6, 'inference_budget': 4}"
inference_effort,inference_recovery,educational_evolving_memory_toy,inference_budget,4,95074,0.0,1.0,23.533,4,"{'model_name': 'educational_evolving_memory_toy', 'state_dim': 32, 'seed': 95074, 'clutter_pairs': 4, 'noise_steps': 6, 'inference_budget': 4}"
inference_effort,inference_recovery,educational_evolving_memory_toy,inference_budget,4,102993,0.0,1.0,22.839,4,"{'model_name': 'educational_evolving_memory_toy', 'state_dim': 32, 'seed': 102993, 'clutter_pairs': 4, 'noise_steps': 6, 'inference_budget': 4}"
inference_effort,inference_recovery,educational_evolving_memory_toy,inference_budget,4,110912,1.0,0.0,20.335,4,"{'model_name': 'educational_evolving_memory_toy', 'state_dim': 32, 'seed': 110912, 'clutter_pairs': 4, 'noise_steps': 6, 'inference_budget': 4}"
inference_effort,inference_recovery,educational_evolving_memory_toy,inference_budget,4,118831,1.0,0.0,23.331,4,"{'model_name': 'educational_evolving_memory_toy', 'state_dim': 32, 'seed': 118831, 'clutter_pairs': 4, 'noise_steps': 6, 'inference_budget': 4}"
inference_effort,inference_recovery,educational_evolving_memory_toy,inference_budget,4,126750,0.0,1.0,23.2,4,"{'model_name': 'educational_evolving_memory_toy', 'state_dim': 32, 'seed': 126750, 'clutter_pairs': 4, 'noise_steps': 6, 'inference_budget': 4}"
inference_effort,inference_recovery,educational_evolving_memory_toy,inference_budget,4,134669,0.0,1.0,19.74,4,"{'model_name': 'educational_evolving_memory_toy', 'state_dim': 32, 'seed': 134669, 'clutter_pairs': 4, 'noise_steps': 6, 'inference_budget': 4}"
inference_effort,inference_recovery,educational_evolving_memory_toy,inference_budget,4,142588,0.0,1.0,23.417,4,"{'model_name': 'educational_evolving_memory_toy', 'state_dim': 32, 'seed': 142588, 'clutter_pairs': 4, 'noise_steps': 6, 'inference_budget': 4}"
inference_effort,inference_recovery,educational_evolving_memory_toy,inference_budget,4,150507,0.0,1.0,24.858,4,"{'model_name': 'educational_evolving_memory_toy', 'state_dim': 32, 'seed': 150507, 'clutter_pairs': 4, 'noise_steps': 6, 'inference_budget': 4}"
inference_effort,inference_recovery,educational_evolving_memory_toy,inference_budget,4,158426,0.0,1.0,25.676,4,"{'model_name': 'educational_evolving_memory_toy', 'state_dim': 32, 'seed': 158426, 'clutter_pairs': 4, 'noise_steps': 6, 'inference_budget': 4}"
inference_effort,inference_recovery,educational_evolving_memory_toy,inference_budget,4,166345,0.0,1.0,25.348,4,"{'model_name': 'educational_evolving_memory_toy', 'state_dim': 32, 'seed': 166345, 'clutter_pairs': 4, 'noise_steps': 6, 'inference_budget': 4}"
inference_effort,inference_recovery,educational_evolving_memory_toy,inference_budget,4,174264,1.0,0.0,20.34,4,"{'model_name': 'educational_evolving_memory_toy', 'state_dim': 32, 'seed': 174264, 'clutter_pairs': 4, 'noise_steps': 6, 'inference_budget': 4}"
inference_effort,inference_recovery,educational_evolving_memory_toy,inference_budget,4,182183,0.0,1.0,27.539,4,"{'model_name': 'educational_evolving_memory_toy', 'state_dim': 32, 'seed': 182183, 'clutter_pairs': 4, 'noise_steps': 6, 'inference_budget': 4}"
inference_effort,inference_recovery,educational_evolving_memory_toy,inference_budget,4,190102,1.0,0.0,27.3,4,"{'model_name': 'educational_evolving_memory_toy', 'state_dim': 32, 'seed': 190102, 'clutter_pairs': 4, 'noise_steps': 6, 'inference_budget': 4}"
inference_effort,inference_recovery,educational_evolving_memory_toy,inference_budget,4,198021,1.0,0.0,26.57,4,"{'model_name': 'educational_evolving_memory_toy', 'state_dim': 32, 'seed': 198021, 'clutter_pairs': 4, 'noise_steps': 6, 'inference_budget': 4}"
inference_effort,inference_recovery,educational_evolving_memory_toy,inference_budget,4,205940,0.0,1.0,25.841,4,"{'model_name': 'educational_evolving_memory_toy', 'state_dim': 32, 'seed': 205940, 'clutter_pairs': 4, 'noise_steps': 6, 'inference_budget': 4}"
inference_effort,inference_recovery,educational_evolving_memory_toy,inference_budget,4,213859,0.0,1.0,23.512,4,"{'model_name': 'educational_evolving_memory_toy', 'state_dim': 32, 'seed': 213859, 'clutter_pairs': 4, 'noise_steps': 6, 'inference_budget': 4}"
inference_effort,inference_recovery,educational_evolving_memory_toy,inference_budget,4,221778,0.0,1.0,23.006,4,"{'model_name': 'educational_evolving_memory_toy', 'state_dim': 32, 'seed': 221778, 'clutter_pairs': 4, 'noise_steps': 6, 'inference_budget': 4}"
inference_effort,inference_recovery,educational_evolving_memory_toy,inference_budget,4,229697,0.0,1.0,24.535,4,"{'model_name': 'educational_evolving_memory_toy', 'state_dim': 32, 'seed': 229697, 'clutter_pairs': 4, 'noise_steps': 6, 'inference_budget': 4}"
inference_effort,inference_recovery,educational_evolving_memory_toy,inference_budget,6,48,1.0,0.0,27.837,6,"{'model_name': 'educational_evolving_memory_toy', 'state_dim': 32, 'seed': 48, 'clutter_pairs': 4, 'noise_steps': 6, 'inference_budget': 6}"
inference_effort,inference_recovery,educational_evolving_memory_toy,inference_budget,6,7967,0.0,1.0,28.367,6,"{'model_name': 'educational_evolving_memory_toy', 'state_dim': 32, 'seed': 7967, 'clutter_pairs': 4, 'noise_steps': 6, 'inference_budget': 6}"
inference_effort,inference_recovery,educational_evolving_memory_toy,inference_budget,6,15886,0.0,1.0,24.198,6,"{'model_name': 'educational_evolving_memory_toy', 'state_dim': 32, 'seed': 15886, 'clutter_pairs': 4, 'noise_steps': 6, 'inference_budget': 6}"
inference_effort,inference_recovery,educational_evolving_memory_toy,inference_budget,6,23805,0.0,1.0,27.428,6,"{'model_name': 'educational_evolving_memory_toy', 'state_dim': 32, 'seed': 23805, 'clutter_pairs': 4, 'noise_steps': 6, 'inference_budget': 6}"
inference_effort,inference_recovery,educational_evolving_memory_toy,inference_budget,6,31724,0.0,1.0,25.311,6,"{'model_name': 'educational_evolving_memory_toy', 'state_dim': 32, 'seed': 31724, 'clutter_pairs': 4, 'noise_steps': 6, 'inference_budget': 6}"
inference_effort,inference_recovery,educational_evolving_memory_toy,inference_budget,6,39643,1.0,0.0,24.604,6,"{'model_name': 'educational_evolving_memory_toy', 'state_dim': 32, 'seed': 39643, 'clutter_pairs': 4, 'noise_steps': 6, 'inference_budget': 6}"
inference_effort,inference_recovery,educational_evolving_memory_toy,inference_budget,6,47562,1.0,0.0,28.372,6,"{'model_name': 'educational_evolving_memory_toy', 'state_dim': 32, 'seed': 47562, 'clutter_pairs': 4, 'noise_steps': 6, 'inference_budget': 6}"
inference_effort,inference_recovery,educational_evolving_memory_toy,inference_budget,6,55481,0.0,1.0,22.174,6,"{'model_name': 'educational_evolving_memory_toy', 'state_dim': 32, 'seed': 55481, 'clutter_pairs': 4, 'noise_steps': 6, 'inference_budget': 6}"
inference_effort,inference_recovery,educational_evolving_memory_toy,inference_budget,6,63400,0.0,1.0,20.008,6,"{'model_name': 'educational_evolving_memory_toy', 'state_dim': 32, 'seed': 63400, 'clutter_pairs': 4, 'noise_steps': 6, 'inference_budget': 6}"
inference_effort,inference_recovery,educational_evolving_memory_toy,inference_budget,6,71319,0.0,1.0,20.07,6,"{'model_name': 'educational_evolving_memory_toy', 'state_dim': 32, 'seed': 71319, 'clutter_pairs': 4, 'noise_steps': 6, 'inference_budget': 6}"
inference_effort,inference_recovery,educational_evolving_memory_toy,inference_budget,6,79238,1.0,0.0,24.175,6,"{'model_name': 'educational_evolving_memory_toy', 'state_dim': 32, 'seed': 79238, 'clutter_pairs': 4, 'noise_steps': 6, 'inference_budget': 6}"
inference_effort,inference_recovery,educational_evolving_memory_toy,inference_budget,6,87157,0.0,1.0,22.088,6,"{'model_name': 'educational_evolving_memory_toy', 'state_dim': 32, 'seed': 87157, 'clutter_pairs': 4, 'noise_steps': 6, 'inference_budget': 6}"
inference_effort,inference_recovery,educational_evolving_memory_toy,inference_budget,6,95076,0.0,1.0,22.61,6,"{'model_name': 'educational_evolving_memory_toy', 'state_dim': 32, 'seed': 95076, 'clutter_pairs': 4, 'noise_steps': 6, 'inference_budget': 6}"
inference_effort,inference_recovery,educational_evolving_memory_toy,inference_budget,6,102995,0.0,1.0,25.277,6,"{'model_name': 'educational_evolving_memory_toy', 'state_dim': 32, 'seed': 102995, 'clutter_pairs': 4, 'noise_steps': 6, 'inference_budget': 6}"
inference_effort,inference_recovery,educational_evolving_memory_toy,inference_budget,6,110914,0.0,1.0,23.54,6,"{'model_name': 'educational_evolving_memory_toy', 'state_dim': 32, 'seed': 110914, 'clutter_pairs': 4, 'noise_steps': 6, 'inference_budget': 6}"
inference_effort,inference_recovery,educational_evolving_memory_toy,inference_budget,6,118833,0.0,1.0,25.984,6,"{'model_name': 'educational_evolving_memory_toy', 'state_dim': 32, 'seed': 118833, 'clutter_pairs': 4, 'noise_steps': 6, 'inference_budget': 6}"
inference_effort,inference_recovery,educational_evolving_memory_toy,inference_budget,6,126752,0.0,1.0,22.571,6,"{'model_name': 'educational_evolving_memory_toy', 'state_dim': 32, 'seed': 126752, 'clutter_pairs': 4, 'noise_steps': 6, 'inference_budget': 6}"
inference_effort,inference_recovery,educational_evolving_memory_toy,inference_budget,6,134671,0.0,1.0,24.339,6,"{'model_name': 'educational_evolving_memory_toy', 'state_dim': 32, 'seed': 134671, 'clutter_pairs': 4, 'noise_steps': 6, 'inference_budget': 6}"
inference_effort,inference_recovery,educational_evolving_memory_toy,inference_budget,6,142590,0.0,1.0,23.178,6,"{'model_name': 'educational_evolving_memory_toy', 'state_dim': 32, 'seed': 142590, 'clutter_pairs': 4, 'noise_steps': 6, 'inference_budget': 6}"
inference_effort,inference_recovery,educational_evolving_memory_toy,inference_budget,6,150509,0.0,1.0,23.184,6,"{'model_name': 'educational_evolving_memory_toy', 'state_dim': 32, 'seed': 150509, 'clutter_pairs': 4, 'noise_steps': 6, 'inference_budget': 6}"
inference_effort,inference_recovery,educational_evolving_memory_toy,inference_budget,6,158428,0.0,1.0,23.199,6,"{'model_name': 'educational_evolving_memory_toy', 'state_dim': 32, 'seed': 158428, 'clutter_pairs': 4, 'noise_steps': 6, 'inference_budget': 6}"
inference_effort,inference_recovery,educational_evolving_memory_toy,inference_budget,6,166347,0.0,1.0,26.963,6,"{'model_name': 'educational_evolving_memory_toy', 'state_dim': 32, 'seed': 166347, 'clutter_pairs': 4, 'noise_steps': 6, 'inference_budget': 6}"
inference_effort,inference_recovery,educational_evolving_memory_toy,inference_budget,6,174266,0.0,1.0,25.381,6,"{'model_name': 'educational_evolving_memory_toy', 'state_dim': 32, 'seed': 174266, 'clutter_pairs': 4, 'noise_steps': 6, 'inference_budget': 6}"
inference_effort,inference_recovery,educational_evolving_memory_toy,inference_budget,6,182185,0.0,1.0,23.003,6,"{'model_name': 'educational_evolving_memory_toy', 'state_dim': 32, 'seed': 182185, 'clutter_pairs': 4, 'noise_steps': 6, 'inference_budget': 6}"
inference_effort,inference_recovery,educational_evolving_memory_toy,inference_budget,6,190104,1.0,0.0,22.234,6,"{'model_name': 'educational_evolving_memory_toy', 'state_dim': 32, 'seed': 190104, 'clutter_pairs': 4, 'noise_steps': 6, 'inference_budget': 6}"
inference_effort,inference_recovery,educational_evolving_memory_toy,inference_budget,6,198023,0.0,1.0,22.497,6,"{'model_name': 'educational_evolving_memory_toy', 'state_dim': 32, 'seed': 198023, 'clutter_pairs': 4, 'noise_steps': 6, 'inference_budget': 6}"
inference_effort,inference_recovery,educational_evolving_memory_toy,inference_budget,6,205942,0.0,1.0,24.096,6,"{'model_name': 'educational_evolving_memory_toy', 'state_dim': 32, 'seed': 205942, 'clutter_pairs': 4, 'noise_steps': 6, 'inference_budget': 6}"
inference_effort,inference_recovery,educational_evolving_memory_toy,inference_budget,6,213861,1.0,0.0,23.08,6,"{'model_name': 'educational_evolving_memory_toy', 'state_dim': 32, 'seed': 213861, 'clutter_pairs': 4, 'noise_steps': 6, 'inference_budget': 6}"
inference_effort,inference_recovery,educational_evolving_memory_toy,inference_budget,6,221780,0.0,1.0,24.411,6,"{'model_name': 'educational_evolving_memory_toy', 'state_dim': 32, 'seed': 221780, 'clutter_pairs': 4, 'noise_steps': 6, 'inference_budget': 6}"
inference_effort,inference_recovery,educational_evolving_memory_toy,inference_budget,6,229699,0.0,1.0,26.19,6,"{'model_name': 'educational_evolving_memory_toy', 'state_dim': 32, 'seed': 229699, 'clutter_pairs': 4, 'noise_steps': 6, 'inference_budget': 6}"
inference_effort,inference_recovery,educational_evolving_memory_toy,inference_budget,8,50,0.0,1.0,23.646,8,"{'model_name': 'educational_evolving_memory_toy', 'state_dim': 32, 'seed': 50, 'clutter_pairs': 4, 'noise_steps': 6, 'inference_budget': 8}"
inference_effort,inference_recovery,educational_evolving_memory_toy,inference_budget,8,7969,0.0,1.0,26.329,8,"{'model_name': 'educational_evolving_memory_toy', 'state_dim': 32, 'seed': 7969, 'clutter_pairs': 4, 'noise_steps': 6, 'inference_budget': 8}"
inference_effort,inference_recovery,educational_evolving_memory_toy,inference_budget,8,15888,0.0,1.0,25.042,8,"{'model_name': 'educational_evolving_memory_toy', 'state_dim': 32, 'seed': 15888, 'clutter_pairs': 4, 'noise_steps': 6, 'inference_budget': 8}"
inference_effort,inference_recovery,educational_evolving_memory_toy,inference_budget,8,23807,1.0,0.0,25.446,8,"{'model_name': 'educational_evolving_memory_toy', 'state_dim': 32, 'seed': 23807, 'clutter_pairs': 4, 'noise_steps': 6, 'inference_budget': 8}"
inference_effort,inference_recovery,educational_evolving_memory_toy,inference_budget,8,31726,0.0,1.0,23.115,8,"{'model_name': 'educational_evolving_memory_toy', 'state_dim': 32, 'seed': 31726, 'clutter_pairs': 4, 'noise_steps': 6, 'inference_budget': 8}"
inference_effort,inference_recovery,educational_evolving_memory_toy,inference_budget,8,39645,0.0,1.0,24.173,8,"{'model_name': 'educational_evolving_memory_toy', 'state_dim': 32, 'seed': 39645, 'clutter_pairs': 4, 'noise_steps': 6, 'inference_budget': 8}"
inference_effort,inference_recovery,educational_evolving_memory_toy,inference_budget,8,47564,0.0,1.0,22.816,8,"{'model_name': 'educational_evolving_memory_toy', 'state_dim': 32, 'seed': 47564, 'clutter_pairs': 4, 'noise_steps': 6, 'inference_budget': 8}"
inference_effort,inference_recovery,educational_evolving_memory_toy,inference_budget,8,55483,0.0,1.0,24.995,8,"{'model_name': 'educational_evolving_memory_toy', 'state_dim': 32, 'seed': 55483, 'clutter_pairs': 4, 'noise_steps': 6, 'inference_budget': 8}"
inference_effort,inference_recovery,educational_evolving_memory_toy,inference_budget,8,63402,0.0,1.0,24.379,8,"{'model_name': 'educational_evolving_memory_toy', 'state_dim': 32, 'seed': 63402, 'clutter_pairs': 4, 'noise_steps': 6, 'inference_budget': 8}"
inference_effort,inference_recovery,educational_evolving_memory_toy,inference_budget,8,71321,0.0,1.0,24.662,8,"{'model_name': 'educational_evolving_memory_toy', 'state_dim': 32, 'seed': 71321, 'clutter_pairs': 4, 'noise_steps': 6, 'inference_budget': 8}"
inference_effort,inference_recovery,educational_evolving_memory_toy,inference_budget,8,79240,0.0,1.0,25.703,8,"{'model_name': 'educational_evolving_memory_toy', 'state_dim': 32, 'seed': 79240, 'clutter_pairs': 4, 'noise_steps': 6, 'inference_budget': 8}"
inference_effort,inference_recovery,educational_evolving_memory_toy,inference_budget,8,87159,0.0,1.0,25.548,8,"{'model_name': 'educational_evolving_memory_toy', 'state_dim': 32, 'seed': 87159, 'clutter_pairs': 4, 'noise_steps': 6, 'inference_budget': 8}"
inference_effort,inference_recovery,educational_evolving_memory_toy,inference_budget,8,95078,0.0,1.0,26.149,8,"{'model_name': 'educational_evolving_memory_toy', 'state_dim': 32, 'seed': 95078, 'clutter_pairs': 4, 'noise_steps': 6, 'inference_budget': 8}"
inference_effort,inference_recovery,educational_evolving_memory_toy,inference_budget,8,102997,1.0,0.0,25.033,8,"{'model_name': 'educational_evolving_memory_toy', 'state_dim': 32, 'seed': 102997, 'clutter_pairs': 4, 'noise_steps': 6, 'inference_budget': 8}"
inference_effort,inference_recovery,educational_evolving_memory_toy,inference_budget,8,110916,0.0,1.0,25.4,8,"{'model_name': 'educational_evolving_memory_toy', 'state_dim': 32, 'seed': 110916, 'clutter_pairs': 4, 'noise_steps': 6, 'inference_budget': 8}"
inference_effort,inference_recovery,educational_evolving_memory_toy,inference_budget,8,118835,0.0,1.0,29.887,8,"{'model_name': 'educational_evolving_memory_toy', 'state_dim': 32, 'seed': 118835, 'clutter_pairs': 4, 'noise_steps': 6, 'inference_budget': 8}"
inference_effort,inference_recovery,educational_evolving_memory_toy,inference_budget,8,126754,0.0,1.0,27.5,8,"{'model_name': 'educational_evolving_memory_toy', 'state_dim': 32, 'seed': 126754, 'clutter_pairs': 4, 'noise_steps': 6, 'inference_budget': 8}"
inference_effort,inference_recovery,educational_evolving_memory_toy,inference_budget,8,134673,0.0,1.0,23.486,8,"{'model_name': 'educational_evolving_memory_toy', 'state_dim': 32, 'seed': 134673, 'clutter_pairs': 4, 'noise_steps': 6, 'inference_budget': 8}"
inference_effort,inference_recovery,educational_evolving_memory_toy,inference_budget,8,142592,0.0,1.0,25.72,8,"{'model_name': 'educational_evolving_memory_toy', 'state_dim': 32, 'seed': 142592, 'clutter_pairs': 4, 'noise_steps': 6, 'inference_budget': 8}"
inference_effort,inference_recovery,educational_evolving_memory_toy,inference_budget,8,150511,0.0,1.0,25.272,8,"{'model_name': 'educational_evolving_memory_toy', 'state_dim': 32, 'seed': 150511, 'clutter_pairs': 4, 'noise_steps': 6, 'inference_budget': 8}"
inference_effort,inference_recovery,educational_evolving_memory_toy,inference_budget,8,158430,1.0,0.0,24.837,8,"{'model_name': 'educational_evolving_memory_toy', 'state_dim': 32, 'seed': 158430, 'clutter_pairs': 4, 'noise_steps': 6, 'inference_budget': 8}"
inference_effort,inference_recovery,educational_evolving_memory_toy,inference_budget,8,166349,0.0,1.0,25.361,8,"{'model_name': 'educational_evolving_memory_toy', 'state_dim': 32, 'seed': 166349, 'clutter_pairs': 4, 'noise_steps': 6, 'inference_budget': 8}"
inference_effort,inference_recovery,educational_evolving_memory_toy,inference_budget,8,174268,0.0,1.0,24.561,8,"{'model_name': 'educational_evolving_memory_toy', 'state_dim': 32, 'seed': 174268, 'clutter_pairs': 4, 'noise_steps': 6, 'inference_budget': 8}"
inference_effort,inference_recovery,educational_evolving_memory_toy,inference_budget,8,182187,0.0,1.0,26.077,8,"{'model_name': 'educational_evolving_memory_toy', 'state_dim': 32, 'seed': 182187, 'clutter_pairs': 4, 'noise_steps': 6, 'inference_budget': 8}"
inference_effort,inference_recovery,educational_evolving_memory_toy,inference_budget,8,190106,0.0,1.0,25.806,8,"{'model_name': 'educational_evolving_memory_toy', 'state_dim': 32, 'seed': 190106, 'clutter_pairs': 4, 'noise_steps': 6, 'inference_budget': 8}"
inference_effort,inference_recovery,educational_evolving_memory_toy,inference_budget,8,198025,0.0,1.0,26.797,8,"{'model_name': 'educational_evolving_memory_toy', 'state_dim': 32, 'seed': 198025, 'clutter_pairs': 4, 'noise_steps': 6, 'inference_budget': 8}"
inference_effort,inference_recovery,educational_evolving_memory_toy,inference_budget,8,205944,0.0,1.0,23.125,8,"{'model_name': 'educational_evolving_memory_toy', 'state_dim': 32, 'seed': 205944, 'clutter_pairs': 4, 'noise_steps': 6, 'inference_budget': 8}"
inference_effort,inference_recovery,educational_evolving_memory_toy,inference_budget,8,213863,0.0,1.0,23.615,8,"{'model_name': 'educational_evolving_memory_toy', 'state_dim': 32, 'seed': 213863, 'clutter_pairs': 4, 'noise_steps': 6, 'inference_budget': 8}"
inference_effort,inference_recovery,educational_evolving_memory_toy,inference_budget,8,221782,0.0,1.0,30.486,8,"{'model_name': 'educational_evolving_memory_toy', 'state_dim': 32, 'seed': 221782, 'clutter_pairs': 4, 'noise_steps': 6, 'inference_budget': 8}"
inference_effort,inference_recovery,educational_evolving_memory_toy,inference_budget,8,229701,0.0,1.0,25.132,8,"{'model_name': 'educational_evolving_memory_toy', 'state_dim': 32, 'seed': 229701, 'clutter_pairs': 4, 'noise_steps': 6, 'inference_budget': 8}"
inference_effort,inference_recovery,educational_evolving_memory_toy,inference_budget,12,54,0.0,1.0,28.809,12,"{'model_name': 'educational_evolving_memory_toy', 'state_dim': 32, 'seed': 54, 'clutter_pairs': 4, 'noise_steps': 6, 'inference_budget': 12}"
inference_effort,inference_recovery,educational_evolving_memory_toy,inference_budget,12,7973,0.0,1.0,28.093,12,"{'model_name': 'educational_evolving_memory_toy', 'state_dim': 32, 'seed': 7973, 'clutter_pairs': 4, 'noise_steps': 6, 'inference_budget': 12}"
inference_effort,inference_recovery,educational_evolving_memory_toy,inference_budget,12,15892,0.0,1.0,29.045,12,"{'model_name': 'educational_evolving_memory_toy', 'state_dim': 32, 'seed': 15892, 'clutter_pairs': 4, 'noise_steps': 6, 'inference_budget': 12}"
inference_effort,inference_recovery,educational_evolving_memory_toy,inference_budget,12,23811,0.0,1.0,29.593,12,"{'model_name': 'educational_evolving_memory_toy', 'state_dim': 32, 'seed': 23811, 'clutter_pairs': 4, 'noise_steps': 6, 'inference_budget': 12}"
inference_effort,inference_recovery,educational_evolving_memory_toy,inference_budget,12,31730,0.0,1.0,31.47,12,"{'model_name': 'educational_evolving_memory_toy', 'state_dim': 32, 'seed': 31730, 'clutter_pairs': 4, 'noise_steps': 6, 'inference_budget': 12}"
inference_effort,inference_recovery,educational_evolving_memory_toy,inference_budget,12,39649,1.0,0.0,27.168,12,"{'model_name': 'educational_evolving_memory_toy', 'state_dim': 32, 'seed': 39649, 'clutter_pairs': 4, 'noise_steps': 6, 'inference_budget': 12}"
inference_effort,inference_recovery,educational_evolving_memory_toy,inference_budget,12,47568,0.0,1.0,27.11,12,"{'model_name': 'educational_evolving_memory_toy', 'state_dim': 32, 'seed': 47568, 'clutter_pairs': 4, 'noise_steps': 6, 'inference_budget': 12}"
inference_effort,inference_recovery,educational_evolving_memory_toy,inference_budget,12,55487,0.0,1.0,24.584,12,"{'model_name': 'educational_evolving_memory_toy', 'state_dim': 32, 'seed': 55487, 'clutter_pairs': 4, 'noise_steps': 6, 'inference_budget': 12}"
inference_effort,inference_recovery,educational_evolving_memory_toy,inference_budget,12,63406,0.0,1.0,31.235,12,"{'model_name': 'educational_evolving_memory_toy', 'state_dim': 32, 'seed': 63406, 'clutter_pairs': 4, 'noise_steps': 6, 'inference_budget': 12}"
inference_effort,inference_recovery,educational_evolving_memory_toy,inference_budget,12,71325,0.0,1.0,27.864,12,"{'model_name': 'educational_evolving_memory_toy', 'state_dim': 32, 'seed': 71325, 'clutter_pairs': 4, 'noise_steps': 6, 'inference_budget': 12}"
inference_effort,inference_recovery,educational_evolving_memory_toy,inference_budget,12,79244,0.0,1.0,27.596,12,"{'model_name': 'educational_evolving_memory_toy', 'state_dim': 32, 'seed': 79244, 'clutter_pairs': 4, 'noise_steps': 6, 'inference_budget': 12}"
inference_effort,inference_recovery,educational_evolving_memory_toy,inference_budget,12,87163,0.0,1.0,27.869,12,"{'model_name': 'educational_evolving_memory_toy', 'state_dim': 32, 'seed': 87163, 'clutter_pairs': 4, 'noise_steps': 6, 'inference_budget': 12}"
inference_effort,inference_recovery,educational_evolving_memory_toy,inference_budget,12,95082,0.0,1.0,26.366,12,"{'model_name': 'educational_evolving_memory_toy', 'state_dim': 32, 'seed': 95082, 'clutter_pairs': 4, 'noise_steps': 6, 'inference_budget': 12}"
inference_effort,inference_recovery,educational_evolving_memory_toy,inference_budget,12,103001,1.0,0.0,27.396,12,"{'model_name': 'educational_evolving_memory_toy', 'state_dim': 32, 'seed': 103001, 'clutter_pairs': 4, 'noise_steps': 6, 'inference_budget': 12}"
inference_effort,inference_recovery,educational_evolving_memory_toy,inference_budget,12,110920,1.0,0.0,26.994,12,"{'model_name': 'educational_evolving_memory_toy', 'state_dim': 32, 'seed': 110920, 'clutter_pairs': 4, 'noise_steps': 6, 'inference_budget': 12}"
inference_effort,inference_recovery,educational_evolving_memory_toy,inference_budget,12,118839,0.0,1.0,25.506,12,"{'model_name': 'educational_evolving_memory_toy', 'state_dim': 32, 'seed': 118839, 'clutter_pairs': 4, 'noise_steps': 6, 'inference_budget': 12}"
inference_effort,inference_recovery,educational_evolving_memory_toy,inference_budget,12,126758,0.0,1.0,27.86,12,"{'model_name': 'educational_evolving_memory_toy', 'state_dim': 32, 'seed': 126758, 'clutter_pairs': 4, 'noise_steps': 6, 'inference_budget': 12}"
inference_effort,inference_recovery,educational_evolving_memory_toy,inference_budget,12,134677,0.0,1.0,31.356,12,"{'model_name': 'educational_evolving_memory_toy', 'state_dim': 32, 'seed': 134677, 'clutter_pairs': 4, 'noise_steps': 6, 'inference_budget': 12}"
inference_effort,inference_recovery,educational_evolving_memory_toy,inference_budget,12,142596,0.0,1.0,29.547,12,"{'model_name': 'educational_evolving_memory_toy', 'state_dim': 32, 'seed': 142596, 'clutter_pairs': 4, 'noise_steps': 6, 'inference_budget': 12}"
inference_effort,inference_recovery,educational_evolving_memory_toy,inference_budget,12,150515,0.0,1.0,23.628,12,"{'model_name': 'educational_evolving_memory_toy', 'state_dim': 32, 'seed': 150515, 'clutter_pairs': 4, 'noise_steps': 6, 'inference_budget': 12}"
inference_effort,inference_recovery,educational_evolving_memory_toy,inference_budget,12,158434,0.0,1.0,26.738,12,"{'model_name': 'educational_evolving_memory_toy', 'state_dim': 32, 'seed': 158434, 'clutter_pairs': 4, 'noise_steps': 6, 'inference_budget': 12}"
inference_effort,inference_recovery,educational_evolving_memory_toy,inference_budget,12,166353,1.0,0.0,31.397,12,"{'model_name': 'educational_evolving_memory_toy', 'state_dim': 32, 'seed': 166353, 'clutter_pairs': 4, 'noise_steps': 6, 'inference_budget': 12}"
inference_effort,inference_recovery,educational_evolving_memory_toy,inference_budget,12,174272,0.0,1.0,29.844,12,"{'model_name': 'educational_evolving_memory_toy', 'state_dim': 32, 'seed': 174272, 'clutter_pairs': 4, 'noise_steps': 6, 'inference_budget': 12}"
inference_effort,inference_recovery,educational_evolving_memory_toy,inference_budget,12,182191,0.0,1.0,31.638,12,"{'model_name': 'educational_evolving_memory_toy', 'state_dim': 32, 'seed': 182191, 'clutter_pairs': 4, 'noise_steps': 6, 'inference_budget': 12}"
inference_effort,inference_recovery,educational_evolving_memory_toy,inference_budget,12,190110,0.0,1.0,25.776,12,"{'model_name': 'educational_evolving_memory_toy', 'state_dim': 32, 'seed': 190110, 'clutter_pairs': 4, 'noise_steps': 6, 'inference_budget': 12}"
inference_effort,inference_recovery,educational_evolving_memory_toy,inference_budget,12,198029,0.0,1.0,28.742,12,"{'model_name': 'educational_evolving_memory_toy', 'state_dim': 32, 'seed': 198029, 'clutter_pairs': 4, 'noise_steps': 6, 'inference_budget': 12}"
inference_effort,inference_recovery,educational_evolving_memory_toy,inference_budget,12,205948,0.0,1.0,30.33,12,"{'model_name': 'educational_evolving_memory_toy', 'state_dim': 32, 'seed': 205948, 'clutter_pairs': 4, 'noise_steps': 6, 'inference_budget': 12}"
inference_effort,inference_recovery,educational_evolving_memory_toy,inference_budget,12,213867,0.0,1.0,27.127,12,"{'model_name': 'educational_evolving_memory_toy', 'state_dim': 32, 'seed': 213867, 'clutter_pairs': 4, 'noise_steps': 6, 'inference_budget': 12}"
inference_effort,inference_recovery,educational_evolving_memory_toy,inference_budget,12,221786,1.0,0.0,29.43,12,"{'model_name': 'educational_evolving_memory_toy', 'state_dim': 32, 'seed': 221786, 'clutter_pairs': 4, 'noise_steps': 6, 'inference_budget': 12}"
inference_effort,inference_recovery,educational_evolving_memory_toy,inference_budget,12,229705,0.0,1.0,28.364,12,"{'model_name': 'educational_evolving_memory_toy', 'state_dim': 32, 'seed': 229705, 'clutter_pairs': 4, 'noise_steps': 6, 'inference_budget': 12}"
inference_effort,inference_recovery,educational_evolving_memory_toy,inference_budget,16,58,1.0,0.0,33.444,16,"{'model_name': 'educational_evolving_memory_toy', 'state_dim': 32, 'seed': 58, 'clutter_pairs': 4, 'noise_steps': 6, 'inference_budget': 16}"
inference_effort,inference_recovery,educational_evolving_memory_toy,inference_budget,16,7977,0.0,1.0,31.855,16,"{'model_name': 'educational_evolving_memory_toy', 'state_dim': 32, 'seed': 7977, 'clutter_pairs': 4, 'noise_steps': 6, 'inference_budget': 16}"
inference_effort,inference_recovery,educational_evolving_memory_toy,inference_budget,16,15896,1.0,0.0,33.924,16,"{'model_name': 'educational_evolving_memory_toy', 'state_dim': 32, 'seed': 15896, 'clutter_pairs': 4, 'noise_steps': 6, 'inference_budget': 16}"
inference_effort,inference_recovery,educational_evolving_memory_toy,inference_budget,16,23815,0.0,1.0,30.653,16,"{'model_name': 'educational_evolving_memory_toy', 'state_dim': 32, 'seed': 23815, 'clutter_pairs': 4, 'noise_steps': 6, 'inference_budget': 16}"
inference_effort,inference_recovery,educational_evolving_memory_toy,inference_budget,16,31734,0.0,1.0,32.597,16,"{'model_name': 'educational_evolving_memory_toy', 'state_dim': 32, 'seed': 31734, 'clutter_pairs': 4, 'noise_steps': 6, 'inference_budget': 16}"
inference_effort,inference_recovery,educational_evolving_memory_toy,inference_budget,16,39653,0.0,1.0,30.196,16,"{'model_name': 'educational_evolving_memory_toy', 'state_dim': 32, 'seed': 39653, 'clutter_pairs': 4, 'noise_steps': 6, 'inference_budget': 16}"
inference_effort,inference_recovery,educational_evolving_memory_toy,inference_budget,16,47572,0.0,1.0,30.178,16,"{'model_name': 'educational_evolving_memory_toy', 'state_dim': 32, 'seed': 47572, 'clutter_pairs': 4, 'noise_steps': 6, 'inference_budget': 16}"
inference_effort,inference_recovery,educational_evolving_memory_toy,inference_budget,16,55491,0.0,1.0,28.625,16,"{'model_name': 'educational_evolving_memory_toy', 'state_dim': 32, 'seed': 55491, 'clutter_pairs': 4, 'noise_steps': 6, 'inference_budget': 16}"
inference_effort,inference_recovery,educational_evolving_memory_toy,inference_budget,16,63410,1.0,0.0,27.964,16,"{'model_name': 'educational_evolving_memory_toy', 'state_dim': 32, 'seed': 63410, 'clutter_pairs': 4, 'noise_steps': 6, 'inference_budget': 16}"
inference_effort,inference_recovery,educational_evolving_memory_toy,inference_budget,16,71329,0.0,1.0,29.881,16,"{'model_name': 'educational_evolving_memory_toy', 'state_dim': 32, 'seed': 71329, 'clutter_pairs': 4, 'noise_steps': 6, 'inference_budget': 16}"
inference_effort,inference_recovery,educational_evolving_memory_toy,inference_budget,16,79248,0.0,1.0,29.336,16,"{'model_name': 'educational_evolving_memory_toy', 'state_dim': 32, 'seed': 79248, 'clutter_pairs': 4, 'noise_steps': 6, 'inference_budget': 16}"
inference_effort,inference_recovery,educational_evolving_memory_toy,inference_budget,16,87167,0.0,1.0,30.676,16,"{'model_name': 'educational_evolving_memory_toy', 'state_dim': 32, 'seed': 87167, 'clutter_pairs': 4, 'noise_steps': 6, 'inference_budget': 16}"
inference_effort,inference_recovery,educational_evolving_memory_toy,inference_budget,16,95086,0.0,1.0,29.384,16,"{'model_name': 'educational_evolving_memory_toy', 'state_dim': 32, 'seed': 95086, 'clutter_pairs': 4, 'noise_steps': 6, 'inference_budget': 16}"
inference_effort,inference_recovery,educational_evolving_memory_toy,inference_budget,16,103005,0.0,1.0,25.211,16,"{'model_name': 'educational_evolving_memory_toy', 'state_dim': 32, 'seed': 103005, 'clutter_pairs': 4, 'noise_steps': 6, 'inference_budget': 16}"
inference_effort,inference_recovery,educational_evolving_memory_toy,inference_budget,16,110924,0.0,1.0,31.047,16,"{'model_name': 'educational_evolving_memory_toy', 'state_dim': 32, 'seed': 110924, 'clutter_pairs': 4, 'noise_steps': 6, 'inference_budget': 16}"
inference_effort,inference_recovery,educational_evolving_memory_toy,inference_budget,16,118843,0.0,1.0,29.435,16,"{'model_name': 'educational_evolving_memory_toy', 'state_dim': 32, 'seed': 118843, 'clutter_pairs': 4, 'noise_steps': 6, 'inference_budget': 16}"
inference_effort,inference_recovery,educational_evolving_memory_toy,inference_budget,16,126762,0.0,1.0,34.414,16,"{'model_name': 'educational_evolving_memory_toy', 'state_dim': 32, 'seed': 126762, 'clutter_pairs': 4, 'noise_steps': 6, 'inference_budget': 16}"
inference_effort,inference_recovery,educational_evolving_memory_toy,inference_budget,16,134681,0.0,1.0,32.399,16,"{'model_name': 'educational_evolving_memory_toy', 'state_dim': 32, 'seed': 134681, 'clutter_pairs': 4, 'noise_steps': 6, 'inference_budget': 16}"
inference_effort,inference_recovery,educational_evolving_memory_toy,inference_budget,16,142600,0.0,1.0,30.618,16,"{'model_name': 'educational_evolving_memory_toy', 'state_dim': 32, 'seed': 142600, 'clutter_pairs': 4, 'noise_steps': 6, 'inference_budget': 16}"
inference_effort,inference_recovery,educational_evolving_memory_toy,inference_budget,16,150519,0.0,1.0,29.994,16,"{'model_name': 'educational_evolving_memory_toy', 'state_dim': 32, 'seed': 150519, 'clutter_pairs': 4, 'noise_steps': 6, 'inference_budget': 16}"
inference_effort,inference_recovery,educational_evolving_memory_toy,inference_budget,16,158438,0.0,1.0,35.337,16,"{'model_name': 'educational_evolving_memory_toy', 'state_dim': 32, 'seed': 158438, 'clutter_pairs': 4, 'noise_steps': 6, 'inference_budget': 16}"
inference_effort,inference_recovery,educational_evolving_memory_toy,inference_budget,16,166357,0.0,1.0,32.617,16,"{'model_name': 'educational_evolving_memory_toy', 'state_dim': 32, 'seed': 166357, 'clutter_pairs': 4, 'noise_steps': 6, 'inference_budget': 16}"
inference_effort,inference_recovery,educational_evolving_memory_toy,inference_budget,16,174276,1.0,0.0,32.654,16,"{'model_name': 'educational_evolving_memory_toy', 'state_dim': 32, 'seed': 174276, 'clutter_pairs': 4, 'noise_steps': 6, 'inference_budget': 16}"
inference_effort,inference_recovery,educational_evolving_memory_toy,inference_budget,16,182195,0.0,1.0,29.673,16,"{'model_name': 'educational_evolving_memory_toy', 'state_dim': 32, 'seed': 182195, 'clutter_pairs': 4, 'noise_steps': 6, 'inference_budget': 16}"
inference_effort,inference_recovery,educational_evolving_memory_toy,inference_budget,16,190114,0.0,1.0,30.746,16,"{'model_name': 'educational_evolving_memory_toy', 'state_dim': 32, 'seed': 190114, 'clutter_pairs': 4, 'noise_steps': 6, 'inference_budget': 16}"
inference_effort,inference_recovery,educational_evolving_memory_toy,inference_budget,16,198033,0.0,1.0,30.267,16,"{'model_name': 'educational_evolving_memory_toy', 'state_dim': 32, 'seed': 198033, 'clutter_pairs': 4, 'noise_steps': 6, 'inference_budget': 16}"
inference_effort,inference_recovery,educational_evolving_memory_toy,inference_budget,16,205952,1.0,0.0,28.556,16,"{'model_name': 'educational_evolving_memory_toy', 'state_dim': 32, 'seed': 205952, 'clutter_pairs': 4, 'noise_steps': 6, 'inference_budget': 16}"
inference_effort,inference_recovery,educational_evolving_memory_toy,inference_budget,16,213871,0.0,1.0,30.927,16,"{'model_name': 'educational_evolving_memory_toy', 'state_dim': 32, 'seed': 213871, 'clutter_pairs': 4, 'noise_steps': 6, 'inference_budget': 16}"
inference_effort,inference_recovery,educational_evolving_memory_toy,inference_budget,16,221790,0.0,1.0,35.732,16,"{'model_name': 'educational_evolving_memory_toy', 'state_dim': 32, 'seed': 221790, 'clutter_pairs': 4, 'noise_steps': 6, 'inference_budget': 16}"
inference_effort,inference_recovery,educational_evolving_memory_toy,inference_budget,16,229709,0.0,1.0,34.755,16,"{'model_name': 'educational_evolving_memory_toy', 'state_dim': 32, 'seed': 229709, 'clutter_pairs': 4, 'noise_steps': 6, 'inference_budget': 16}"
