sweep_type,experiment,model,parameter_name,parameter_value,seed,accuracy,error_rate,latency,inference_steps,configuration
sequence_length,long_horizon_recall,full_history_reference_baseline,sequence_length,16,58,1.0,0.0,60.181,1,"{'model_name': 'full_history_reference_baseline', 'state_dim': 32, 'seed': 58, 'sequence_length': 16, 'num_items': 4}"
sequence_length,long_horizon_recall,full_history_reference_baseline,sequence_length,16,7977,1.0,0.0,13.293,1,"{'model_name': 'full_history_reference_baseline', 'state_dim': 32, 'seed': 7977, 'sequence_length': 16, 'num_items': 4}"
sequence_length,long_horizon_recall,full_history_reference_baseline,sequence_length,16,15896,1.0,0.0,13.196,1,"{'model_name': 'full_history_reference_baseline', 'state_dim': 32, 'seed': 15896, 'sequence_length': 16, 'num_items': 4}"
sequence_length,long_horizon_recall,full_history_reference_baseline,sequence_length,16,23815,1.0,0.0,13.064,1,"{'model_name': 'full_history_reference_baseline', 'state_dim': 32, 'seed': 23815, 'sequence_length': 16, 'num_items': 4}"
sequence_length,long_horizon_recall,full_history_reference_baseline,sequence_length,16,31734,1.0,0.0,12.901,1,"{'model_name': 'full_history_reference_baseline', 'state_dim': 32, 'seed': 31734, 'sequence_length': 16, 'num_items': 4}"
sequence_length,long_horizon_recall,full_history_reference_baseline,sequence_length,16,39653,1.0,0.0,13.305,1,"{'model_name': 'full_history_reference_baseline', 'state_dim': 32, 'seed': 39653, 'sequence_length': 16, 'num_items': 4}"
sequence_length,long_horizon_recall,full_history_reference_baseline,sequence_length,16,47572,1.0,0.0,12.645,1,"{'model_name': 'full_history_reference_baseline', 'state_dim': 32, 'seed': 47572, 'sequence_length': 16, 'num_items': 4}"
sequence_length,long_horizon_recall,full_history_reference_baseline,sequence_length,16,55491,1.0,0.0,11.92,1,"{'model_name': 'full_history_reference_baseline', 'state_dim': 32, 'seed': 55491, 'sequence_length': 16, 'num_items': 4}"
sequence_length,long_horizon_recall,full_history_reference_baseline,sequence_length,16,63410,1.0,0.0,11.63,1,"{'model_name': 'full_history_reference_baseline', 'state_dim': 32, 'seed': 63410, 'sequence_length': 16, 'num_items': 4}"
sequence_length,long_horizon_recall,full_history_reference_baseline,sequence_length,16,71329,1.0,0.0,11.868,1,"{'model_name': 'full_history_reference_baseline', 'state_dim': 32, 'seed': 71329, 'sequence_length': 16, 'num_items': 4}"
sequence_length,long_horizon_recall,full_history_reference_baseline,sequence_length,16,79248,1.0,0.0,12.124,1,"{'model_name': 'full_history_reference_baseline', 'state_dim': 32, 'seed': 79248, 'sequence_length': 16, 'num_items': 4}"
sequence_length,long_horizon_recall,full_history_reference_baseline,sequence_length,16,87167,1.0,0.0,11.868,1,"{'model_name': 'full_history_reference_baseline', 'state_dim': 32, 'seed': 87167, 'sequence_length': 16, 'num_items': 4}"
sequence_length,long_horizon_recall,full_history_reference_baseline,sequence_length,16,95086,1.0,0.0,11.444,1,"{'model_name': 'full_history_reference_baseline', 'state_dim': 32, 'seed': 95086, 'sequence_length': 16, 'num_items': 4}"
sequence_length,long_horizon_recall,full_history_reference_baseline,sequence_length,16,103005,1.0,0.0,11.8,1,"{'model_name': 'full_history_reference_baseline', 'state_dim': 32, 'seed': 103005, 'sequence_length': 16, 'num_items': 4}"
sequence_length,long_horizon_recall,full_history_reference_baseline,sequence_length,16,110924,1.0,0.0,11.311,1,"{'model_name': 'full_history_reference_baseline', 'state_dim': 32, 'seed': 110924, 'sequence_length': 16, 'num_items': 4}"
sequence_length,long_horizon_recall,full_history_reference_baseline,sequence_length,16,118843,1.0,0.0,12.068,1,"{'model_name': 'full_history_reference_baseline', 'state_dim': 32, 'seed': 118843, 'sequence_length': 16, 'num_items': 4}"
sequence_length,long_horizon_recall,full_history_reference_baseline,sequence_length,16,126762,1.0,0.0,12.104,1,"{'model_name': 'full_history_reference_baseline', 'state_dim': 32, 'seed': 126762, 'sequence_length': 16, 'num_items': 4}"
sequence_length,long_horizon_recall,full_history_reference_baseline,sequence_length,16,134681,1.0,0.0,12.152,1,"{'model_name': 'full_history_reference_baseline', 'state_dim': 32, 'seed': 134681, 'sequence_length': 16, 'num_items': 4}"
sequence_length,long_horizon_recall,full_history_reference_baseline,sequence_length,16,142600,1.0,0.0,12.463,1,"{'model_name': 'full_history_reference_baseline', 'state_dim': 32, 'seed': 142600, 'sequence_length': 16, 'num_items': 4}"
sequence_length,long_horizon_recall,full_history_reference_baseline,sequence_length,16,150519,1.0,0.0,15.287,1,"{'model_name': 'full_history_reference_baseline', 'state_dim': 32, 'seed': 150519, 'sequence_length': 16, 'num_items': 4}"
sequence_length,long_horizon_recall,full_history_reference_baseline,sequence_length,16,158438,1.0,0.0,12.942,1,"{'model_name': 'full_history_reference_baseline', 'state_dim': 32, 'seed': 158438, 'sequence_length': 16, 'num_items': 4}"
sequence_length,long_horizon_recall,full_history_reference_baseline,sequence_length,16,166357,1.0,0.0,15.821,1,"{'model_name': 'full_history_reference_baseline', 'state_dim': 32, 'seed': 166357, 'sequence_length': 16, 'num_items': 4}"
sequence_length,long_horizon_recall,full_history_reference_baseline,sequence_length,16,174276,1.0,0.0,12.06,1,"{'model_name': 'full_history_reference_baseline', 'state_dim': 32, 'seed': 174276, 'sequence_length': 16, 'num_items': 4}"
sequence_length,long_horizon_recall,full_history_reference_baseline,sequence_length,16,182195,1.0,0.0,13.055,1,"{'model_name': 'full_history_reference_baseline', 'state_dim': 32, 'seed': 182195, 'sequence_length': 16, 'num_items': 4}"
sequence_length,long_horizon_recall,full_history_reference_baseline,sequence_length,16,190114,1.0,0.0,12.446,1,"{'model_name': 'full_history_reference_baseline', 'state_dim': 32, 'seed': 190114, 'sequence_length': 16, 'num_items': 4}"
sequence_length,long_horizon_recall,full_history_reference_baseline,sequence_length,16,198033,1.0,0.0,11.395,1,"{'model_name': 'full_history_reference_baseline', 'state_dim': 32, 'seed': 198033, 'sequence_length': 16, 'num_items': 4}"
sequence_length,long_horizon_recall,full_history_reference_baseline,sequence_length,16,205952,1.0,0.0,10.819,1,"{'model_name': 'full_history_reference_baseline', 'state_dim': 32, 'seed': 205952, 'sequence_length': 16, 'num_items': 4}"
sequence_length,long_horizon_recall,full_history_reference_baseline,sequence_length,16,213871,1.0,0.0,12.537,1,"{'model_name': 'full_history_reference_baseline', 'state_dim': 32, 'seed': 213871, 'sequence_length': 16, 'num_items': 4}"
sequence_length,long_horizon_recall,full_history_reference_baseline,sequence_length,16,221790,1.0,0.0,12.02,1,"{'model_name': 'full_history_reference_baseline', 'state_dim': 32, 'seed': 221790, 'sequence_length': 16, 'num_items': 4}"
sequence_length,long_horizon_recall,full_history_reference_baseline,sequence_length,16,229709,1.0,0.0,13.378,1,"{'model_name': 'full_history_reference_baseline', 'state_dim': 32, 'seed': 229709, 'sequence_length': 16, 'num_items': 4}"
sequence_length,long_horizon_recall,full_history_reference_baseline,sequence_length,32,74,1.0,0.0,7.678,1,"{'model_name': 'full_history_reference_baseline', 'state_dim': 32, 'seed': 74, 'sequence_length': 32, 'num_items': 4}"
sequence_length,long_horizon_recall,full_history_reference_baseline,sequence_length,32,7993,1.0,0.0,7.908,1,"{'model_name': 'full_history_reference_baseline', 'state_dim': 32, 'seed': 7993, 'sequence_length': 32, 'num_items': 4}"
sequence_length,long_horizon_recall,full_history_reference_baseline,sequence_length,32,15912,1.0,0.0,7.584,1,"{'model_name': 'full_history_reference_baseline', 'state_dim': 32, 'seed': 15912, 'sequence_length': 32, 'num_items': 4}"
sequence_length,long_horizon_recall,full_history_reference_baseline,sequence_length,32,23831,1.0,0.0,6.928,1,"{'model_name': 'full_history_reference_baseline', 'state_dim': 32, 'seed': 23831, 'sequence_length': 32, 'num_items': 4}"
sequence_length,long_horizon_recall,full_history_reference_baseline,sequence_length,32,31750,1.0,0.0,7.334,1,"{'model_name': 'full_history_reference_baseline', 'state_dim': 32, 'seed': 31750, 'sequence_length': 32, 'num_items': 4}"
sequence_length,long_horizon_recall,full_history_reference_baseline,sequence_length,32,39669,1.0,0.0,7.212,1,"{'model_name': 'full_history_reference_baseline', 'state_dim': 32, 'seed': 39669, 'sequence_length': 32, 'num_items': 4}"
sequence_length,long_horizon_recall,full_history_reference_baseline,sequence_length,32,47588,1.0,0.0,7.3,1,"{'model_name': 'full_history_reference_baseline', 'state_dim': 32, 'seed': 47588, 'sequence_length': 32, 'num_items': 4}"
sequence_length,long_horizon_recall,full_history_reference_baseline,sequence_length,32,55507,1.0,0.0,7.422,1,"{'model_name': 'full_history_reference_baseline', 'state_dim': 32, 'seed': 55507, 'sequence_length': 32, 'num_items': 4}"
sequence_length,long_horizon_recall,full_history_reference_baseline,sequence_length,32,63426,1.0,0.0,7.304,1,"{'model_name': 'full_history_reference_baseline', 'state_dim': 32, 'seed': 63426, 'sequence_length': 32, 'num_items': 4}"
sequence_length,long_horizon_recall,full_history_reference_baseline,sequence_length,32,71345,1.0,0.0,7.117,1,"{'model_name': 'full_history_reference_baseline', 'state_dim': 32, 'seed': 71345, 'sequence_length': 32, 'num_items': 4}"
sequence_length,long_horizon_recall,full_history_reference_baseline,sequence_length,32,79264,1.0,0.0,7.351,1,"{'model_name': 'full_history_reference_baseline', 'state_dim': 32, 'seed': 79264, 'sequence_length': 32, 'num_items': 4}"
sequence_length,long_horizon_recall,full_history_reference_baseline,sequence_length,32,87183,1.0,0.0,7.077,1,"{'model_name': 'full_history_reference_baseline', 'state_dim': 32, 'seed': 87183, 'sequence_length': 32, 'num_items': 4}"
sequence_length,long_horizon_recall,full_history_reference_baseline,sequence_length,32,95102,1.0,0.0,7.282,1,"{'model_name': 'full_history_reference_baseline', 'state_dim': 32, 'seed': 95102, 'sequence_length': 32, 'num_items': 4}"
sequence_length,long_horizon_recall,full_history_reference_baseline,sequence_length,32,103021,1.0,0.0,4.992,1,"{'model_name': 'full_history_reference_baseline', 'state_dim': 32, 'seed': 103021, 'sequence_length': 32, 'num_items': 4}"
sequence_length,long_horizon_recall,full_history_reference_baseline,sequence_length,32,110940,1.0,0.0,4.381,1,"{'model_name': 'full_history_reference_baseline', 'state_dim': 32, 'seed': 110940, 'sequence_length': 32, 'num_items': 4}"
sequence_length,long_horizon_recall,full_history_reference_baseline,sequence_length,32,118859,1.0,0.0,4.492,1,"{'model_name': 'full_history_reference_baseline', 'state_dim': 32, 'seed': 118859, 'sequence_length': 32, 'num_items': 4}"
sequence_length,long_horizon_recall,full_history_reference_baseline,sequence_length,32,126778,1.0,0.0,4.41,1,"{'model_name': 'full_history_reference_baseline', 'state_dim': 32, 'seed': 126778, 'sequence_length': 32, 'num_items': 4}"
sequence_length,long_horizon_recall,full_history_reference_baseline,sequence_length,32,134697,1.0,0.0,4.51,1,"{'model_name': 'full_history_reference_baseline', 'state_dim': 32, 'seed': 134697, 'sequence_length': 32, 'num_items': 4}"
sequence_length,long_horizon_recall,full_history_reference_baseline,sequence_length,32,142616,1.0,0.0,4.429,1,"{'model_name': 'full_history_reference_baseline', 'state_dim': 32, 'seed': 142616, 'sequence_length': 32, 'num_items': 4}"
sequence_length,long_horizon_recall,full_history_reference_baseline,sequence_length,32,150535,1.0,0.0,4.391,1,"{'model_name': 'full_history_reference_baseline', 'state_dim': 32, 'seed': 150535, 'sequence_length': 32, 'num_items': 4}"
sequence_length,long_horizon_recall,full_history_reference_baseline,sequence_length,32,158454,1.0,0.0,4.364,1,"{'model_name': 'full_history_reference_baseline', 'state_dim': 32, 'seed': 158454, 'sequence_length': 32, 'num_items': 4}"
sequence_length,long_horizon_recall,full_history_reference_baseline,sequence_length,32,166373,1.0,0.0,4.377,1,"{'model_name': 'full_history_reference_baseline', 'state_dim': 32, 'seed': 166373, 'sequence_length': 32, 'num_items': 4}"
sequence_length,long_horizon_recall,full_history_reference_baseline,sequence_length,32,174292,1.0,0.0,4.4,1,"{'model_name': 'full_history_reference_baseline', 'state_dim': 32, 'seed': 174292, 'sequence_length': 32, 'num_items': 4}"
sequence_length,long_horizon_recall,full_history_reference_baseline,sequence_length,32,182211,1.0,0.0,4.469,1,"{'model_name': 'full_history_reference_baseline', 'state_dim': 32, 'seed': 182211, 'sequence_length': 32, 'num_items': 4}"
sequence_length,long_horizon_recall,full_history_reference_baseline,sequence_length,32,190130,1.0,0.0,4.473,1,"{'model_name': 'full_history_reference_baseline', 'state_dim': 32, 'seed': 190130, 'sequence_length': 32, 'num_items': 4}"
sequence_length,long_horizon_recall,full_history_reference_baseline,sequence_length,32,198049,1.0,0.0,4.377,1,"{'model_name': 'full_history_reference_baseline', 'state_dim': 32, 'seed': 198049, 'sequence_length': 32, 'num_items': 4}"
sequence_length,long_horizon_recall,full_history_reference_baseline,sequence_length,32,205968,1.0,0.0,4.407,1,"{'model_name': 'full_history_reference_baseline', 'state_dim': 32, 'seed': 205968, 'sequence_length': 32, 'num_items': 4}"
sequence_length,long_horizon_recall,full_history_reference_baseline,sequence_length,32,213887,1.0,0.0,4.378,1,"{'model_name': 'full_history_reference_baseline', 'state_dim': 32, 'seed': 213887, 'sequence_length': 32, 'num_items': 4}"
sequence_length,long_horizon_recall,full_history_reference_baseline,sequence_length,32,221806,1.0,0.0,4.425,1,"{'model_name': 'full_history_reference_baseline', 'state_dim': 32, 'seed': 221806, 'sequence_length': 32, 'num_items': 4}"
sequence_length,long_horizon_recall,full_history_reference_baseline,sequence_length,32,229725,1.0,0.0,4.475,1,"{'model_name': 'full_history_reference_baseline', 'state_dim': 32, 'seed': 229725, 'sequence_length': 32, 'num_items': 4}"
sequence_length,long_horizon_recall,full_history_reference_baseline,sequence_length,64,106,1.0,0.0,9.148,1,"{'model_name': 'full_history_reference_baseline', 'state_dim': 32, 'seed': 106, 'sequence_length': 64, 'num_items': 4}"
sequence_length,long_horizon_recall,full_history_reference_baseline,sequence_length,64,8025,1.0,0.0,8.77,1,"{'model_name': 'full_history_reference_baseline', 'state_dim': 32, 'seed': 8025, 'sequence_length': 64, 'num_items': 4}"
sequence_length,long_horizon_recall,full_history_reference_baseline,sequence_length,64,15944,1.0,0.0,8.533,1,"{'model_name': 'full_history_reference_baseline', 'state_dim': 32, 'seed': 15944, 'sequence_length': 64, 'num_items': 4}"
sequence_length,long_horizon_recall,full_history_reference_baseline,sequence_length,64,23863,1.0,0.0,8.6,1,"{'model_name': 'full_history_reference_baseline', 'state_dim': 32, 'seed': 23863, 'sequence_length': 64, 'num_items': 4}"
sequence_length,long_horizon_recall,full_history_reference_baseline,sequence_length,64,31782,1.0,0.0,8.657,1,"{'model_name': 'full_history_reference_baseline', 'state_dim': 32, 'seed': 31782, 'sequence_length': 64, 'num_items': 4}"
sequence_length,long_horizon_recall,full_history_reference_baseline,sequence_length,64,39701,1.0,0.0,8.653,1,"{'model_name': 'full_history_reference_baseline', 'state_dim': 32, 'seed': 39701, 'sequence_length': 64, 'num_items': 4}"
sequence_length,long_horizon_recall,full_history_reference_baseline,sequence_length,64,47620,1.0,0.0,8.482,1,"{'model_name': 'full_history_reference_baseline', 'state_dim': 32, 'seed': 47620, 'sequence_length': 64, 'num_items': 4}"
sequence_length,long_horizon_recall,full_history_reference_baseline,sequence_length,64,55539,1.0,0.0,8.616,1,"{'model_name': 'full_history_reference_baseline', 'state_dim': 32, 'seed': 55539, 'sequence_length': 64, 'num_items': 4}"
sequence_length,long_horizon_recall,full_history_reference_baseline,sequence_length,64,63458,1.0,0.0,9.28,1,"{'model_name': 'full_history_reference_baseline', 'state_dim': 32, 'seed': 63458, 'sequence_length': 64, 'num_items': 4}"
sequence_length,long_horizon_recall,full_history_reference_baseline,sequence_length,64,71377,1.0,0.0,14.008,1,"{'model_name': 'full_history_reference_baseline', 'state_dim': 32, 'seed': 71377, 'sequence_length': 64, 'num_items': 4}"
sequence_length,long_horizon_recall,full_history_reference_baseline,sequence_length,64,79296,1.0,0.0,13.911,1,"{'model_name': 'full_history_reference_baseline', 'state_dim': 32, 'seed': 79296, 'sequence_length': 64, 'num_items': 4}"
sequence_length,long_horizon_recall,full_history_reference_baseline,sequence_length,64,87215,1.0,0.0,13.118,1,"{'model_name': 'full_history_reference_baseline', 'state_dim': 32, 'seed': 87215, 'sequence_length': 64, 'num_items': 4}"
sequence_length,long_horizon_recall,full_history_reference_baseline,sequence_length,64,95134,1.0,0.0,16.171,1,"{'model_name': 'full_history_reference_baseline', 'state_dim': 32, 'seed': 95134, 'sequence_length': 64, 'num_items': 4}"
sequence_length,long_horizon_recall,full_history_reference_baseline,sequence_length,64,103053,1.0,0.0,26.083,1,"{'model_name': 'full_history_reference_baseline', 'state_dim': 32, 'seed': 103053, 'sequence_length': 64, 'num_items': 4}"
sequence_length,long_horizon_recall,full_history_reference_baseline,sequence_length,64,110972,1.0,0.0,19.639,1,"{'model_name': 'full_history_reference_baseline', 'state_dim': 32, 'seed': 110972, 'sequence_length': 64, 'num_items': 4}"
sequence_length,long_horizon_recall,full_history_reference_baseline,sequence_length,64,118891,1.0,0.0,9.336,1,"{'model_name': 'full_history_reference_baseline', 'state_dim': 32, 'seed': 118891, 'sequence_length': 64, 'num_items': 4}"
sequence_length,long_horizon_recall,full_history_reference_baseline,sequence_length,64,126810,1.0,0.0,6.849,1,"{'model_name': 'full_history_reference_baseline', 'state_dim': 32, 'seed': 126810, 'sequence_length': 64, 'num_items': 4}"
sequence_length,long_horizon_recall,full_history_reference_baseline,sequence_length,64,134729,1.0,0.0,6.535,1,"{'model_name': 'full_history_reference_baseline', 'state_dim': 32, 'seed': 134729, 'sequence_length': 64, 'num_items': 4}"
sequence_length,long_horizon_recall,full_history_reference_baseline,sequence_length,64,142648,1.0,0.0,6.402,1,"{'model_name': 'full_history_reference_baseline', 'state_dim': 32, 'seed': 142648, 'sequence_length': 64, 'num_items': 4}"
sequence_length,long_horizon_recall,full_history_reference_baseline,sequence_length,64,150567,1.0,0.0,6.305,1,"{'model_name': 'full_history_reference_baseline', 'state_dim': 32, 'seed': 150567, 'sequence_length': 64, 'num_items': 4}"
sequence_length,long_horizon_recall,full_history_reference_baseline,sequence_length,64,158486,1.0,0.0,6.332,1,"{'model_name': 'full_history_reference_baseline', 'state_dim': 32, 'seed': 158486, 'sequence_length': 64, 'num_items': 4}"
sequence_length,long_horizon_recall,full_history_reference_baseline,sequence_length,64,166405,1.0,0.0,6.308,1,"{'model_name': 'full_history_reference_baseline', 'state_dim': 32, 'seed': 166405, 'sequence_length': 64, 'num_items': 4}"
sequence_length,long_horizon_recall,full_history_reference_baseline,sequence_length,64,174324,1.0,0.0,6.424,1,"{'model_name': 'full_history_reference_baseline', 'state_dim': 32, 'seed': 174324, 'sequence_length': 64, 'num_items': 4}"
sequence_length,long_horizon_recall,full_history_reference_baseline,sequence_length,64,182243,1.0,0.0,6.466,1,"{'model_name': 'full_history_reference_baseline', 'state_dim': 32, 'seed': 182243, 'sequence_length': 64, 'num_items': 4}"
sequence_length,long_horizon_recall,full_history_reference_baseline,sequence_length,64,190162,1.0,0.0,6.251,1,"{'model_name': 'full_history_reference_baseline', 'state_dim': 32, 'seed': 190162, 'sequence_length': 64, 'num_items': 4}"
sequence_length,long_horizon_recall,full_history_reference_baseline,sequence_length,64,198081,1.0,0.0,6.215,1,"{'model_name': 'full_history_reference_baseline', 'state_dim': 32, 'seed': 198081, 'sequence_length': 64, 'num_items': 4}"
sequence_length,long_horizon_recall,full_history_reference_baseline,sequence_length,64,206000,1.0,0.0,6.355,1,"{'model_name': 'full_history_reference_baseline', 'state_dim': 32, 'seed': 206000, 'sequence_length': 64, 'num_items': 4}"
sequence_length,long_horizon_recall,full_history_reference_baseline,sequence_length,64,213919,1.0,0.0,6.225,1,"{'model_name': 'full_history_reference_baseline', 'state_dim': 32, 'seed': 213919, 'sequence_length': 64, 'num_items': 4}"
sequence_length,long_horizon_recall,full_history_reference_baseline,sequence_length,64,221838,1.0,0.0,6.188,1,"{'model_name': 'full_history_reference_baseline', 'state_dim': 32, 'seed': 221838, 'sequence_length': 64, 'num_items': 4}"
sequence_length,long_horizon_recall,full_history_reference_baseline,sequence_length,64,229757,1.0,0.0,6.349,1,"{'model_name': 'full_history_reference_baseline', 'state_dim': 32, 'seed': 229757, 'sequence_length': 64, 'num_items': 4}"
sequence_length,long_horizon_recall,full_history_reference_baseline,sequence_length,128,170,1.0,0.0,18.482,1,"{'model_name': 'full_history_reference_baseline', 'state_dim': 32, 'seed': 170, 'sequence_length': 128, 'num_items': 4}"
sequence_length,long_horizon_recall,full_history_reference_baseline,sequence_length,128,8089,1.0,0.0,16.836,1,"{'model_name': 'full_history_reference_baseline', 'state_dim': 32, 'seed': 8089, 'sequence_length': 128, 'num_items': 4}"
sequence_length,long_horizon_recall,full_history_reference_baseline,sequence_length,128,16008,1.0,0.0,16.838,1,"{'model_name': 'full_history_reference_baseline', 'state_dim': 32, 'seed': 16008, 'sequence_length': 128, 'num_items': 4}"
sequence_length,long_horizon_recall,full_history_reference_baseline,sequence_length,128,23927,1.0,0.0,48.077,1,"{'model_name': 'full_history_reference_baseline', 'state_dim': 32, 'seed': 23927, 'sequence_length': 128, 'num_items': 4}"
sequence_length,long_horizon_recall,full_history_reference_baseline,sequence_length,128,31846,1.0,0.0,31.718,1,"{'model_name': 'full_history_reference_baseline', 'state_dim': 32, 'seed': 31846, 'sequence_length': 128, 'num_items': 4}"
sequence_length,long_horizon_recall,full_history_reference_baseline,sequence_length,128,39765,1.0,0.0,17.033,1,"{'model_name': 'full_history_reference_baseline', 'state_dim': 32, 'seed': 39765, 'sequence_length': 128, 'num_items': 4}"
sequence_length,long_horizon_recall,full_history_reference_baseline,sequence_length,128,47684,1.0,0.0,15.138,1,"{'model_name': 'full_history_reference_baseline', 'state_dim': 32, 'seed': 47684, 'sequence_length': 128, 'num_items': 4}"
sequence_length,long_horizon_recall,full_history_reference_baseline,sequence_length,128,55603,1.0,0.0,16.809,1,"{'model_name': 'full_history_reference_baseline', 'state_dim': 32, 'seed': 55603, 'sequence_length': 128, 'num_items': 4}"
sequence_length,long_horizon_recall,full_history_reference_baseline,sequence_length,128,63522,1.0,0.0,13.889,1,"{'model_name': 'full_history_reference_baseline', 'state_dim': 32, 'seed': 63522, 'sequence_length': 128, 'num_items': 4}"
sequence_length,long_horizon_recall,full_history_reference_baseline,sequence_length,128,71441,1.0,0.0,12.548,1,"{'model_name': 'full_history_reference_baseline', 'state_dim': 32, 'seed': 71441, 'sequence_length': 128, 'num_items': 4}"
sequence_length,long_horizon_recall,full_history_reference_baseline,sequence_length,128,79360,1.0,0.0,12.529,1,"{'model_name': 'full_history_reference_baseline', 'state_dim': 32, 'seed': 79360, 'sequence_length': 128, 'num_items': 4}"
sequence_length,long_horizon_recall,full_history_reference_baseline,sequence_length,128,87279,1.0,0.0,12.511,1,"{'model_name': 'full_history_reference_baseline', 'state_dim': 32, 'seed': 87279, 'sequence_length': 128, 'num_items': 4}"
sequence_length,long_horizon_recall,full_history_reference_baseline,sequence_length,128,95198,1.0,0.0,12.46,1,"{'model_name': 'full_history_reference_baseline', 'state_dim': 32, 'seed': 95198, 'sequence_length': 128, 'num_items': 4}"
sequence_length,long_horizon_recall,full_history_reference_baseline,sequence_length,128,103117,1.0,0.0,13.489,1,"{'model_name': 'full_history_reference_baseline', 'state_dim': 32, 'seed': 103117, 'sequence_length': 128, 'num_items': 4}"
sequence_length,long_horizon_recall,full_history_reference_baseline,sequence_length,128,111036,1.0,0.0,12.824,1,"{'model_name': 'full_history_reference_baseline', 'state_dim': 32, 'seed': 111036, 'sequence_length': 128, 'num_items': 4}"
sequence_length,long_horizon_recall,full_history_reference_baseline,sequence_length,128,118955,1.0,0.0,12.85,1,"{'model_name': 'full_history_reference_baseline', 'state_dim': 32, 'seed': 118955, 'sequence_length': 128, 'num_items': 4}"
sequence_length,long_horizon_recall,full_history_reference_baseline,sequence_length,128,126874,1.0,0.0,14.115,1,"{'model_name': 'full_history_reference_baseline', 'state_dim': 32, 'seed': 126874, 'sequence_length': 128, 'num_items': 4}"
sequence_length,long_horizon_recall,full_history_reference_baseline,sequence_length,128,134793,1.0,0.0,14.003,1,"{'model_name': 'full_history_reference_baseline', 'state_dim': 32, 'seed': 134793, 'sequence_length': 128, 'num_items': 4}"
sequence_length,long_horizon_recall,full_history_reference_baseline,sequence_length,128,142712,1.0,0.0,14.069,1,"{'model_name': 'full_history_reference_baseline', 'state_dim': 32, 'seed': 142712, 'sequence_length': 128, 'num_items': 4}"
sequence_length,long_horizon_recall,full_history_reference_baseline,sequence_length,128,150631,1.0,0.0,12.746,1,"{'model_name': 'full_history_reference_baseline', 'state_dim': 32, 'seed': 150631, 'sequence_length': 128, 'num_items': 4}"
sequence_length,long_horizon_recall,full_history_reference_baseline,sequence_length,128,158550,1.0,0.0,12.211,1,"{'model_name': 'full_history_reference_baseline', 'state_dim': 32, 'seed': 158550, 'sequence_length': 128, 'num_items': 4}"
sequence_length,long_horizon_recall,full_history_reference_baseline,sequence_length,128,166469,1.0,0.0,13.966,1,"{'model_name': 'full_history_reference_baseline', 'state_dim': 32, 'seed': 166469, 'sequence_length': 128, 'num_items': 4}"
sequence_length,long_horizon_recall,full_history_reference_baseline,sequence_length,128,174388,1.0,0.0,13.693,1,"{'model_name': 'full_history_reference_baseline', 'state_dim': 32, 'seed': 174388, 'sequence_length': 128, 'num_items': 4}"
sequence_length,long_horizon_recall,full_history_reference_baseline,sequence_length,128,182307,1.0,0.0,13.656,1,"{'model_name': 'full_history_reference_baseline', 'state_dim': 32, 'seed': 182307, 'sequence_length': 128, 'num_items': 4}"
sequence_length,long_horizon_recall,full_history_reference_baseline,sequence_length,128,190226,1.0,0.0,13.577,1,"{'model_name': 'full_history_reference_baseline', 'state_dim': 32, 'seed': 190226, 'sequence_length': 128, 'num_items': 4}"
sequence_length,long_horizon_recall,full_history_reference_baseline,sequence_length,128,198145,1.0,0.0,13.67,1,"{'model_name': 'full_history_reference_baseline', 'state_dim': 32, 'seed': 198145, 'sequence_length': 128, 'num_items': 4}"
sequence_length,long_horizon_recall,full_history_reference_baseline,sequence_length,128,206064,1.0,0.0,13.743,1,"{'model_name': 'full_history_reference_baseline', 'state_dim': 32, 'seed': 206064, 'sequence_length': 128, 'num_items': 4}"
sequence_length,long_horizon_recall,full_history_reference_baseline,sequence_length,128,213983,1.0,0.0,13.045,1,"{'model_name': 'full_history_reference_baseline', 'state_dim': 32, 'seed': 213983, 'sequence_length': 128, 'num_items': 4}"
sequence_length,long_horizon_recall,full_history_reference_baseline,sequence_length,128,221902,1.0,0.0,12.511,1,"{'model_name': 'full_history_reference_baseline', 'state_dim': 32, 'seed': 221902, 'sequence_length': 128, 'num_items': 4}"
sequence_length,long_horizon_recall,full_history_reference_baseline,sequence_length,128,229821,1.0,0.0,13.321,1,"{'model_name': 'full_history_reference_baseline', 'state_dim': 32, 'seed': 229821, 'sequence_length': 128, 'num_items': 4}"
sequence_length,long_horizon_recall,full_history_reference_baseline,sequence_length,256,298,1.0,0.0,36.865,1,"{'model_name': 'full_history_reference_baseline', 'state_dim': 32, 'seed': 298, 'sequence_length': 256, 'num_items': 4}"
sequence_length,long_horizon_recall,full_history_reference_baseline,sequence_length,256,8217,1.0,0.0,36.436,1,"{'model_name': 'full_history_reference_baseline', 'state_dim': 32, 'seed': 8217, 'sequence_length': 256, 'num_items': 4}"
sequence_length,long_horizon_recall,full_history_reference_baseline,sequence_length,256,16136,1.0,0.0,92.784,1,"{'model_name': 'full_history_reference_baseline', 'state_dim': 32, 'seed': 16136, 'sequence_length': 256, 'num_items': 4}"
sequence_length,long_horizon_recall,full_history_reference_baseline,sequence_length,256,24055,1.0,0.0,27.78,1,"{'model_name': 'full_history_reference_baseline', 'state_dim': 32, 'seed': 24055, 'sequence_length': 256, 'num_items': 4}"
sequence_length,long_horizon_recall,full_history_reference_baseline,sequence_length,256,31974,1.0,0.0,25.528,1,"{'model_name': 'full_history_reference_baseline', 'state_dim': 32, 'seed': 31974, 'sequence_length': 256, 'num_items': 4}"
sequence_length,long_horizon_recall,full_history_reference_baseline,sequence_length,256,39893,1.0,0.0,25.717,1,"{'model_name': 'full_history_reference_baseline', 'state_dim': 32, 'seed': 39893, 'sequence_length': 256, 'num_items': 4}"
sequence_length,long_horizon_recall,full_history_reference_baseline,sequence_length,256,47812,1.0,0.0,26.072,1,"{'model_name': 'full_history_reference_baseline', 'state_dim': 32, 'seed': 47812, 'sequence_length': 256, 'num_items': 4}"
sequence_length,long_horizon_recall,full_history_reference_baseline,sequence_length,256,55731,1.0,0.0,26.114,1,"{'model_name': 'full_history_reference_baseline', 'state_dim': 32, 'seed': 55731, 'sequence_length': 256, 'num_items': 4}"
sequence_length,long_horizon_recall,full_history_reference_baseline,sequence_length,256,63650,1.0,0.0,26.455,1,"{'model_name': 'full_history_reference_baseline', 'state_dim': 32, 'seed': 63650, 'sequence_length': 256, 'num_items': 4}"
sequence_length,long_horizon_recall,full_history_reference_baseline,sequence_length,256,71569,1.0,0.0,26.647,1,"{'model_name': 'full_history_reference_baseline', 'state_dim': 32, 'seed': 71569, 'sequence_length': 256, 'num_items': 4}"
sequence_length,long_horizon_recall,full_history_reference_baseline,sequence_length,256,79488,1.0,0.0,27.608,1,"{'model_name': 'full_history_reference_baseline', 'state_dim': 32, 'seed': 79488, 'sequence_length': 256, 'num_items': 4}"
sequence_length,long_horizon_recall,full_history_reference_baseline,sequence_length,256,87407,1.0,0.0,27.154,1,"{'model_name': 'full_history_reference_baseline', 'state_dim': 32, 'seed': 87407, 'sequence_length': 256, 'num_items': 4}"
sequence_length,long_horizon_recall,full_history_reference_baseline,sequence_length,256,95326,1.0,0.0,26.225,1,"{'model_name': 'full_history_reference_baseline', 'state_dim': 32, 'seed': 95326, 'sequence_length': 256, 'num_items': 4}"
sequence_length,long_horizon_recall,full_history_reference_baseline,sequence_length,256,103245,1.0,0.0,27.168,1,"{'model_name': 'full_history_reference_baseline', 'state_dim': 32, 'seed': 103245, 'sequence_length': 256, 'num_items': 4}"
sequence_length,long_horizon_recall,full_history_reference_baseline,sequence_length,256,111164,1.0,0.0,26.873,1,"{'model_name': 'full_history_reference_baseline', 'state_dim': 32, 'seed': 111164, 'sequence_length': 256, 'num_items': 4}"
sequence_length,long_horizon_recall,full_history_reference_baseline,sequence_length,256,119083,1.0,0.0,26.744,1,"{'model_name': 'full_history_reference_baseline', 'state_dim': 32, 'seed': 119083, 'sequence_length': 256, 'num_items': 4}"
sequence_length,long_horizon_recall,full_history_reference_baseline,sequence_length,256,127002,1.0,0.0,27.237,1,"{'model_name': 'full_history_reference_baseline', 'state_dim': 32, 'seed': 127002, 'sequence_length': 256, 'num_items': 4}"
sequence_length,long_horizon_recall,full_history_reference_baseline,sequence_length,256,134921,1.0,0.0,28.299,1,"{'model_name': 'full_history_reference_baseline', 'state_dim': 32, 'seed': 134921, 'sequence_length': 256, 'num_items': 4}"
sequence_length,long_horizon_recall,full_history_reference_baseline,sequence_length,256,142840,1.0,0.0,27.998,1,"{'model_name': 'full_history_reference_baseline', 'state_dim': 32, 'seed': 142840, 'sequence_length': 256, 'num_items': 4}"
sequence_length,long_horizon_recall,full_history_reference_baseline,sequence_length,256,150759,1.0,0.0,30.248,1,"{'model_name': 'full_history_reference_baseline', 'state_dim': 32, 'seed': 150759, 'sequence_length': 256, 'num_items': 4}"
sequence_length,long_horizon_recall,full_history_reference_baseline,sequence_length,256,158678,1.0,0.0,26.752,1,"{'model_name': 'full_history_reference_baseline', 'state_dim': 32, 'seed': 158678, 'sequence_length': 256, 'num_items': 4}"
sequence_length,long_horizon_recall,full_history_reference_baseline,sequence_length,256,166597,1.0,0.0,28.171,1,"{'model_name': 'full_history_reference_baseline', 'state_dim': 32, 'seed': 166597, 'sequence_length': 256, 'num_items': 4}"
sequence_length,long_horizon_recall,full_history_reference_baseline,sequence_length,256,174516,1.0,0.0,27.622,1,"{'model_name': 'full_history_reference_baseline', 'state_dim': 32, 'seed': 174516, 'sequence_length': 256, 'num_items': 4}"
sequence_length,long_horizon_recall,full_history_reference_baseline,sequence_length,256,182435,1.0,0.0,25.939,1,"{'model_name': 'full_history_reference_baseline', 'state_dim': 32, 'seed': 182435, 'sequence_length': 256, 'num_items': 4}"
sequence_length,long_horizon_recall,full_history_reference_baseline,sequence_length,256,190354,1.0,0.0,28.443,1,"{'model_name': 'full_history_reference_baseline', 'state_dim': 32, 'seed': 190354, 'sequence_length': 256, 'num_items': 4}"
sequence_length,long_horizon_recall,full_history_reference_baseline,sequence_length,256,198273,1.0,0.0,26.623,1,"{'model_name': 'full_history_reference_baseline', 'state_dim': 32, 'seed': 198273, 'sequence_length': 256, 'num_items': 4}"
sequence_length,long_horizon_recall,full_history_reference_baseline,sequence_length,256,206192,1.0,0.0,28.337,1,"{'model_name': 'full_history_reference_baseline', 'state_dim': 32, 'seed': 206192, 'sequence_length': 256, 'num_items': 4}"
sequence_length,long_horizon_recall,full_history_reference_baseline,sequence_length,256,214111,1.0,0.0,28.009,1,"{'model_name': 'full_history_reference_baseline', 'state_dim': 32, 'seed': 214111, 'sequence_length': 256, 'num_items': 4}"
sequence_length,long_horizon_recall,full_history_reference_baseline,sequence_length,256,222030,1.0,0.0,27.178,1,"{'model_name': 'full_history_reference_baseline', 'state_dim': 32, 'seed': 222030, 'sequence_length': 256, 'num_items': 4}"
sequence_length,long_horizon_recall,full_history_reference_baseline,sequence_length,256,229949,1.0,0.0,28.925,1,"{'model_name': 'full_history_reference_baseline', 'state_dim': 32, 'seed': 229949, 'sequence_length': 256, 'num_items': 4}"
sequence_length,long_horizon_recall,full_history_reference_baseline,sequence_length,512,554,1.0,0.0,71.369,1,"{'model_name': 'full_history_reference_baseline', 'state_dim': 32, 'seed': 554, 'sequence_length': 512, 'num_items': 4}"
sequence_length,long_horizon_recall,full_history_reference_baseline,sequence_length,512,8473,1.0,0.0,143.18,1,"{'model_name': 'full_history_reference_baseline', 'state_dim': 32, 'seed': 8473, 'sequence_length': 512, 'num_items': 4}"
sequence_length,long_horizon_recall,full_history_reference_baseline,sequence_length,512,16392,1.0,0.0,51.339,1,"{'model_name': 'full_history_reference_baseline', 'state_dim': 32, 'seed': 16392, 'sequence_length': 512, 'num_items': 4}"
sequence_length,long_horizon_recall,full_history_reference_baseline,sequence_length,512,24311,1.0,0.0,51.223,1,"{'model_name': 'full_history_reference_baseline', 'state_dim': 32, 'seed': 24311, 'sequence_length': 512, 'num_items': 4}"
sequence_length,long_horizon_recall,full_history_reference_baseline,sequence_length,512,32230,1.0,0.0,54.491,1,"{'model_name': 'full_history_reference_baseline', 'state_dim': 32, 'seed': 32230, 'sequence_length': 512, 'num_items': 4}"
sequence_length,long_horizon_recall,full_history_reference_baseline,sequence_length,512,40149,1.0,0.0,53.465,1,"{'model_name': 'full_history_reference_baseline', 'state_dim': 32, 'seed': 40149, 'sequence_length': 512, 'num_items': 4}"
sequence_length,long_horizon_recall,full_history_reference_baseline,sequence_length,512,48068,1.0,0.0,54.233,1,"{'model_name': 'full_history_reference_baseline', 'state_dim': 32, 'seed': 48068, 'sequence_length': 512, 'num_items': 4}"
sequence_length,long_horizon_recall,full_history_reference_baseline,sequence_length,512,55987,1.0,0.0,50.616,1,"{'model_name': 'full_history_reference_baseline', 'state_dim': 32, 'seed': 55987, 'sequence_length': 512, 'num_items': 4}"
sequence_length,long_horizon_recall,full_history_reference_baseline,sequence_length,512,63906,1.0,0.0,54.182,1,"{'model_name': 'full_history_reference_baseline', 'state_dim': 32, 'seed': 63906, 'sequence_length': 512, 'num_items': 4}"
sequence_length,long_horizon_recall,full_history_reference_baseline,sequence_length,512,71825,1.0,0.0,54.54,1,"{'model_name': 'full_history_reference_baseline', 'state_dim': 32, 'seed': 71825, 'sequence_length': 512, 'num_items': 4}"
sequence_length,long_horizon_recall,full_history_reference_baseline,sequence_length,512,79744,1.0,0.0,54.638,1,"{'model_name': 'full_history_reference_baseline', 'state_dim': 32, 'seed': 79744, 'sequence_length': 512, 'num_items': 4}"
sequence_length,long_horizon_recall,full_history_reference_baseline,sequence_length,512,87663,1.0,0.0,54.412,1,"{'model_name': 'full_history_reference_baseline', 'state_dim': 32, 'seed': 87663, 'sequence_length': 512, 'num_items': 4}"
sequence_length,long_horizon_recall,full_history_reference_baseline,sequence_length,512,95582,1.0,0.0,294.929,1,"{'model_name': 'full_history_reference_baseline', 'state_dim': 32, 'seed': 95582, 'sequence_length': 512, 'num_items': 4}"
sequence_length,long_horizon_recall,full_history_reference_baseline,sequence_length,512,103501,1.0,0.0,342.286,1,"{'model_name': 'full_history_reference_baseline', 'state_dim': 32, 'seed': 103501, 'sequence_length': 512, 'num_items': 4}"
sequence_length,long_horizon_recall,full_history_reference_baseline,sequence_length,512,111420,1.0,0.0,372.84,1,"{'model_name': 'full_history_reference_baseline', 'state_dim': 32, 'seed': 111420, 'sequence_length': 512, 'num_items': 4}"
sequence_length,long_horizon_recall,full_history_reference_baseline,sequence_length,512,119339,1.0,0.0,336.783,1,"{'model_name': 'full_history_reference_baseline', 'state_dim': 32, 'seed': 119339, 'sequence_length': 512, 'num_items': 4}"
sequence_length,long_horizon_recall,full_history_reference_baseline,sequence_length,512,127258,1.0,0.0,319.322,1,"{'model_name': 'full_history_reference_baseline', 'state_dim': 32, 'seed': 127258, 'sequence_length': 512, 'num_items': 4}"
sequence_length,long_horizon_recall,full_history_reference_baseline,sequence_length,512,135177,1.0,0.0,318.158,1,"{'model_name': 'full_history_reference_baseline', 'state_dim': 32, 'seed': 135177, 'sequence_length': 512, 'num_items': 4}"
sequence_length,long_horizon_recall,full_history_reference_baseline,sequence_length,512,143096,1.0,0.0,333.997,1,"{'model_name': 'full_history_reference_baseline', 'state_dim': 32, 'seed': 143096, 'sequence_length': 512, 'num_items': 4}"
sequence_length,long_horizon_recall,full_history_reference_baseline,sequence_length,512,151015,1.0,0.0,320.483,1,"{'model_name': 'full_history_reference_baseline', 'state_dim': 32, 'seed': 151015, 'sequence_length': 512, 'num_items': 4}"
sequence_length,long_horizon_recall,full_history_reference_baseline,sequence_length,512,158934,1.0,0.0,311.974,1,"{'model_name': 'full_history_reference_baseline', 'state_dim': 32, 'seed': 158934, 'sequence_length': 512, 'num_items': 4}"
sequence_length,long_horizon_recall,full_history_reference_baseline,sequence_length,512,166853,1.0,0.0,251.636,1,"{'model_name': 'full_history_reference_baseline', 'state_dim': 32, 'seed': 166853, 'sequence_length': 512, 'num_items': 4}"
sequence_length,long_horizon_recall,full_history_reference_baseline,sequence_length,512,174772,1.0,0.0,52.016,1,"{'model_name': 'full_history_reference_baseline', 'state_dim': 32, 'seed': 174772, 'sequence_length': 512, 'num_items': 4}"
sequence_length,long_horizon_recall,full_history_reference_baseline,sequence_length,512,182691,1.0,0.0,45.426,1,"{'model_name': 'full_history_reference_baseline', 'state_dim': 32, 'seed': 182691, 'sequence_length': 512, 'num_items': 4}"
sequence_length,long_horizon_recall,full_history_reference_baseline,sequence_length,512,190610,1.0,0.0,45.587,1,"{'model_name': 'full_history_reference_baseline', 'state_dim': 32, 'seed': 190610, 'sequence_length': 512, 'num_items': 4}"
sequence_length,long_horizon_recall,full_history_reference_baseline,sequence_length,512,198529,1.0,0.0,48.424,1,"{'model_name': 'full_history_reference_baseline', 'state_dim': 32, 'seed': 198529, 'sequence_length': 512, 'num_items': 4}"
sequence_length,long_horizon_recall,full_history_reference_baseline,sequence_length,512,206448,1.0,0.0,51.615,1,"{'model_name': 'full_history_reference_baseline', 'state_dim': 32, 'seed': 206448, 'sequence_length': 512, 'num_items': 4}"
sequence_length,long_horizon_recall,full_history_reference_baseline,sequence_length,512,214367,1.0,0.0,48.167,1,"{'model_name': 'full_history_reference_baseline', 'state_dim': 32, 'seed': 214367, 'sequence_length': 512, 'num_items': 4}"
sequence_length,long_horizon_recall,full_history_reference_baseline,sequence_length,512,222286,1.0,0.0,48.826,1,"{'model_name': 'full_history_reference_baseline', 'state_dim': 32, 'seed': 222286, 'sequence_length': 512, 'num_items': 4}"
sequence_length,long_horizon_recall,full_history_reference_baseline,sequence_length,512,230205,1.0,0.0,55.013,1,"{'model_name': 'full_history_reference_baseline', 'state_dim': 32, 'seed': 230205, 'sequence_length': 512, 'num_items': 4}"
sequence_length,long_horizon_recall,full_history_reference_baseline,sequence_length,1024,1066,1.0,0.0,205.29,1,"{'model_name': 'full_history_reference_baseline', 'state_dim': 32, 'seed': 1066, 'sequence_length': 1024, 'num_items': 4}"
sequence_length,long_horizon_recall,full_history_reference_baseline,sequence_length,1024,8985,1.0,0.0,225.181,1,"{'model_name': 'full_history_reference_baseline', 'state_dim': 32, 'seed': 8985, 'sequence_length': 1024, 'num_items': 4}"
sequence_length,long_horizon_recall,full_history_reference_baseline,sequence_length,1024,16904,1.0,0.0,223.076,1,"{'model_name': 'full_history_reference_baseline', 'state_dim': 32, 'seed': 16904, 'sequence_length': 1024, 'num_items': 4}"
sequence_length,long_horizon_recall,full_history_reference_baseline,sequence_length,1024,24823,1.0,0.0,135.138,1,"{'model_name': 'full_history_reference_baseline', 'state_dim': 32, 'seed': 24823, 'sequence_length': 1024, 'num_items': 4}"
sequence_length,long_horizon_recall,full_history_reference_baseline,sequence_length,1024,32742,1.0,0.0,190.165,1,"{'model_name': 'full_history_reference_baseline', 'state_dim': 32, 'seed': 32742, 'sequence_length': 1024, 'num_items': 4}"
sequence_length,long_horizon_recall,full_history_reference_baseline,sequence_length,1024,40661,1.0,0.0,200.546,1,"{'model_name': 'full_history_reference_baseline', 'state_dim': 32, 'seed': 40661, 'sequence_length': 1024, 'num_items': 4}"
sequence_length,long_horizon_recall,full_history_reference_baseline,sequence_length,1024,48580,1.0,0.0,216.572,1,"{'model_name': 'full_history_reference_baseline', 'state_dim': 32, 'seed': 48580, 'sequence_length': 1024, 'num_items': 4}"
sequence_length,long_horizon_recall,full_history_reference_baseline,sequence_length,1024,56499,1.0,0.0,177.889,1,"{'model_name': 'full_history_reference_baseline', 'state_dim': 32, 'seed': 56499, 'sequence_length': 1024, 'num_items': 4}"
sequence_length,long_horizon_recall,full_history_reference_baseline,sequence_length,1024,64418,1.0,0.0,209.382,1,"{'model_name': 'full_history_reference_baseline', 'state_dim': 32, 'seed': 64418, 'sequence_length': 1024, 'num_items': 4}"
sequence_length,long_horizon_recall,full_history_reference_baseline,sequence_length,1024,72337,1.0,0.0,216.421,1,"{'model_name': 'full_history_reference_baseline', 'state_dim': 32, 'seed': 72337, 'sequence_length': 1024, 'num_items': 4}"
sequence_length,long_horizon_recall,full_history_reference_baseline,sequence_length,1024,80256,1.0,0.0,219.84,1,"{'model_name': 'full_history_reference_baseline', 'state_dim': 32, 'seed': 80256, 'sequence_length': 1024, 'num_items': 4}"
sequence_length,long_horizon_recall,full_history_reference_baseline,sequence_length,1024,88175,1.0,0.0,230.392,1,"{'model_name': 'full_history_reference_baseline', 'state_dim': 32, 'seed': 88175, 'sequence_length': 1024, 'num_items': 4}"
sequence_length,long_horizon_recall,full_history_reference_baseline,sequence_length,1024,96094,1.0,0.0,138.723,1,"{'model_name': 'full_history_reference_baseline', 'state_dim': 32, 'seed': 96094, 'sequence_length': 1024, 'num_items': 4}"
sequence_length,long_horizon_recall,full_history_reference_baseline,sequence_length,1024,104013,1.0,0.0,193.145,1,"{'model_name': 'full_history_reference_baseline', 'state_dim': 32, 'seed': 104013, 'sequence_length': 1024, 'num_items': 4}"
sequence_length,long_horizon_recall,full_history_reference_baseline,sequence_length,1024,111932,1.0,0.0,220.941,1,"{'model_name': 'full_history_reference_baseline', 'state_dim': 32, 'seed': 111932, 'sequence_length': 1024, 'num_items': 4}"
sequence_length,long_horizon_recall,full_history_reference_baseline,sequence_length,1024,119851,1.0,0.0,175.664,1,"{'model_name': 'full_history_reference_baseline', 'state_dim': 32, 'seed': 119851, 'sequence_length': 1024, 'num_items': 4}"
sequence_length,long_horizon_recall,full_history_reference_baseline,sequence_length,1024,127770,1.0,0.0,206.96,1,"{'model_name': 'full_history_reference_baseline', 'state_dim': 32, 'seed': 127770, 'sequence_length': 1024, 'num_items': 4}"
sequence_length,long_horizon_recall,full_history_reference_baseline,sequence_length,1024,135689,1.0,0.0,226.662,1,"{'model_name': 'full_history_reference_baseline', 'state_dim': 32, 'seed': 135689, 'sequence_length': 1024, 'num_items': 4}"
sequence_length,long_horizon_recall,full_history_reference_baseline,sequence_length,1024,143608,1.0,0.0,198.348,1,"{'model_name': 'full_history_reference_baseline', 'state_dim': 32, 'seed': 143608, 'sequence_length': 1024, 'num_items': 4}"
sequence_length,long_horizon_recall,full_history_reference_baseline,sequence_length,1024,151527,1.0,0.0,212.289,1,"{'model_name': 'full_history_reference_baseline', 'state_dim': 32, 'seed': 151527, 'sequence_length': 1024, 'num_items': 4}"
sequence_length,long_horizon_recall,full_history_reference_baseline,sequence_length,1024,159446,1.0,0.0,225.844,1,"{'model_name': 'full_history_reference_baseline', 'state_dim': 32, 'seed': 159446, 'sequence_length': 1024, 'num_items': 4}"
sequence_length,long_horizon_recall,full_history_reference_baseline,sequence_length,1024,167365,1.0,0.0,202.304,1,"{'model_name': 'full_history_reference_baseline', 'state_dim': 32, 'seed': 167365, 'sequence_length': 1024, 'num_items': 4}"
sequence_length,long_horizon_recall,full_history_reference_baseline,sequence_length,1024,175284,1.0,0.0,213.776,1,"{'model_name': 'full_history_reference_baseline', 'state_dim': 32, 'seed': 175284, 'sequence_length': 1024, 'num_items': 4}"
sequence_length,long_horizon_recall,full_history_reference_baseline,sequence_length,1024,183203,1.0,0.0,188.998,1,"{'model_name': 'full_history_reference_baseline', 'state_dim': 32, 'seed': 183203, 'sequence_length': 1024, 'num_items': 4}"
sequence_length,long_horizon_recall,full_history_reference_baseline,sequence_length,1024,191122,1.0,0.0,201.017,1,"{'model_name': 'full_history_reference_baseline', 'state_dim': 32, 'seed': 191122, 'sequence_length': 1024, 'num_items': 4}"
sequence_length,long_horizon_recall,full_history_reference_baseline,sequence_length,1024,199041,1.0,0.0,198.449,1,"{'model_name': 'full_history_reference_baseline', 'state_dim': 32, 'seed': 199041, 'sequence_length': 1024, 'num_items': 4}"
sequence_length,long_horizon_recall,full_history_reference_baseline,sequence_length,1024,206960,1.0,0.0,216.015,1,"{'model_name': 'full_history_reference_baseline', 'state_dim': 32, 'seed': 206960, 'sequence_length': 1024, 'num_items': 4}"
sequence_length,long_horizon_recall,full_history_reference_baseline,sequence_length,1024,214879,1.0,0.0,183.436,1,"{'model_name': 'full_history_reference_baseline', 'state_dim': 32, 'seed': 214879, 'sequence_length': 1024, 'num_items': 4}"
sequence_length,long_horizon_recall,full_history_reference_baseline,sequence_length,1024,222798,1.0,0.0,202.734,1,"{'model_name': 'full_history_reference_baseline', 'state_dim': 32, 'seed': 222798, 'sequence_length': 1024, 'num_items': 4}"
sequence_length,long_horizon_recall,full_history_reference_baseline,sequence_length,1024,230717,1.0,0.0,241.489,1,"{'model_name': 'full_history_reference_baseline', 'state_dim': 32, 'seed': 230717, 'sequence_length': 1024, 'num_items': 4}"
sequence_length,long_horizon_recall,fixed_size_recurrent_memory,sequence_length,16,58,1.0,0.0,24.195,1,"{'model_name': 'fixed_size_recurrent_memory', 'state_dim': 32, 'seed': 58, 'sequence_length': 16, 'num_items': 4}"
sequence_length,long_horizon_recall,fixed_size_recurrent_memory,sequence_length,16,7977,0.0,1.0,12.292,1,"{'model_name': 'fixed_size_recurrent_memory', 'state_dim': 32, 'seed': 7977, 'sequence_length': 16, 'num_items': 4}"
sequence_length,long_horizon_recall,fixed_size_recurrent_memory,sequence_length,16,15896,0.0,1.0,12.361,1,"{'model_name': 'fixed_size_recurrent_memory', 'state_dim': 32, 'seed': 15896, 'sequence_length': 16, 'num_items': 4}"
sequence_length,long_horizon_recall,fixed_size_recurrent_memory,sequence_length,16,23815,0.0,1.0,5.506,1,"{'model_name': 'fixed_size_recurrent_memory', 'state_dim': 32, 'seed': 23815, 'sequence_length': 16, 'num_items': 4}"
sequence_length,long_horizon_recall,fixed_size_recurrent_memory,sequence_length,16,31734,0.0,1.0,2.888,1,"{'model_name': 'fixed_size_recurrent_memory', 'state_dim': 32, 'seed': 31734, 'sequence_length': 16, 'num_items': 4}"
sequence_length,long_horizon_recall,fixed_size_recurrent_memory,sequence_length,16,39653,0.0,1.0,2.3,1,"{'model_name': 'fixed_size_recurrent_memory', 'state_dim': 32, 'seed': 39653, 'sequence_length': 16, 'num_items': 4}"
sequence_length,long_horizon_recall,fixed_size_recurrent_memory,sequence_length,16,47572,0.0,1.0,2.33,1,"{'model_name': 'fixed_size_recurrent_memory', 'state_dim': 32, 'seed': 47572, 'sequence_length': 16, 'num_items': 4}"
sequence_length,long_horizon_recall,fixed_size_recurrent_memory,sequence_length,16,55491,0.0,1.0,2.248,1,"{'model_name': 'fixed_size_recurrent_memory', 'state_dim': 32, 'seed': 55491, 'sequence_length': 16, 'num_items': 4}"
sequence_length,long_horizon_recall,fixed_size_recurrent_memory,sequence_length,16,63410,0.0,1.0,2.272,1,"{'model_name': 'fixed_size_recurrent_memory', 'state_dim': 32, 'seed': 63410, 'sequence_length': 16, 'num_items': 4}"
sequence_length,long_horizon_recall,fixed_size_recurrent_memory,sequence_length,16,71329,0.0,1.0,2.942,1,"{'model_name': 'fixed_size_recurrent_memory', 'state_dim': 32, 'seed': 71329, 'sequence_length': 16, 'num_items': 4}"
sequence_length,long_horizon_recall,fixed_size_recurrent_memory,sequence_length,16,79248,0.0,1.0,3.018,1,"{'model_name': 'fixed_size_recurrent_memory', 'state_dim': 32, 'seed': 79248, 'sequence_length': 16, 'num_items': 4}"
sequence_length,long_horizon_recall,fixed_size_recurrent_memory,sequence_length,16,87167,0.0,1.0,2.915,1,"{'model_name': 'fixed_size_recurrent_memory', 'state_dim': 32, 'seed': 87167, 'sequence_length': 16, 'num_items': 4}"
sequence_length,long_horizon_recall,fixed_size_recurrent_memory,sequence_length,16,95086,0.0,1.0,2.967,1,"{'model_name': 'fixed_size_recurrent_memory', 'state_dim': 32, 'seed': 95086, 'sequence_length': 16, 'num_items': 4}"
sequence_length,long_horizon_recall,fixed_size_recurrent_memory,sequence_length,16,103005,0.0,1.0,2.892,1,"{'model_name': 'fixed_size_recurrent_memory', 'state_dim': 32, 'seed': 103005, 'sequence_length': 16, 'num_items': 4}"
sequence_length,long_horizon_recall,fixed_size_recurrent_memory,sequence_length,16,110924,1.0,0.0,3.706,1,"{'model_name': 'fixed_size_recurrent_memory', 'state_dim': 32, 'seed': 110924, 'sequence_length': 16, 'num_items': 4}"
sequence_length,long_horizon_recall,fixed_size_recurrent_memory,sequence_length,16,118843,0.0,1.0,3.248,1,"{'model_name': 'fixed_size_recurrent_memory', 'state_dim': 32, 'seed': 118843, 'sequence_length': 16, 'num_items': 4}"
sequence_length,long_horizon_recall,fixed_size_recurrent_memory,sequence_length,16,126762,1.0,0.0,3.013,1,"{'model_name': 'fixed_size_recurrent_memory', 'state_dim': 32, 'seed': 126762, 'sequence_length': 16, 'num_items': 4}"
sequence_length,long_horizon_recall,fixed_size_recurrent_memory,sequence_length,16,134681,0.0,1.0,3.252,1,"{'model_name': 'fixed_size_recurrent_memory', 'state_dim': 32, 'seed': 134681, 'sequence_length': 16, 'num_items': 4}"
sequence_length,long_horizon_recall,fixed_size_recurrent_memory,sequence_length,16,142600,0.0,1.0,3.034,1,"{'model_name': 'fixed_size_recurrent_memory', 'state_dim': 32, 'seed': 142600, 'sequence_length': 16, 'num_items': 4}"
sequence_length,long_horizon_recall,fixed_size_recurrent_memory,sequence_length,16,150519,0.0,1.0,2.899,1,"{'model_name': 'fixed_size_recurrent_memory', 'state_dim': 32, 'seed': 150519, 'sequence_length': 16, 'num_items': 4}"
sequence_length,long_horizon_recall,fixed_size_recurrent_memory,sequence_length,16,158438,0.0,1.0,2.784,1,"{'model_name': 'fixed_size_recurrent_memory', 'state_dim': 32, 'seed': 158438, 'sequence_length': 16, 'num_items': 4}"
sequence_length,long_horizon_recall,fixed_size_recurrent_memory,sequence_length,16,166357,0.0,1.0,2.345,1,"{'model_name': 'fixed_size_recurrent_memory', 'state_dim': 32, 'seed': 166357, 'sequence_length': 16, 'num_items': 4}"
sequence_length,long_horizon_recall,fixed_size_recurrent_memory,sequence_length,16,174276,0.0,1.0,2.317,1,"{'model_name': 'fixed_size_recurrent_memory', 'state_dim': 32, 'seed': 174276, 'sequence_length': 16, 'num_items': 4}"
sequence_length,long_horizon_recall,fixed_size_recurrent_memory,sequence_length,16,182195,1.0,0.0,2.2,1,"{'model_name': 'fixed_size_recurrent_memory', 'state_dim': 32, 'seed': 182195, 'sequence_length': 16, 'num_items': 4}"
sequence_length,long_horizon_recall,fixed_size_recurrent_memory,sequence_length,16,190114,0.0,1.0,2.537,1,"{'model_name': 'fixed_size_recurrent_memory', 'state_dim': 32, 'seed': 190114, 'sequence_length': 16, 'num_items': 4}"
sequence_length,long_horizon_recall,fixed_size_recurrent_memory,sequence_length,16,198033,0.0,1.0,2.926,1,"{'model_name': 'fixed_size_recurrent_memory', 'state_dim': 32, 'seed': 198033, 'sequence_length': 16, 'num_items': 4}"
sequence_length,long_horizon_recall,fixed_size_recurrent_memory,sequence_length,16,205952,0.0,1.0,2.845,1,"{'model_name': 'fixed_size_recurrent_memory', 'state_dim': 32, 'seed': 205952, 'sequence_length': 16, 'num_items': 4}"
sequence_length,long_horizon_recall,fixed_size_recurrent_memory,sequence_length,16,213871,0.0,1.0,2.922,1,"{'model_name': 'fixed_size_recurrent_memory', 'state_dim': 32, 'seed': 213871, 'sequence_length': 16, 'num_items': 4}"
sequence_length,long_horizon_recall,fixed_size_recurrent_memory,sequence_length,16,221790,0.0,1.0,2.851,1,"{'model_name': 'fixed_size_recurrent_memory', 'state_dim': 32, 'seed': 221790, 'sequence_length': 16, 'num_items': 4}"
sequence_length,long_horizon_recall,fixed_size_recurrent_memory,sequence_length,16,229709,0.0,1.0,2.891,1,"{'model_name': 'fixed_size_recurrent_memory', 'state_dim': 32, 'seed': 229709, 'sequence_length': 16, 'num_items': 4}"
sequence_length,long_horizon_recall,fixed_size_recurrent_memory,sequence_length,32,74,0.0,1.0,5.702,1,"{'model_name': 'fixed_size_recurrent_memory', 'state_dim': 32, 'seed': 74, 'sequence_length': 32, 'num_items': 4}"
sequence_length,long_horizon_recall,fixed_size_recurrent_memory,sequence_length,32,7993,0.0,1.0,5.313,1,"{'model_name': 'fixed_size_recurrent_memory', 'state_dim': 32, 'seed': 7993, 'sequence_length': 32, 'num_items': 4}"
sequence_length,long_horizon_recall,fixed_size_recurrent_memory,sequence_length,32,15912,0.0,1.0,5.426,1,"{'model_name': 'fixed_size_recurrent_memory', 'state_dim': 32, 'seed': 15912, 'sequence_length': 32, 'num_items': 4}"
sequence_length,long_horizon_recall,fixed_size_recurrent_memory,sequence_length,32,23831,0.0,1.0,5.43,1,"{'model_name': 'fixed_size_recurrent_memory', 'state_dim': 32, 'seed': 23831, 'sequence_length': 32, 'num_items': 4}"
sequence_length,long_horizon_recall,fixed_size_recurrent_memory,sequence_length,32,31750,0.0,1.0,5.425,1,"{'model_name': 'fixed_size_recurrent_memory', 'state_dim': 32, 'seed': 31750, 'sequence_length': 32, 'num_items': 4}"
sequence_length,long_horizon_recall,fixed_size_recurrent_memory,sequence_length,32,39669,0.0,1.0,5.352,1,"{'model_name': 'fixed_size_recurrent_memory', 'state_dim': 32, 'seed': 39669, 'sequence_length': 32, 'num_items': 4}"
sequence_length,long_horizon_recall,fixed_size_recurrent_memory,sequence_length,32,47588,0.0,1.0,5.332,1,"{'model_name': 'fixed_size_recurrent_memory', 'state_dim': 32, 'seed': 47588, 'sequence_length': 32, 'num_items': 4}"
sequence_length,long_horizon_recall,fixed_size_recurrent_memory,sequence_length,32,55507,0.0,1.0,5.265,1,"{'model_name': 'fixed_size_recurrent_memory', 'state_dim': 32, 'seed': 55507, 'sequence_length': 32, 'num_items': 4}"
sequence_length,long_horizon_recall,fixed_size_recurrent_memory,sequence_length,32,63426,0.0,1.0,5.378,1,"{'model_name': 'fixed_size_recurrent_memory', 'state_dim': 32, 'seed': 63426, 'sequence_length': 32, 'num_items': 4}"
sequence_length,long_horizon_recall,fixed_size_recurrent_memory,sequence_length,32,71345,0.0,1.0,5.322,1,"{'model_name': 'fixed_size_recurrent_memory', 'state_dim': 32, 'seed': 71345, 'sequence_length': 32, 'num_items': 4}"
sequence_length,long_horizon_recall,fixed_size_recurrent_memory,sequence_length,32,79264,0.0,1.0,4.467,1,"{'model_name': 'fixed_size_recurrent_memory', 'state_dim': 32, 'seed': 79264, 'sequence_length': 32, 'num_items': 4}"
sequence_length,long_horizon_recall,fixed_size_recurrent_memory,sequence_length,32,87183,0.0,1.0,4.092,1,"{'model_name': 'fixed_size_recurrent_memory', 'state_dim': 32, 'seed': 87183, 'sequence_length': 32, 'num_items': 4}"
sequence_length,long_horizon_recall,fixed_size_recurrent_memory,sequence_length,32,95102,0.0,1.0,4.445,1,"{'model_name': 'fixed_size_recurrent_memory', 'state_dim': 32, 'seed': 95102, 'sequence_length': 32, 'num_items': 4}"
sequence_length,long_horizon_recall,fixed_size_recurrent_memory,sequence_length,32,103021,0.0,1.0,5.578,1,"{'model_name': 'fixed_size_recurrent_memory', 'state_dim': 32, 'seed': 103021, 'sequence_length': 32, 'num_items': 4}"
sequence_length,long_horizon_recall,fixed_size_recurrent_memory,sequence_length,32,110940,0.0,1.0,4.263,1,"{'model_name': 'fixed_size_recurrent_memory', 'state_dim': 32, 'seed': 110940, 'sequence_length': 32, 'num_items': 4}"
sequence_length,long_horizon_recall,fixed_size_recurrent_memory,sequence_length,32,118859,0.0,1.0,4.544,1,"{'model_name': 'fixed_size_recurrent_memory', 'state_dim': 32, 'seed': 118859, 'sequence_length': 32, 'num_items': 4}"
sequence_length,long_horizon_recall,fixed_size_recurrent_memory,sequence_length,32,126778,0.0,1.0,5.351,1,"{'model_name': 'fixed_size_recurrent_memory', 'state_dim': 32, 'seed': 126778, 'sequence_length': 32, 'num_items': 4}"
sequence_length,long_horizon_recall,fixed_size_recurrent_memory,sequence_length,32,134697,0.0,1.0,5.376,1,"{'model_name': 'fixed_size_recurrent_memory', 'state_dim': 32, 'seed': 134697, 'sequence_length': 32, 'num_items': 4}"
sequence_length,long_horizon_recall,fixed_size_recurrent_memory,sequence_length,32,142616,0.0,1.0,5.376,1,"{'model_name': 'fixed_size_recurrent_memory', 'state_dim': 32, 'seed': 142616, 'sequence_length': 32, 'num_items': 4}"
sequence_length,long_horizon_recall,fixed_size_recurrent_memory,sequence_length,32,150535,0.0,1.0,5.512,1,"{'model_name': 'fixed_size_recurrent_memory', 'state_dim': 32, 'seed': 150535, 'sequence_length': 32, 'num_items': 4}"
sequence_length,long_horizon_recall,fixed_size_recurrent_memory,sequence_length,32,158454,0.0,1.0,5.345,1,"{'model_name': 'fixed_size_recurrent_memory', 'state_dim': 32, 'seed': 158454, 'sequence_length': 32, 'num_items': 4}"
sequence_length,long_horizon_recall,fixed_size_recurrent_memory,sequence_length,32,166373,0.0,1.0,5.384,1,"{'model_name': 'fixed_size_recurrent_memory', 'state_dim': 32, 'seed': 166373, 'sequence_length': 32, 'num_items': 4}"
sequence_length,long_horizon_recall,fixed_size_recurrent_memory,sequence_length,32,174292,0.0,1.0,5.402,1,"{'model_name': 'fixed_size_recurrent_memory', 'state_dim': 32, 'seed': 174292, 'sequence_length': 32, 'num_items': 4}"
sequence_length,long_horizon_recall,fixed_size_recurrent_memory,sequence_length,32,182211,0.0,1.0,29.02,1,"{'model_name': 'fixed_size_recurrent_memory', 'state_dim': 32, 'seed': 182211, 'sequence_length': 32, 'num_items': 4}"
sequence_length,long_horizon_recall,fixed_size_recurrent_memory,sequence_length,32,190130,0.0,1.0,5.471,1,"{'model_name': 'fixed_size_recurrent_memory', 'state_dim': 32, 'seed': 190130, 'sequence_length': 32, 'num_items': 4}"
sequence_length,long_horizon_recall,fixed_size_recurrent_memory,sequence_length,32,198049,0.0,1.0,5.377,1,"{'model_name': 'fixed_size_recurrent_memory', 'state_dim': 32, 'seed': 198049, 'sequence_length': 32, 'num_items': 4}"
sequence_length,long_horizon_recall,fixed_size_recurrent_memory,sequence_length,32,205968,0.0,1.0,5.533,1,"{'model_name': 'fixed_size_recurrent_memory', 'state_dim': 32, 'seed': 205968, 'sequence_length': 32, 'num_items': 4}"
sequence_length,long_horizon_recall,fixed_size_recurrent_memory,sequence_length,32,213887,0.0,1.0,14.327,1,"{'model_name': 'fixed_size_recurrent_memory', 'state_dim': 32, 'seed': 213887, 'sequence_length': 32, 'num_items': 4}"
sequence_length,long_horizon_recall,fixed_size_recurrent_memory,sequence_length,32,221806,0.0,1.0,22.371,1,"{'model_name': 'fixed_size_recurrent_memory', 'state_dim': 32, 'seed': 221806, 'sequence_length': 32, 'num_items': 4}"
sequence_length,long_horizon_recall,fixed_size_recurrent_memory,sequence_length,32,229725,0.0,1.0,22.896,1,"{'model_name': 'fixed_size_recurrent_memory', 'state_dim': 32, 'seed': 229725, 'sequence_length': 32, 'num_items': 4}"
sequence_length,long_horizon_recall,fixed_size_recurrent_memory,sequence_length,64,106,0.0,1.0,9.226,1,"{'model_name': 'fixed_size_recurrent_memory', 'state_dim': 32, 'seed': 106, 'sequence_length': 64, 'num_items': 4}"
sequence_length,long_horizon_recall,fixed_size_recurrent_memory,sequence_length,64,8025,0.0,1.0,9.432,1,"{'model_name': 'fixed_size_recurrent_memory', 'state_dim': 32, 'seed': 8025, 'sequence_length': 64, 'num_items': 4}"
sequence_length,long_horizon_recall,fixed_size_recurrent_memory,sequence_length,64,15944,0.0,1.0,17.033,1,"{'model_name': 'fixed_size_recurrent_memory', 'state_dim': 32, 'seed': 15944, 'sequence_length': 64, 'num_items': 4}"
sequence_length,long_horizon_recall,fixed_size_recurrent_memory,sequence_length,64,23863,0.0,1.0,44.891,1,"{'model_name': 'fixed_size_recurrent_memory', 'state_dim': 32, 'seed': 23863, 'sequence_length': 64, 'num_items': 4}"
sequence_length,long_horizon_recall,fixed_size_recurrent_memory,sequence_length,64,31782,0.0,1.0,37.271,1,"{'model_name': 'fixed_size_recurrent_memory', 'state_dim': 32, 'seed': 31782, 'sequence_length': 64, 'num_items': 4}"
sequence_length,long_horizon_recall,fixed_size_recurrent_memory,sequence_length,64,39701,0.0,1.0,10.253,1,"{'model_name': 'fixed_size_recurrent_memory', 'state_dim': 32, 'seed': 39701, 'sequence_length': 64, 'num_items': 4}"
sequence_length,long_horizon_recall,fixed_size_recurrent_memory,sequence_length,64,47620,0.0,1.0,10.23,1,"{'model_name': 'fixed_size_recurrent_memory', 'state_dim': 32, 'seed': 47620, 'sequence_length': 64, 'num_items': 4}"
sequence_length,long_horizon_recall,fixed_size_recurrent_memory,sequence_length,64,55539,0.0,1.0,10.222,1,"{'model_name': 'fixed_size_recurrent_memory', 'state_dim': 32, 'seed': 55539, 'sequence_length': 64, 'num_items': 4}"
sequence_length,long_horizon_recall,fixed_size_recurrent_memory,sequence_length,64,63458,0.0,1.0,47.15,1,"{'model_name': 'fixed_size_recurrent_memory', 'state_dim': 32, 'seed': 63458, 'sequence_length': 64, 'num_items': 4}"
sequence_length,long_horizon_recall,fixed_size_recurrent_memory,sequence_length,64,71377,0.0,1.0,26.982,1,"{'model_name': 'fixed_size_recurrent_memory', 'state_dim': 32, 'seed': 71377, 'sequence_length': 64, 'num_items': 4}"
sequence_length,long_horizon_recall,fixed_size_recurrent_memory,sequence_length,64,79296,0.0,1.0,10.406,1,"{'model_name': 'fixed_size_recurrent_memory', 'state_dim': 32, 'seed': 79296, 'sequence_length': 64, 'num_items': 4}"
sequence_length,long_horizon_recall,fixed_size_recurrent_memory,sequence_length,64,87215,0.0,1.0,10.406,1,"{'model_name': 'fixed_size_recurrent_memory', 'state_dim': 32, 'seed': 87215, 'sequence_length': 64, 'num_items': 4}"
sequence_length,long_horizon_recall,fixed_size_recurrent_memory,sequence_length,64,95134,0.0,1.0,10.318,1,"{'model_name': 'fixed_size_recurrent_memory', 'state_dim': 32, 'seed': 95134, 'sequence_length': 64, 'num_items': 4}"
sequence_length,long_horizon_recall,fixed_size_recurrent_memory,sequence_length,64,103053,0.0,1.0,10.329,1,"{'model_name': 'fixed_size_recurrent_memory', 'state_dim': 32, 'seed': 103053, 'sequence_length': 64, 'num_items': 4}"
sequence_length,long_horizon_recall,fixed_size_recurrent_memory,sequence_length,64,110972,0.0,1.0,10.388,1,"{'model_name': 'fixed_size_recurrent_memory', 'state_dim': 32, 'seed': 110972, 'sequence_length': 64, 'num_items': 4}"
sequence_length,long_horizon_recall,fixed_size_recurrent_memory,sequence_length,64,118891,0.0,1.0,10.493,1,"{'model_name': 'fixed_size_recurrent_memory', 'state_dim': 32, 'seed': 118891, 'sequence_length': 64, 'num_items': 4}"
sequence_length,long_horizon_recall,fixed_size_recurrent_memory,sequence_length,64,126810,0.0,1.0,10.328,1,"{'model_name': 'fixed_size_recurrent_memory', 'state_dim': 32, 'seed': 126810, 'sequence_length': 64, 'num_items': 4}"
sequence_length,long_horizon_recall,fixed_size_recurrent_memory,sequence_length,64,134729,0.0,1.0,10.426,1,"{'model_name': 'fixed_size_recurrent_memory', 'state_dim': 32, 'seed': 134729, 'sequence_length': 64, 'num_items': 4}"
sequence_length,long_horizon_recall,fixed_size_recurrent_memory,sequence_length,64,142648,0.0,1.0,10.246,1,"{'model_name': 'fixed_size_recurrent_memory', 'state_dim': 32, 'seed': 142648, 'sequence_length': 64, 'num_items': 4}"
sequence_length,long_horizon_recall,fixed_size_recurrent_memory,sequence_length,64,150567,0.0,1.0,10.344,1,"{'model_name': 'fixed_size_recurrent_memory', 'state_dim': 32, 'seed': 150567, 'sequence_length': 64, 'num_items': 4}"
sequence_length,long_horizon_recall,fixed_size_recurrent_memory,sequence_length,64,158486,0.0,1.0,10.509,1,"{'model_name': 'fixed_size_recurrent_memory', 'state_dim': 32, 'seed': 158486, 'sequence_length': 64, 'num_items': 4}"
sequence_length,long_horizon_recall,fixed_size_recurrent_memory,sequence_length,64,166405,0.0,1.0,10.437,1,"{'model_name': 'fixed_size_recurrent_memory', 'state_dim': 32, 'seed': 166405, 'sequence_length': 64, 'num_items': 4}"
sequence_length,long_horizon_recall,fixed_size_recurrent_memory,sequence_length,64,174324,0.0,1.0,10.722,1,"{'model_name': 'fixed_size_recurrent_memory', 'state_dim': 32, 'seed': 174324, 'sequence_length': 64, 'num_items': 4}"
sequence_length,long_horizon_recall,fixed_size_recurrent_memory,sequence_length,64,182243,0.0,1.0,12.211,1,"{'model_name': 'fixed_size_recurrent_memory', 'state_dim': 32, 'seed': 182243, 'sequence_length': 64, 'num_items': 4}"
sequence_length,long_horizon_recall,fixed_size_recurrent_memory,sequence_length,64,190162,0.0,1.0,15.623,1,"{'model_name': 'fixed_size_recurrent_memory', 'state_dim': 32, 'seed': 190162, 'sequence_length': 64, 'num_items': 4}"
sequence_length,long_horizon_recall,fixed_size_recurrent_memory,sequence_length,64,198081,0.0,1.0,25.51,1,"{'model_name': 'fixed_size_recurrent_memory', 'state_dim': 32, 'seed': 198081, 'sequence_length': 64, 'num_items': 4}"
sequence_length,long_horizon_recall,fixed_size_recurrent_memory,sequence_length,64,206000,0.0,1.0,49.749,1,"{'model_name': 'fixed_size_recurrent_memory', 'state_dim': 32, 'seed': 206000, 'sequence_length': 64, 'num_items': 4}"
sequence_length,long_horizon_recall,fixed_size_recurrent_memory,sequence_length,64,213919,0.0,1.0,42.288,1,"{'model_name': 'fixed_size_recurrent_memory', 'state_dim': 32, 'seed': 213919, 'sequence_length': 64, 'num_items': 4}"
sequence_length,long_horizon_recall,fixed_size_recurrent_memory,sequence_length,64,221838,0.0,1.0,44.184,1,"{'model_name': 'fixed_size_recurrent_memory', 'state_dim': 32, 'seed': 221838, 'sequence_length': 64, 'num_items': 4}"
sequence_length,long_horizon_recall,fixed_size_recurrent_memory,sequence_length,64,229757,0.0,1.0,34.283,1,"{'model_name': 'fixed_size_recurrent_memory', 'state_dim': 32, 'seed': 229757, 'sequence_length': 64, 'num_items': 4}"
sequence_length,long_horizon_recall,fixed_size_recurrent_memory,sequence_length,128,170,0.0,1.0,23.785,1,"{'model_name': 'fixed_size_recurrent_memory', 'state_dim': 32, 'seed': 170, 'sequence_length': 128, 'num_items': 4}"
sequence_length,long_horizon_recall,fixed_size_recurrent_memory,sequence_length,128,8089,0.0,1.0,21.638,1,"{'model_name': 'fixed_size_recurrent_memory', 'state_dim': 32, 'seed': 8089, 'sequence_length': 128, 'num_items': 4}"
sequence_length,long_horizon_recall,fixed_size_recurrent_memory,sequence_length,128,16008,0.0,1.0,88.317,1,"{'model_name': 'fixed_size_recurrent_memory', 'state_dim': 32, 'seed': 16008, 'sequence_length': 128, 'num_items': 4}"
sequence_length,long_horizon_recall,fixed_size_recurrent_memory,sequence_length,128,23927,0.0,1.0,77.172,1,"{'model_name': 'fixed_size_recurrent_memory', 'state_dim': 32, 'seed': 23927, 'sequence_length': 128, 'num_items': 4}"
sequence_length,long_horizon_recall,fixed_size_recurrent_memory,sequence_length,128,31846,0.0,1.0,40.316,1,"{'model_name': 'fixed_size_recurrent_memory', 'state_dim': 32, 'seed': 31846, 'sequence_length': 128, 'num_items': 4}"
sequence_length,long_horizon_recall,fixed_size_recurrent_memory,sequence_length,128,39765,0.0,1.0,20.164,1,"{'model_name': 'fixed_size_recurrent_memory', 'state_dim': 32, 'seed': 39765, 'sequence_length': 128, 'num_items': 4}"
sequence_length,long_horizon_recall,fixed_size_recurrent_memory,sequence_length,128,47684,0.0,1.0,19.9,1,"{'model_name': 'fixed_size_recurrent_memory', 'state_dim': 32, 'seed': 47684, 'sequence_length': 128, 'num_items': 4}"
sequence_length,long_horizon_recall,fixed_size_recurrent_memory,sequence_length,128,55603,0.0,1.0,20.183,1,"{'model_name': 'fixed_size_recurrent_memory', 'state_dim': 32, 'seed': 55603, 'sequence_length': 128, 'num_items': 4}"
sequence_length,long_horizon_recall,fixed_size_recurrent_memory,sequence_length,128,63522,0.0,1.0,19.896,1,"{'model_name': 'fixed_size_recurrent_memory', 'state_dim': 32, 'seed': 63522, 'sequence_length': 128, 'num_items': 4}"
sequence_length,long_horizon_recall,fixed_size_recurrent_memory,sequence_length,128,71441,0.0,1.0,19.822,1,"{'model_name': 'fixed_size_recurrent_memory', 'state_dim': 32, 'seed': 71441, 'sequence_length': 128, 'num_items': 4}"
sequence_length,long_horizon_recall,fixed_size_recurrent_memory,sequence_length,128,79360,0.0,1.0,62.119,1,"{'model_name': 'fixed_size_recurrent_memory', 'state_dim': 32, 'seed': 79360, 'sequence_length': 128, 'num_items': 4}"
sequence_length,long_horizon_recall,fixed_size_recurrent_memory,sequence_length,128,87279,0.0,1.0,19.515,1,"{'model_name': 'fixed_size_recurrent_memory', 'state_dim': 32, 'seed': 87279, 'sequence_length': 128, 'num_items': 4}"
sequence_length,long_horizon_recall,fixed_size_recurrent_memory,sequence_length,128,95198,0.0,1.0,19.242,1,"{'model_name': 'fixed_size_recurrent_memory', 'state_dim': 32, 'seed': 95198, 'sequence_length': 128, 'num_items': 4}"
sequence_length,long_horizon_recall,fixed_size_recurrent_memory,sequence_length,128,103117,0.0,1.0,19.06,1,"{'model_name': 'fixed_size_recurrent_memory', 'state_dim': 32, 'seed': 103117, 'sequence_length': 128, 'num_items': 4}"
sequence_length,long_horizon_recall,fixed_size_recurrent_memory,sequence_length,128,111036,0.0,1.0,18.804,1,"{'model_name': 'fixed_size_recurrent_memory', 'state_dim': 32, 'seed': 111036, 'sequence_length': 128, 'num_items': 4}"
sequence_length,long_horizon_recall,fixed_size_recurrent_memory,sequence_length,128,118955,0.0,1.0,19.946,1,"{'model_name': 'fixed_size_recurrent_memory', 'state_dim': 32, 'seed': 118955, 'sequence_length': 128, 'num_items': 4}"
sequence_length,long_horizon_recall,fixed_size_recurrent_memory,sequence_length,128,126874,0.0,1.0,61.995,1,"{'model_name': 'fixed_size_recurrent_memory', 'state_dim': 32, 'seed': 126874, 'sequence_length': 128, 'num_items': 4}"
sequence_length,long_horizon_recall,fixed_size_recurrent_memory,sequence_length,128,134793,0.0,1.0,18.978,1,"{'model_name': 'fixed_size_recurrent_memory', 'state_dim': 32, 'seed': 134793, 'sequence_length': 128, 'num_items': 4}"
sequence_length,long_horizon_recall,fixed_size_recurrent_memory,sequence_length,128,142712,0.0,1.0,63.991,1,"{'model_name': 'fixed_size_recurrent_memory', 'state_dim': 32, 'seed': 142712, 'sequence_length': 128, 'num_items': 4}"
sequence_length,long_horizon_recall,fixed_size_recurrent_memory,sequence_length,128,150631,0.0,1.0,42.346,1,"{'model_name': 'fixed_size_recurrent_memory', 'state_dim': 32, 'seed': 150631, 'sequence_length': 128, 'num_items': 4}"
sequence_length,long_horizon_recall,fixed_size_recurrent_memory,sequence_length,128,158550,0.0,1.0,20.041,1,"{'model_name': 'fixed_size_recurrent_memory', 'state_dim': 32, 'seed': 158550, 'sequence_length': 128, 'num_items': 4}"
sequence_length,long_horizon_recall,fixed_size_recurrent_memory,sequence_length,128,166469,0.0,1.0,27.303,1,"{'model_name': 'fixed_size_recurrent_memory', 'state_dim': 32, 'seed': 166469, 'sequence_length': 128, 'num_items': 4}"
sequence_length,long_horizon_recall,fixed_size_recurrent_memory,sequence_length,128,174388,0.0,1.0,20.535,1,"{'model_name': 'fixed_size_recurrent_memory', 'state_dim': 32, 'seed': 174388, 'sequence_length': 128, 'num_items': 4}"
sequence_length,long_horizon_recall,fixed_size_recurrent_memory,sequence_length,128,182307,0.0,1.0,37.118,1,"{'model_name': 'fixed_size_recurrent_memory', 'state_dim': 32, 'seed': 182307, 'sequence_length': 128, 'num_items': 4}"
sequence_length,long_horizon_recall,fixed_size_recurrent_memory,sequence_length,128,190226,0.0,1.0,85.773,1,"{'model_name': 'fixed_size_recurrent_memory', 'state_dim': 32, 'seed': 190226, 'sequence_length': 128, 'num_items': 4}"
sequence_length,long_horizon_recall,fixed_size_recurrent_memory,sequence_length,128,198145,0.0,1.0,18.509,1,"{'model_name': 'fixed_size_recurrent_memory', 'state_dim': 32, 'seed': 198145, 'sequence_length': 128, 'num_items': 4}"
sequence_length,long_horizon_recall,fixed_size_recurrent_memory,sequence_length,128,206064,0.0,1.0,19.142,1,"{'model_name': 'fixed_size_recurrent_memory', 'state_dim': 32, 'seed': 206064, 'sequence_length': 128, 'num_items': 4}"
sequence_length,long_horizon_recall,fixed_size_recurrent_memory,sequence_length,128,213983,0.0,1.0,19.113,1,"{'model_name': 'fixed_size_recurrent_memory', 'state_dim': 32, 'seed': 213983, 'sequence_length': 128, 'num_items': 4}"
sequence_length,long_horizon_recall,fixed_size_recurrent_memory,sequence_length,128,221902,0.0,1.0,18.934,1,"{'model_name': 'fixed_size_recurrent_memory', 'state_dim': 32, 'seed': 221902, 'sequence_length': 128, 'num_items': 4}"
sequence_length,long_horizon_recall,fixed_size_recurrent_memory,sequence_length,128,229821,0.0,1.0,15.84,1,"{'model_name': 'fixed_size_recurrent_memory', 'state_dim': 32, 'seed': 229821, 'sequence_length': 128, 'num_items': 4}"
sequence_length,long_horizon_recall,fixed_size_recurrent_memory,sequence_length,256,298,0.0,1.0,40.091,1,"{'model_name': 'fixed_size_recurrent_memory', 'state_dim': 32, 'seed': 298, 'sequence_length': 256, 'num_items': 4}"
sequence_length,long_horizon_recall,fixed_size_recurrent_memory,sequence_length,256,8217,0.0,1.0,66.519,1,"{'model_name': 'fixed_size_recurrent_memory', 'state_dim': 32, 'seed': 8217, 'sequence_length': 256, 'num_items': 4}"
sequence_length,long_horizon_recall,fixed_size_recurrent_memory,sequence_length,256,16136,0.0,1.0,38.663,1,"{'model_name': 'fixed_size_recurrent_memory', 'state_dim': 32, 'seed': 16136, 'sequence_length': 256, 'num_items': 4}"
sequence_length,long_horizon_recall,fixed_size_recurrent_memory,sequence_length,256,24055,0.0,1.0,109.153,1,"{'model_name': 'fixed_size_recurrent_memory', 'state_dim': 32, 'seed': 24055, 'sequence_length': 256, 'num_items': 4}"
sequence_length,long_horizon_recall,fixed_size_recurrent_memory,sequence_length,256,31974,0.0,1.0,49.895,1,"{'model_name': 'fixed_size_recurrent_memory', 'state_dim': 32, 'seed': 31974, 'sequence_length': 256, 'num_items': 4}"
sequence_length,long_horizon_recall,fixed_size_recurrent_memory,sequence_length,256,39893,0.0,1.0,122.451,1,"{'model_name': 'fixed_size_recurrent_memory', 'state_dim': 32, 'seed': 39893, 'sequence_length': 256, 'num_items': 4}"
sequence_length,long_horizon_recall,fixed_size_recurrent_memory,sequence_length,256,47812,0.0,1.0,39.032,1,"{'model_name': 'fixed_size_recurrent_memory', 'state_dim': 32, 'seed': 47812, 'sequence_length': 256, 'num_items': 4}"
sequence_length,long_horizon_recall,fixed_size_recurrent_memory,sequence_length,256,55731,0.0,1.0,37.176,1,"{'model_name': 'fixed_size_recurrent_memory', 'state_dim': 32, 'seed': 55731, 'sequence_length': 256, 'num_items': 4}"
sequence_length,long_horizon_recall,fixed_size_recurrent_memory,sequence_length,256,63650,0.0,1.0,40.538,1,"{'model_name': 'fixed_size_recurrent_memory', 'state_dim': 32, 'seed': 63650, 'sequence_length': 256, 'num_items': 4}"
sequence_length,long_horizon_recall,fixed_size_recurrent_memory,sequence_length,256,71569,0.0,1.0,71.743,1,"{'model_name': 'fixed_size_recurrent_memory', 'state_dim': 32, 'seed': 71569, 'sequence_length': 256, 'num_items': 4}"
sequence_length,long_horizon_recall,fixed_size_recurrent_memory,sequence_length,256,79488,0.0,1.0,69.31,1,"{'model_name': 'fixed_size_recurrent_memory', 'state_dim': 32, 'seed': 79488, 'sequence_length': 256, 'num_items': 4}"
sequence_length,long_horizon_recall,fixed_size_recurrent_memory,sequence_length,256,87407,0.0,1.0,37.971,1,"{'model_name': 'fixed_size_recurrent_memory', 'state_dim': 32, 'seed': 87407, 'sequence_length': 256, 'num_items': 4}"
sequence_length,long_horizon_recall,fixed_size_recurrent_memory,sequence_length,256,95326,0.0,1.0,109.987,1,"{'model_name': 'fixed_size_recurrent_memory', 'state_dim': 32, 'seed': 95326, 'sequence_length': 256, 'num_items': 4}"
sequence_length,long_horizon_recall,fixed_size_recurrent_memory,sequence_length,256,103245,0.0,1.0,41.611,1,"{'model_name': 'fixed_size_recurrent_memory', 'state_dim': 32, 'seed': 103245, 'sequence_length': 256, 'num_items': 4}"
sequence_length,long_horizon_recall,fixed_size_recurrent_memory,sequence_length,256,111164,0.0,1.0,108.979,1,"{'model_name': 'fixed_size_recurrent_memory', 'state_dim': 32, 'seed': 111164, 'sequence_length': 256, 'num_items': 4}"
sequence_length,long_horizon_recall,fixed_size_recurrent_memory,sequence_length,256,119083,0.0,1.0,34.176,1,"{'model_name': 'fixed_size_recurrent_memory', 'state_dim': 32, 'seed': 119083, 'sequence_length': 256, 'num_items': 4}"
sequence_length,long_horizon_recall,fixed_size_recurrent_memory,sequence_length,256,127002,0.0,1.0,40.937,1,"{'model_name': 'fixed_size_recurrent_memory', 'state_dim': 32, 'seed': 127002, 'sequence_length': 256, 'num_items': 4}"
sequence_length,long_horizon_recall,fixed_size_recurrent_memory,sequence_length,256,134921,0.0,1.0,54.178,1,"{'model_name': 'fixed_size_recurrent_memory', 'state_dim': 32, 'seed': 134921, 'sequence_length': 256, 'num_items': 4}"
sequence_length,long_horizon_recall,fixed_size_recurrent_memory,sequence_length,256,142840,0.0,1.0,93.356,1,"{'model_name': 'fixed_size_recurrent_memory', 'state_dim': 32, 'seed': 142840, 'sequence_length': 256, 'num_items': 4}"
sequence_length,long_horizon_recall,fixed_size_recurrent_memory,sequence_length,256,150759,0.0,1.0,39.781,1,"{'model_name': 'fixed_size_recurrent_memory', 'state_dim': 32, 'seed': 150759, 'sequence_length': 256, 'num_items': 4}"
sequence_length,long_horizon_recall,fixed_size_recurrent_memory,sequence_length,256,158678,0.0,1.0,111.421,1,"{'model_name': 'fixed_size_recurrent_memory', 'state_dim': 32, 'seed': 158678, 'sequence_length': 256, 'num_items': 4}"
sequence_length,long_horizon_recall,fixed_size_recurrent_memory,sequence_length,256,166597,0.0,1.0,46.339,1,"{'model_name': 'fixed_size_recurrent_memory', 'state_dim': 32, 'seed': 166597, 'sequence_length': 256, 'num_items': 4}"
sequence_length,long_horizon_recall,fixed_size_recurrent_memory,sequence_length,256,174516,0.0,1.0,38.504,1,"{'model_name': 'fixed_size_recurrent_memory', 'state_dim': 32, 'seed': 174516, 'sequence_length': 256, 'num_items': 4}"
sequence_length,long_horizon_recall,fixed_size_recurrent_memory,sequence_length,256,182435,0.0,1.0,86.655,1,"{'model_name': 'fixed_size_recurrent_memory', 'state_dim': 32, 'seed': 182435, 'sequence_length': 256, 'num_items': 4}"
sequence_length,long_horizon_recall,fixed_size_recurrent_memory,sequence_length,256,190354,0.0,1.0,51.574,1,"{'model_name': 'fixed_size_recurrent_memory', 'state_dim': 32, 'seed': 190354, 'sequence_length': 256, 'num_items': 4}"
sequence_length,long_horizon_recall,fixed_size_recurrent_memory,sequence_length,256,198273,0.0,1.0,41.901,1,"{'model_name': 'fixed_size_recurrent_memory', 'state_dim': 32, 'seed': 198273, 'sequence_length': 256, 'num_items': 4}"
sequence_length,long_horizon_recall,fixed_size_recurrent_memory,sequence_length,256,206192,0.0,1.0,40.756,1,"{'model_name': 'fixed_size_recurrent_memory', 'state_dim': 32, 'seed': 206192, 'sequence_length': 256, 'num_items': 4}"
sequence_length,long_horizon_recall,fixed_size_recurrent_memory,sequence_length,256,214111,0.0,1.0,102.915,1,"{'model_name': 'fixed_size_recurrent_memory', 'state_dim': 32, 'seed': 214111, 'sequence_length': 256, 'num_items': 4}"
sequence_length,long_horizon_recall,fixed_size_recurrent_memory,sequence_length,256,222030,0.0,1.0,47.265,1,"{'model_name': 'fixed_size_recurrent_memory', 'state_dim': 32, 'seed': 222030, 'sequence_length': 256, 'num_items': 4}"
sequence_length,long_horizon_recall,fixed_size_recurrent_memory,sequence_length,256,229949,0.0,1.0,40.877,1,"{'model_name': 'fixed_size_recurrent_memory', 'state_dim': 32, 'seed': 229949, 'sequence_length': 256, 'num_items': 4}"
sequence_length,long_horizon_recall,fixed_size_recurrent_memory,sequence_length,512,554,0.0,1.0,152.392,1,"{'model_name': 'fixed_size_recurrent_memory', 'state_dim': 32, 'seed': 554, 'sequence_length': 512, 'num_items': 4}"
sequence_length,long_horizon_recall,fixed_size_recurrent_memory,sequence_length,512,8473,0.0,1.0,199.456,1,"{'model_name': 'fixed_size_recurrent_memory', 'state_dim': 32, 'seed': 8473, 'sequence_length': 512, 'num_items': 4}"
sequence_length,long_horizon_recall,fixed_size_recurrent_memory,sequence_length,512,16392,0.0,1.0,151.224,1,"{'model_name': 'fixed_size_recurrent_memory', 'state_dim': 32, 'seed': 16392, 'sequence_length': 512, 'num_items': 4}"
sequence_length,long_horizon_recall,fixed_size_recurrent_memory,sequence_length,512,24311,0.0,1.0,189.815,1,"{'model_name': 'fixed_size_recurrent_memory', 'state_dim': 32, 'seed': 24311, 'sequence_length': 512, 'num_items': 4}"
sequence_length,long_horizon_recall,fixed_size_recurrent_memory,sequence_length,512,32230,0.0,1.0,185.404,1,"{'model_name': 'fixed_size_recurrent_memory', 'state_dim': 32, 'seed': 32230, 'sequence_length': 512, 'num_items': 4}"
sequence_length,long_horizon_recall,fixed_size_recurrent_memory,sequence_length,512,40149,0.0,1.0,152.713,1,"{'model_name': 'fixed_size_recurrent_memory', 'state_dim': 32, 'seed': 40149, 'sequence_length': 512, 'num_items': 4}"
sequence_length,long_horizon_recall,fixed_size_recurrent_memory,sequence_length,512,48068,0.0,1.0,152.388,1,"{'model_name': 'fixed_size_recurrent_memory', 'state_dim': 32, 'seed': 48068, 'sequence_length': 512, 'num_items': 4}"
sequence_length,long_horizon_recall,fixed_size_recurrent_memory,sequence_length,512,55987,0.0,1.0,168.95,1,"{'model_name': 'fixed_size_recurrent_memory', 'state_dim': 32, 'seed': 55987, 'sequence_length': 512, 'num_items': 4}"
sequence_length,long_horizon_recall,fixed_size_recurrent_memory,sequence_length,512,63906,0.0,1.0,161.628,1,"{'model_name': 'fixed_size_recurrent_memory', 'state_dim': 32, 'seed': 63906, 'sequence_length': 512, 'num_items': 4}"
sequence_length,long_horizon_recall,fixed_size_recurrent_memory,sequence_length,512,71825,0.0,1.0,118.974,1,"{'model_name': 'fixed_size_recurrent_memory', 'state_dim': 32, 'seed': 71825, 'sequence_length': 512, 'num_items': 4}"
sequence_length,long_horizon_recall,fixed_size_recurrent_memory,sequence_length,512,79744,0.0,1.0,152.24,1,"{'model_name': 'fixed_size_recurrent_memory', 'state_dim': 32, 'seed': 79744, 'sequence_length': 512, 'num_items': 4}"
sequence_length,long_horizon_recall,fixed_size_recurrent_memory,sequence_length,512,87663,0.0,1.0,155.752,1,"{'model_name': 'fixed_size_recurrent_memory', 'state_dim': 32, 'seed': 87663, 'sequence_length': 512, 'num_items': 4}"
sequence_length,long_horizon_recall,fixed_size_recurrent_memory,sequence_length,512,95582,0.0,1.0,87.103,1,"{'model_name': 'fixed_size_recurrent_memory', 'state_dim': 32, 'seed': 95582, 'sequence_length': 512, 'num_items': 4}"
sequence_length,long_horizon_recall,fixed_size_recurrent_memory,sequence_length,512,103501,0.0,1.0,150.663,1,"{'model_name': 'fixed_size_recurrent_memory', 'state_dim': 32, 'seed': 103501, 'sequence_length': 512, 'num_items': 4}"
sequence_length,long_horizon_recall,fixed_size_recurrent_memory,sequence_length,512,111420,0.0,1.0,194.751,1,"{'model_name': 'fixed_size_recurrent_memory', 'state_dim': 32, 'seed': 111420, 'sequence_length': 512, 'num_items': 4}"
sequence_length,long_horizon_recall,fixed_size_recurrent_memory,sequence_length,512,119339,0.0,1.0,160.083,1,"{'model_name': 'fixed_size_recurrent_memory', 'state_dim': 32, 'seed': 119339, 'sequence_length': 512, 'num_items': 4}"
sequence_length,long_horizon_recall,fixed_size_recurrent_memory,sequence_length,512,127258,0.0,1.0,91.85,1,"{'model_name': 'fixed_size_recurrent_memory', 'state_dim': 32, 'seed': 127258, 'sequence_length': 512, 'num_items': 4}"
sequence_length,long_horizon_recall,fixed_size_recurrent_memory,sequence_length,512,135177,0.0,1.0,147.374,1,"{'model_name': 'fixed_size_recurrent_memory', 'state_dim': 32, 'seed': 135177, 'sequence_length': 512, 'num_items': 4}"
sequence_length,long_horizon_recall,fixed_size_recurrent_memory,sequence_length,512,143096,0.0,1.0,201.764,1,"{'model_name': 'fixed_size_recurrent_memory', 'state_dim': 32, 'seed': 143096, 'sequence_length': 512, 'num_items': 4}"
sequence_length,long_horizon_recall,fixed_size_recurrent_memory,sequence_length,512,151015,0.0,1.0,106.952,1,"{'model_name': 'fixed_size_recurrent_memory', 'state_dim': 32, 'seed': 151015, 'sequence_length': 512, 'num_items': 4}"
sequence_length,long_horizon_recall,fixed_size_recurrent_memory,sequence_length,512,158934,0.0,1.0,158.735,1,"{'model_name': 'fixed_size_recurrent_memory', 'state_dim': 32, 'seed': 158934, 'sequence_length': 512, 'num_items': 4}"
sequence_length,long_horizon_recall,fixed_size_recurrent_memory,sequence_length,512,166853,0.0,1.0,195.07,1,"{'model_name': 'fixed_size_recurrent_memory', 'state_dim': 32, 'seed': 166853, 'sequence_length': 512, 'num_items': 4}"
sequence_length,long_horizon_recall,fixed_size_recurrent_memory,sequence_length,512,174772,0.0,1.0,206.122,1,"{'model_name': 'fixed_size_recurrent_memory', 'state_dim': 32, 'seed': 174772, 'sequence_length': 512, 'num_items': 4}"
sequence_length,long_horizon_recall,fixed_size_recurrent_memory,sequence_length,512,182691,0.0,1.0,92.04,1,"{'model_name': 'fixed_size_recurrent_memory', 'state_dim': 32, 'seed': 182691, 'sequence_length': 512, 'num_items': 4}"
sequence_length,long_horizon_recall,fixed_size_recurrent_memory,sequence_length,512,190610,0.0,1.0,142.008,1,"{'model_name': 'fixed_size_recurrent_memory', 'state_dim': 32, 'seed': 190610, 'sequence_length': 512, 'num_items': 4}"
sequence_length,long_horizon_recall,fixed_size_recurrent_memory,sequence_length,512,198529,0.0,1.0,113.628,1,"{'model_name': 'fixed_size_recurrent_memory', 'state_dim': 32, 'seed': 198529, 'sequence_length': 512, 'num_items': 4}"
sequence_length,long_horizon_recall,fixed_size_recurrent_memory,sequence_length,512,206448,0.0,1.0,100.14,1,"{'model_name': 'fixed_size_recurrent_memory', 'state_dim': 32, 'seed': 206448, 'sequence_length': 512, 'num_items': 4}"
sequence_length,long_horizon_recall,fixed_size_recurrent_memory,sequence_length,512,214367,0.0,1.0,159.679,1,"{'model_name': 'fixed_size_recurrent_memory', 'state_dim': 32, 'seed': 214367, 'sequence_length': 512, 'num_items': 4}"
sequence_length,long_horizon_recall,fixed_size_recurrent_memory,sequence_length,512,222286,0.0,1.0,157.759,1,"{'model_name': 'fixed_size_recurrent_memory', 'state_dim': 32, 'seed': 222286, 'sequence_length': 512, 'num_items': 4}"
sequence_length,long_horizon_recall,fixed_size_recurrent_memory,sequence_length,512,230205,0.0,1.0,197.597,1,"{'model_name': 'fixed_size_recurrent_memory', 'state_dim': 32, 'seed': 230205, 'sequence_length': 512, 'num_items': 4}"
sequence_length,long_horizon_recall,fixed_size_recurrent_memory,sequence_length,1024,1066,0.0,1.0,256.513,1,"{'model_name': 'fixed_size_recurrent_memory', 'state_dim': 32, 'seed': 1066, 'sequence_length': 1024, 'num_items': 4}"
sequence_length,long_horizon_recall,fixed_size_recurrent_memory,sequence_length,1024,8985,0.0,1.0,228.931,1,"{'model_name': 'fixed_size_recurrent_memory', 'state_dim': 32, 'seed': 8985, 'sequence_length': 1024, 'num_items': 4}"
sequence_length,long_horizon_recall,fixed_size_recurrent_memory,sequence_length,1024,16904,0.0,1.0,244.931,1,"{'model_name': 'fixed_size_recurrent_memory', 'state_dim': 32, 'seed': 16904, 'sequence_length': 1024, 'num_items': 4}"
sequence_length,long_horizon_recall,fixed_size_recurrent_memory,sequence_length,1024,24823,0.0,1.0,248.645,1,"{'model_name': 'fixed_size_recurrent_memory', 'state_dim': 32, 'seed': 24823, 'sequence_length': 1024, 'num_items': 4}"
sequence_length,long_horizon_recall,fixed_size_recurrent_memory,sequence_length,1024,32742,0.0,1.0,258.437,1,"{'model_name': 'fixed_size_recurrent_memory', 'state_dim': 32, 'seed': 32742, 'sequence_length': 1024, 'num_items': 4}"
sequence_length,long_horizon_recall,fixed_size_recurrent_memory,sequence_length,1024,40661,0.0,1.0,256.472,1,"{'model_name': 'fixed_size_recurrent_memory', 'state_dim': 32, 'seed': 40661, 'sequence_length': 1024, 'num_items': 4}"
sequence_length,long_horizon_recall,fixed_size_recurrent_memory,sequence_length,1024,48580,0.0,1.0,213.374,1,"{'model_name': 'fixed_size_recurrent_memory', 'state_dim': 32, 'seed': 48580, 'sequence_length': 1024, 'num_items': 4}"
sequence_length,long_horizon_recall,fixed_size_recurrent_memory,sequence_length,1024,56499,0.0,1.0,249.98,1,"{'model_name': 'fixed_size_recurrent_memory', 'state_dim': 32, 'seed': 56499, 'sequence_length': 1024, 'num_items': 4}"
sequence_length,long_horizon_recall,fixed_size_recurrent_memory,sequence_length,1024,64418,0.0,1.0,224.189,1,"{'model_name': 'fixed_size_recurrent_memory', 'state_dim': 32, 'seed': 64418, 'sequence_length': 1024, 'num_items': 4}"
sequence_length,long_horizon_recall,fixed_size_recurrent_memory,sequence_length,1024,72337,0.0,1.0,252.79,1,"{'model_name': 'fixed_size_recurrent_memory', 'state_dim': 32, 'seed': 72337, 'sequence_length': 1024, 'num_items': 4}"
sequence_length,long_horizon_recall,fixed_size_recurrent_memory,sequence_length,1024,80256,0.0,1.0,259.766,1,"{'model_name': 'fixed_size_recurrent_memory', 'state_dim': 32, 'seed': 80256, 'sequence_length': 1024, 'num_items': 4}"
sequence_length,long_horizon_recall,fixed_size_recurrent_memory,sequence_length,1024,88175,0.0,1.0,206.535,1,"{'model_name': 'fixed_size_recurrent_memory', 'state_dim': 32, 'seed': 88175, 'sequence_length': 1024, 'num_items': 4}"
sequence_length,long_horizon_recall,fixed_size_recurrent_memory,sequence_length,1024,96094,0.0,1.0,239.806,1,"{'model_name': 'fixed_size_recurrent_memory', 'state_dim': 32, 'seed': 96094, 'sequence_length': 1024, 'num_items': 4}"
sequence_length,long_horizon_recall,fixed_size_recurrent_memory,sequence_length,1024,104013,0.0,1.0,243.723,1,"{'model_name': 'fixed_size_recurrent_memory', 'state_dim': 32, 'seed': 104013, 'sequence_length': 1024, 'num_items': 4}"
sequence_length,long_horizon_recall,fixed_size_recurrent_memory,sequence_length,1024,111932,0.0,1.0,214.67,1,"{'model_name': 'fixed_size_recurrent_memory', 'state_dim': 32, 'seed': 111932, 'sequence_length': 1024, 'num_items': 4}"
sequence_length,long_horizon_recall,fixed_size_recurrent_memory,sequence_length,1024,119851,0.0,1.0,223.923,1,"{'model_name': 'fixed_size_recurrent_memory', 'state_dim': 32, 'seed': 119851, 'sequence_length': 1024, 'num_items': 4}"
sequence_length,long_horizon_recall,fixed_size_recurrent_memory,sequence_length,1024,127770,0.0,1.0,224.587,1,"{'model_name': 'fixed_size_recurrent_memory', 'state_dim': 32, 'seed': 127770, 'sequence_length': 1024, 'num_items': 4}"
sequence_length,long_horizon_recall,fixed_size_recurrent_memory,sequence_length,1024,135689,0.0,1.0,214.608,1,"{'model_name': 'fixed_size_recurrent_memory', 'state_dim': 32, 'seed': 135689, 'sequence_length': 1024, 'num_items': 4}"
sequence_length,long_horizon_recall,fixed_size_recurrent_memory,sequence_length,1024,143608,0.0,1.0,228.094,1,"{'model_name': 'fixed_size_recurrent_memory', 'state_dim': 32, 'seed': 143608, 'sequence_length': 1024, 'num_items': 4}"
sequence_length,long_horizon_recall,fixed_size_recurrent_memory,sequence_length,1024,151527,0.0,1.0,223.094,1,"{'model_name': 'fixed_size_recurrent_memory', 'state_dim': 32, 'seed': 151527, 'sequence_length': 1024, 'num_items': 4}"
sequence_length,long_horizon_recall,fixed_size_recurrent_memory,sequence_length,1024,159446,0.0,1.0,240.416,1,"{'model_name': 'fixed_size_recurrent_memory', 'state_dim': 32, 'seed': 159446, 'sequence_length': 1024, 'num_items': 4}"
sequence_length,long_horizon_recall,fixed_size_recurrent_memory,sequence_length,1024,167365,0.0,1.0,227.937,1,"{'model_name': 'fixed_size_recurrent_memory', 'state_dim': 32, 'seed': 167365, 'sequence_length': 1024, 'num_items': 4}"
sequence_length,long_horizon_recall,fixed_size_recurrent_memory,sequence_length,1024,175284,0.0,1.0,229.901,1,"{'model_name': 'fixed_size_recurrent_memory', 'state_dim': 32, 'seed': 175284, 'sequence_length': 1024, 'num_items': 4}"
sequence_length,long_horizon_recall,fixed_size_recurrent_memory,sequence_length,1024,183203,0.0,1.0,249.921,1,"{'model_name': 'fixed_size_recurrent_memory', 'state_dim': 32, 'seed': 183203, 'sequence_length': 1024, 'num_items': 4}"
sequence_length,long_horizon_recall,fixed_size_recurrent_memory,sequence_length,1024,191122,0.0,1.0,204.868,1,"{'model_name': 'fixed_size_recurrent_memory', 'state_dim': 32, 'seed': 191122, 'sequence_length': 1024, 'num_items': 4}"
sequence_length,long_horizon_recall,fixed_size_recurrent_memory,sequence_length,1024,199041,0.0,1.0,234.565,1,"{'model_name': 'fixed_size_recurrent_memory', 'state_dim': 32, 'seed': 199041, 'sequence_length': 1024, 'num_items': 4}"
sequence_length,long_horizon_recall,fixed_size_recurrent_memory,sequence_length,1024,206960,0.0,1.0,233.759,1,"{'model_name': 'fixed_size_recurrent_memory', 'state_dim': 32, 'seed': 206960, 'sequence_length': 1024, 'num_items': 4}"
sequence_length,long_horizon_recall,fixed_size_recurrent_memory,sequence_length,1024,214879,0.0,1.0,246.706,1,"{'model_name': 'fixed_size_recurrent_memory', 'state_dim': 32, 'seed': 214879, 'sequence_length': 1024, 'num_items': 4}"
sequence_length,long_horizon_recall,fixed_size_recurrent_memory,sequence_length,1024,222798,0.0,1.0,224.305,1,"{'model_name': 'fixed_size_recurrent_memory', 'state_dim': 32, 'seed': 222798, 'sequence_length': 1024, 'num_items': 4}"
sequence_length,long_horizon_recall,fixed_size_recurrent_memory,sequence_length,1024,230717,0.0,1.0,214.743,1,"{'model_name': 'fixed_size_recurrent_memory', 'state_dim': 32, 'seed': 230717, 'sequence_length': 1024, 'num_items': 4}"
sequence_length,long_horizon_recall,educational_evolving_memory_toy,sequence_length,16,58,0.0,1.0,23.772,1,"{'model_name': 'educational_evolving_memory_toy', 'state_dim': 32, 'seed': 58, 'sequence_length': 16, 'num_items': 4}"
sequence_length,long_horizon_recall,educational_evolving_memory_toy,sequence_length,16,7977,0.0,1.0,15.098,1,"{'model_name': 'educational_evolving_memory_toy', 'state_dim': 32, 'seed': 7977, 'sequence_length': 16, 'num_items': 4}"
sequence_length,long_horizon_recall,educational_evolving_memory_toy,sequence_length,16,15896,0.0,1.0,14.905,1,"{'model_name': 'educational_evolving_memory_toy', 'state_dim': 32, 'seed': 15896, 'sequence_length': 16, 'num_items': 4}"
sequence_length,long_horizon_recall,educational_evolving_memory_toy,sequence_length,16,23815,0.0,1.0,14.491,1,"{'model_name': 'educational_evolving_memory_toy', 'state_dim': 32, 'seed': 23815, 'sequence_length': 16, 'num_items': 4}"
sequence_length,long_horizon_recall,educational_evolving_memory_toy,sequence_length,16,31734,0.0,1.0,14.676,1,"{'model_name': 'educational_evolving_memory_toy', 'state_dim': 32, 'seed': 31734, 'sequence_length': 16, 'num_items': 4}"
sequence_length,long_horizon_recall,educational_evolving_memory_toy,sequence_length,16,39653,1.0,0.0,14.576,1,"{'model_name': 'educational_evolving_memory_toy', 'state_dim': 32, 'seed': 39653, 'sequence_length': 16, 'num_items': 4}"
sequence_length,long_horizon_recall,educational_evolving_memory_toy,sequence_length,16,47572,0.0,1.0,14.589,1,"{'model_name': 'educational_evolving_memory_toy', 'state_dim': 32, 'seed': 47572, 'sequence_length': 16, 'num_items': 4}"
sequence_length,long_horizon_recall,educational_evolving_memory_toy,sequence_length,16,55491,0.0,1.0,4.762,1,"{'model_name': 'educational_evolving_memory_toy', 'state_dim': 32, 'seed': 55491, 'sequence_length': 16, 'num_items': 4}"
sequence_length,long_horizon_recall,educational_evolving_memory_toy,sequence_length,16,63410,0.0,1.0,3.508,1,"{'model_name': 'educational_evolving_memory_toy', 'state_dim': 32, 'seed': 63410, 'sequence_length': 16, 'num_items': 4}"
sequence_length,long_horizon_recall,educational_evolving_memory_toy,sequence_length,16,71329,0.0,1.0,3.774,1,"{'model_name': 'educational_evolving_memory_toy', 'state_dim': 32, 'seed': 71329, 'sequence_length': 16, 'num_items': 4}"
sequence_length,long_horizon_recall,educational_evolving_memory_toy,sequence_length,16,79248,1.0,0.0,3.686,1,"{'model_name': 'educational_evolving_memory_toy', 'state_dim': 32, 'seed': 79248, 'sequence_length': 16, 'num_items': 4}"
sequence_length,long_horizon_recall,educational_evolving_memory_toy,sequence_length,16,87167,0.0,1.0,3.615,1,"{'model_name': 'educational_evolving_memory_toy', 'state_dim': 32, 'seed': 87167, 'sequence_length': 16, 'num_items': 4}"
sequence_length,long_horizon_recall,educational_evolving_memory_toy,sequence_length,16,95086,0.0,1.0,3.543,1,"{'model_name': 'educational_evolving_memory_toy', 'state_dim': 32, 'seed': 95086, 'sequence_length': 16, 'num_items': 4}"
sequence_length,long_horizon_recall,educational_evolving_memory_toy,sequence_length,16,103005,0.0,1.0,3.483,1,"{'model_name': 'educational_evolving_memory_toy', 'state_dim': 32, 'seed': 103005, 'sequence_length': 16, 'num_items': 4}"
sequence_length,long_horizon_recall,educational_evolving_memory_toy,sequence_length,16,110924,1.0,0.0,3.559,1,"{'model_name': 'educational_evolving_memory_toy', 'state_dim': 32, 'seed': 110924, 'sequence_length': 16, 'num_items': 4}"
sequence_length,long_horizon_recall,educational_evolving_memory_toy,sequence_length,16,118843,1.0,0.0,3.58,1,"{'model_name': 'educational_evolving_memory_toy', 'state_dim': 32, 'seed': 118843, 'sequence_length': 16, 'num_items': 4}"
sequence_length,long_horizon_recall,educational_evolving_memory_toy,sequence_length,16,126762,1.0,0.0,3.588,1,"{'model_name': 'educational_evolving_memory_toy', 'state_dim': 32, 'seed': 126762, 'sequence_length': 16, 'num_items': 4}"
sequence_length,long_horizon_recall,educational_evolving_memory_toy,sequence_length,16,134681,0.0,1.0,3.564,1,"{'model_name': 'educational_evolving_memory_toy', 'state_dim': 32, 'seed': 134681, 'sequence_length': 16, 'num_items': 4}"
sequence_length,long_horizon_recall,educational_evolving_memory_toy,sequence_length,16,142600,0.0,1.0,3.505,1,"{'model_name': 'educational_evolving_memory_toy', 'state_dim': 32, 'seed': 142600, 'sequence_length': 16, 'num_items': 4}"
sequence_length,long_horizon_recall,educational_evolving_memory_toy,sequence_length,16,150519,0.0,1.0,3.617,1,"{'model_name': 'educational_evolving_memory_toy', 'state_dim': 32, 'seed': 150519, 'sequence_length': 16, 'num_items': 4}"
sequence_length,long_horizon_recall,educational_evolving_memory_toy,sequence_length,16,158438,1.0,0.0,5.058,1,"{'model_name': 'educational_evolving_memory_toy', 'state_dim': 32, 'seed': 158438, 'sequence_length': 16, 'num_items': 4}"
sequence_length,long_horizon_recall,educational_evolving_memory_toy,sequence_length,16,166357,0.0,1.0,3.221,1,"{'model_name': 'educational_evolving_memory_toy', 'state_dim': 32, 'seed': 166357, 'sequence_length': 16, 'num_items': 4}"
sequence_length,long_horizon_recall,educational_evolving_memory_toy,sequence_length,16,174276,0.0,1.0,2.789,1,"{'model_name': 'educational_evolving_memory_toy', 'state_dim': 32, 'seed': 174276, 'sequence_length': 16, 'num_items': 4}"
sequence_length,long_horizon_recall,educational_evolving_memory_toy,sequence_length,16,182195,0.0,1.0,2.672,1,"{'model_name': 'educational_evolving_memory_toy', 'state_dim': 32, 'seed': 182195, 'sequence_length': 16, 'num_items': 4}"
sequence_length,long_horizon_recall,educational_evolving_memory_toy,sequence_length,16,190114,1.0,0.0,2.676,1,"{'model_name': 'educational_evolving_memory_toy', 'state_dim': 32, 'seed': 190114, 'sequence_length': 16, 'num_items': 4}"
sequence_length,long_horizon_recall,educational_evolving_memory_toy,sequence_length,16,198033,0.0,1.0,3.218,1,"{'model_name': 'educational_evolving_memory_toy', 'state_dim': 32, 'seed': 198033, 'sequence_length': 16, 'num_items': 4}"
sequence_length,long_horizon_recall,educational_evolving_memory_toy,sequence_length,16,205952,1.0,0.0,3.614,1,"{'model_name': 'educational_evolving_memory_toy', 'state_dim': 32, 'seed': 205952, 'sequence_length': 16, 'num_items': 4}"
sequence_length,long_horizon_recall,educational_evolving_memory_toy,sequence_length,16,213871,0.0,1.0,3.647,1,"{'model_name': 'educational_evolving_memory_toy', 'state_dim': 32, 'seed': 213871, 'sequence_length': 16, 'num_items': 4}"
sequence_length,long_horizon_recall,educational_evolving_memory_toy,sequence_length,16,221790,0.0,1.0,3.394,1,"{'model_name': 'educational_evolving_memory_toy', 'state_dim': 32, 'seed': 221790, 'sequence_length': 16, 'num_items': 4}"
sequence_length,long_horizon_recall,educational_evolving_memory_toy,sequence_length,16,229709,0.0,1.0,2.728,1,"{'model_name': 'educational_evolving_memory_toy', 'state_dim': 32, 'seed': 229709, 'sequence_length': 16, 'num_items': 4}"
sequence_length,long_horizon_recall,educational_evolving_memory_toy,sequence_length,32,74,1.0,0.0,5.41,1,"{'model_name': 'educational_evolving_memory_toy', 'state_dim': 32, 'seed': 74, 'sequence_length': 32, 'num_items': 4}"
sequence_length,long_horizon_recall,educational_evolving_memory_toy,sequence_length,32,7993,0.0,1.0,5.507,1,"{'model_name': 'educational_evolving_memory_toy', 'state_dim': 32, 'seed': 7993, 'sequence_length': 32, 'num_items': 4}"
sequence_length,long_horizon_recall,educational_evolving_memory_toy,sequence_length,32,15912,0.0,1.0,6.095,1,"{'model_name': 'educational_evolving_memory_toy', 'state_dim': 32, 'seed': 15912, 'sequence_length': 32, 'num_items': 4}"
sequence_length,long_horizon_recall,educational_evolving_memory_toy,sequence_length,32,23831,0.0,1.0,6.131,1,"{'model_name': 'educational_evolving_memory_toy', 'state_dim': 32, 'seed': 23831, 'sequence_length': 32, 'num_items': 4}"
sequence_length,long_horizon_recall,educational_evolving_memory_toy,sequence_length,32,31750,0.0,1.0,6.033,1,"{'model_name': 'educational_evolving_memory_toy', 'state_dim': 32, 'seed': 31750, 'sequence_length': 32, 'num_items': 4}"
sequence_length,long_horizon_recall,educational_evolving_memory_toy,sequence_length,32,39669,1.0,0.0,6.121,1,"{'model_name': 'educational_evolving_memory_toy', 'state_dim': 32, 'seed': 39669, 'sequence_length': 32, 'num_items': 4}"
sequence_length,long_horizon_recall,educational_evolving_memory_toy,sequence_length,32,47588,0.0,1.0,25.696,1,"{'model_name': 'educational_evolving_memory_toy', 'state_dim': 32, 'seed': 47588, 'sequence_length': 32, 'num_items': 4}"
sequence_length,long_horizon_recall,educational_evolving_memory_toy,sequence_length,32,55507,0.0,1.0,25.553,1,"{'model_name': 'educational_evolving_memory_toy', 'state_dim': 32, 'seed': 55507, 'sequence_length': 32, 'num_items': 4}"
sequence_length,long_horizon_recall,educational_evolving_memory_toy,sequence_length,32,63426,0.0,1.0,25.514,1,"{'model_name': 'educational_evolving_memory_toy', 'state_dim': 32, 'seed': 63426, 'sequence_length': 32, 'num_items': 4}"
sequence_length,long_horizon_recall,educational_evolving_memory_toy,sequence_length,32,71345,0.0,1.0,14.551,1,"{'model_name': 'educational_evolving_memory_toy', 'state_dim': 32, 'seed': 71345, 'sequence_length': 32, 'num_items': 4}"
sequence_length,long_horizon_recall,educational_evolving_memory_toy,sequence_length,32,79264,0.0,1.0,5.052,1,"{'model_name': 'educational_evolving_memory_toy', 'state_dim': 32, 'seed': 79264, 'sequence_length': 32, 'num_items': 4}"
sequence_length,long_horizon_recall,educational_evolving_memory_toy,sequence_length,32,87183,1.0,0.0,4.844,1,"{'model_name': 'educational_evolving_memory_toy', 'state_dim': 32, 'seed': 87183, 'sequence_length': 32, 'num_items': 4}"
sequence_length,long_horizon_recall,educational_evolving_memory_toy,sequence_length,32,95102,0.0,1.0,5.455,1,"{'model_name': 'educational_evolving_memory_toy', 'state_dim': 32, 'seed': 95102, 'sequence_length': 32, 'num_items': 4}"
sequence_length,long_horizon_recall,educational_evolving_memory_toy,sequence_length,32,103021,0.0,1.0,6.016,1,"{'model_name': 'educational_evolving_memory_toy', 'state_dim': 32, 'seed': 103021, 'sequence_length': 32, 'num_items': 4}"
sequence_length,long_horizon_recall,educational_evolving_memory_toy,sequence_length,32,110940,0.0,1.0,6.178,1,"{'model_name': 'educational_evolving_memory_toy', 'state_dim': 32, 'seed': 110940, 'sequence_length': 32, 'num_items': 4}"
sequence_length,long_horizon_recall,educational_evolving_memory_toy,sequence_length,32,118859,0.0,1.0,10.269,1,"{'model_name': 'educational_evolving_memory_toy', 'state_dim': 32, 'seed': 118859, 'sequence_length': 32, 'num_items': 4}"
sequence_length,long_horizon_recall,educational_evolving_memory_toy,sequence_length,32,126778,0.0,1.0,25.493,1,"{'model_name': 'educational_evolving_memory_toy', 'state_dim': 32, 'seed': 126778, 'sequence_length': 32, 'num_items': 4}"
sequence_length,long_horizon_recall,educational_evolving_memory_toy,sequence_length,32,134697,0.0,1.0,5.366,1,"{'model_name': 'educational_evolving_memory_toy', 'state_dim': 32, 'seed': 134697, 'sequence_length': 32, 'num_items': 4}"
sequence_length,long_horizon_recall,educational_evolving_memory_toy,sequence_length,32,142616,0.0,1.0,4.829,1,"{'model_name': 'educational_evolving_memory_toy', 'state_dim': 32, 'seed': 142616, 'sequence_length': 32, 'num_items': 4}"
sequence_length,long_horizon_recall,educational_evolving_memory_toy,sequence_length,32,150535,0.0,1.0,4.842,1,"{'model_name': 'educational_evolving_memory_toy', 'state_dim': 32, 'seed': 150535, 'sequence_length': 32, 'num_items': 4}"
sequence_length,long_horizon_recall,educational_evolving_memory_toy,sequence_length,32,158454,0.0,1.0,4.938,1,"{'model_name': 'educational_evolving_memory_toy', 'state_dim': 32, 'seed': 158454, 'sequence_length': 32, 'num_items': 4}"
sequence_length,long_horizon_recall,educational_evolving_memory_toy,sequence_length,32,166373,1.0,0.0,4.817,1,"{'model_name': 'educational_evolving_memory_toy', 'state_dim': 32, 'seed': 166373, 'sequence_length': 32, 'num_items': 4}"
sequence_length,long_horizon_recall,educational_evolving_memory_toy,sequence_length,32,174292,0.0,1.0,4.708,1,"{'model_name': 'educational_evolving_memory_toy', 'state_dim': 32, 'seed': 174292, 'sequence_length': 32, 'num_items': 4}"
sequence_length,long_horizon_recall,educational_evolving_memory_toy,sequence_length,32,182211,0.0,1.0,4.735,1,"{'model_name': 'educational_evolving_memory_toy', 'state_dim': 32, 'seed': 182211, 'sequence_length': 32, 'num_items': 4}"
sequence_length,long_horizon_recall,educational_evolving_memory_toy,sequence_length,32,190130,0.0,1.0,4.768,1,"{'model_name': 'educational_evolving_memory_toy', 'state_dim': 32, 'seed': 190130, 'sequence_length': 32, 'num_items': 4}"
sequence_length,long_horizon_recall,educational_evolving_memory_toy,sequence_length,32,198049,0.0,1.0,4.747,1,"{'model_name': 'educational_evolving_memory_toy', 'state_dim': 32, 'seed': 198049, 'sequence_length': 32, 'num_items': 4}"
sequence_length,long_horizon_recall,educational_evolving_memory_toy,sequence_length,32,205968,0.0,1.0,4.925,1,"{'model_name': 'educational_evolving_memory_toy', 'state_dim': 32, 'seed': 205968, 'sequence_length': 32, 'num_items': 4}"
sequence_length,long_horizon_recall,educational_evolving_memory_toy,sequence_length,32,213887,0.0,1.0,5.05,1,"{'model_name': 'educational_evolving_memory_toy', 'state_dim': 32, 'seed': 213887, 'sequence_length': 32, 'num_items': 4}"
sequence_length,long_horizon_recall,educational_evolving_memory_toy,sequence_length,32,221806,1.0,0.0,4.821,1,"{'model_name': 'educational_evolving_memory_toy', 'state_dim': 32, 'seed': 221806, 'sequence_length': 32, 'num_items': 4}"
sequence_length,long_horizon_recall,educational_evolving_memory_toy,sequence_length,32,229725,0.0,1.0,4.774,1,"{'model_name': 'educational_evolving_memory_toy', 'state_dim': 32, 'seed': 229725, 'sequence_length': 32, 'num_items': 4}"
sequence_length,long_horizon_recall,educational_evolving_memory_toy,sequence_length,64,106,0.0,1.0,10.452,1,"{'model_name': 'educational_evolving_memory_toy', 'state_dim': 32, 'seed': 106, 'sequence_length': 64, 'num_items': 4}"
sequence_length,long_horizon_recall,educational_evolving_memory_toy,sequence_length,64,8025,0.0,1.0,11.547,1,"{'model_name': 'educational_evolving_memory_toy', 'state_dim': 32, 'seed': 8025, 'sequence_length': 64, 'num_items': 4}"
sequence_length,long_horizon_recall,educational_evolving_memory_toy,sequence_length,64,15944,0.0,1.0,11.503,1,"{'model_name': 'educational_evolving_memory_toy', 'state_dim': 32, 'seed': 15944, 'sequence_length': 64, 'num_items': 4}"
sequence_length,long_horizon_recall,educational_evolving_memory_toy,sequence_length,64,23863,1.0,0.0,9.474,1,"{'model_name': 'educational_evolving_memory_toy', 'state_dim': 32, 'seed': 23863, 'sequence_length': 64, 'num_items': 4}"
sequence_length,long_horizon_recall,educational_evolving_memory_toy,sequence_length,64,31782,1.0,0.0,11.331,1,"{'model_name': 'educational_evolving_memory_toy', 'state_dim': 32, 'seed': 31782, 'sequence_length': 64, 'num_items': 4}"
sequence_length,long_horizon_recall,educational_evolving_memory_toy,sequence_length,64,39701,1.0,0.0,11.427,1,"{'model_name': 'educational_evolving_memory_toy', 'state_dim': 32, 'seed': 39701, 'sequence_length': 64, 'num_items': 4}"
sequence_length,long_horizon_recall,educational_evolving_memory_toy,sequence_length,64,47620,0.0,1.0,11.621,1,"{'model_name': 'educational_evolving_memory_toy', 'state_dim': 32, 'seed': 47620, 'sequence_length': 64, 'num_items': 4}"
sequence_length,long_horizon_recall,educational_evolving_memory_toy,sequence_length,64,55539,1.0,0.0,11.522,1,"{'model_name': 'educational_evolving_memory_toy', 'state_dim': 32, 'seed': 55539, 'sequence_length': 64, 'num_items': 4}"
sequence_length,long_horizon_recall,educational_evolving_memory_toy,sequence_length,64,63458,0.0,1.0,11.479,1,"{'model_name': 'educational_evolving_memory_toy', 'state_dim': 32, 'seed': 63458, 'sequence_length': 64, 'num_items': 4}"
sequence_length,long_horizon_recall,educational_evolving_memory_toy,sequence_length,64,71377,1.0,0.0,11.432,1,"{'model_name': 'educational_evolving_memory_toy', 'state_dim': 32, 'seed': 71377, 'sequence_length': 64, 'num_items': 4}"
sequence_length,long_horizon_recall,educational_evolving_memory_toy,sequence_length,64,79296,0.0,1.0,8.789,1,"{'model_name': 'educational_evolving_memory_toy', 'state_dim': 32, 'seed': 79296, 'sequence_length': 64, 'num_items': 4}"
sequence_length,long_horizon_recall,educational_evolving_memory_toy,sequence_length,64,87215,1.0,0.0,8.691,1,"{'model_name': 'educational_evolving_memory_toy', 'state_dim': 32, 'seed': 87215, 'sequence_length': 64, 'num_items': 4}"
sequence_length,long_horizon_recall,educational_evolving_memory_toy,sequence_length,64,95134,0.0,1.0,9.108,1,"{'model_name': 'educational_evolving_memory_toy', 'state_dim': 32, 'seed': 95134, 'sequence_length': 64, 'num_items': 4}"
sequence_length,long_horizon_recall,educational_evolving_memory_toy,sequence_length,64,103053,0.0,1.0,12.538,1,"{'model_name': 'educational_evolving_memory_toy', 'state_dim': 32, 'seed': 103053, 'sequence_length': 64, 'num_items': 4}"
sequence_length,long_horizon_recall,educational_evolving_memory_toy,sequence_length,64,110972,1.0,0.0,11.167,1,"{'model_name': 'educational_evolving_memory_toy', 'state_dim': 32, 'seed': 110972, 'sequence_length': 64, 'num_items': 4}"
sequence_length,long_horizon_recall,educational_evolving_memory_toy,sequence_length,64,118891,0.0,1.0,11.252,1,"{'model_name': 'educational_evolving_memory_toy', 'state_dim': 32, 'seed': 118891, 'sequence_length': 64, 'num_items': 4}"
sequence_length,long_horizon_recall,educational_evolving_memory_toy,sequence_length,64,126810,0.0,1.0,11.101,1,"{'model_name': 'educational_evolving_memory_toy', 'state_dim': 32, 'seed': 126810, 'sequence_length': 64, 'num_items': 4}"
sequence_length,long_horizon_recall,educational_evolving_memory_toy,sequence_length,64,134729,1.0,0.0,9.676,1,"{'model_name': 'educational_evolving_memory_toy', 'state_dim': 32, 'seed': 134729, 'sequence_length': 64, 'num_items': 4}"
sequence_length,long_horizon_recall,educational_evolving_memory_toy,sequence_length,64,142648,0.0,1.0,8.847,1,"{'model_name': 'educational_evolving_memory_toy', 'state_dim': 32, 'seed': 142648, 'sequence_length': 64, 'num_items': 4}"
sequence_length,long_horizon_recall,educational_evolving_memory_toy,sequence_length,64,150567,0.0,1.0,8.67,1,"{'model_name': 'educational_evolving_memory_toy', 'state_dim': 32, 'seed': 150567, 'sequence_length': 64, 'num_items': 4}"
sequence_length,long_horizon_recall,educational_evolving_memory_toy,sequence_length,64,158486,0.0,1.0,8.817,1,"{'model_name': 'educational_evolving_memory_toy', 'state_dim': 32, 'seed': 158486, 'sequence_length': 64, 'num_items': 4}"
sequence_length,long_horizon_recall,educational_evolving_memory_toy,sequence_length,64,166405,0.0,1.0,8.961,1,"{'model_name': 'educational_evolving_memory_toy', 'state_dim': 32, 'seed': 166405, 'sequence_length': 64, 'num_items': 4}"
sequence_length,long_horizon_recall,educational_evolving_memory_toy,sequence_length,64,174324,0.0,1.0,8.79,1,"{'model_name': 'educational_evolving_memory_toy', 'state_dim': 32, 'seed': 174324, 'sequence_length': 64, 'num_items': 4}"
sequence_length,long_horizon_recall,educational_evolving_memory_toy,sequence_length,64,182243,0.0,1.0,8.771,1,"{'model_name': 'educational_evolving_memory_toy', 'state_dim': 32, 'seed': 182243, 'sequence_length': 64, 'num_items': 4}"
sequence_length,long_horizon_recall,educational_evolving_memory_toy,sequence_length,64,190162,0.0,1.0,8.881,1,"{'model_name': 'educational_evolving_memory_toy', 'state_dim': 32, 'seed': 190162, 'sequence_length': 64, 'num_items': 4}"
sequence_length,long_horizon_recall,educational_evolving_memory_toy,sequence_length,64,198081,1.0,0.0,8.709,1,"{'model_name': 'educational_evolving_memory_toy', 'state_dim': 32, 'seed': 198081, 'sequence_length': 64, 'num_items': 4}"
sequence_length,long_horizon_recall,educational_evolving_memory_toy,sequence_length,64,206000,0.0,1.0,8.762,1,"{'model_name': 'educational_evolving_memory_toy', 'state_dim': 32, 'seed': 206000, 'sequence_length': 64, 'num_items': 4}"
sequence_length,long_horizon_recall,educational_evolving_memory_toy,sequence_length,64,213919,0.0,1.0,8.86,1,"{'model_name': 'educational_evolving_memory_toy', 'state_dim': 32, 'seed': 213919, 'sequence_length': 64, 'num_items': 4}"
sequence_length,long_horizon_recall,educational_evolving_memory_toy,sequence_length,64,221838,0.0,1.0,8.809,1,"{'model_name': 'educational_evolving_memory_toy', 'state_dim': 32, 'seed': 221838, 'sequence_length': 64, 'num_items': 4}"
sequence_length,long_horizon_recall,educational_evolving_memory_toy,sequence_length,64,229757,1.0,0.0,8.771,1,"{'model_name': 'educational_evolving_memory_toy', 'state_dim': 32, 'seed': 229757, 'sequence_length': 64, 'num_items': 4}"
sequence_length,long_horizon_recall,educational_evolving_memory_toy,sequence_length,128,170,0.0,1.0,21.805,1,"{'model_name': 'educational_evolving_memory_toy', 'state_dim': 32, 'seed': 170, 'sequence_length': 128, 'num_items': 4}"
sequence_length,long_horizon_recall,educational_evolving_memory_toy,sequence_length,128,8089,0.0,1.0,22.363,1,"{'model_name': 'educational_evolving_memory_toy', 'state_dim': 32, 'seed': 8089, 'sequence_length': 128, 'num_items': 4}"
sequence_length,long_horizon_recall,educational_evolving_memory_toy,sequence_length,128,16008,0.0,1.0,21.163,1,"{'model_name': 'educational_evolving_memory_toy', 'state_dim': 32, 'seed': 16008, 'sequence_length': 128, 'num_items': 4}"
sequence_length,long_horizon_recall,educational_evolving_memory_toy,sequence_length,128,23927,0.0,1.0,21.327,1,"{'model_name': 'educational_evolving_memory_toy', 'state_dim': 32, 'seed': 23927, 'sequence_length': 128, 'num_items': 4}"
sequence_length,long_horizon_recall,educational_evolving_memory_toy,sequence_length,128,31846,0.0,1.0,21.336,1,"{'model_name': 'educational_evolving_memory_toy', 'state_dim': 32, 'seed': 31846, 'sequence_length': 128, 'num_items': 4}"
sequence_length,long_horizon_recall,educational_evolving_memory_toy,sequence_length,128,39765,0.0,1.0,21.147,1,"{'model_name': 'educational_evolving_memory_toy', 'state_dim': 32, 'seed': 39765, 'sequence_length': 128, 'num_items': 4}"
sequence_length,long_horizon_recall,educational_evolving_memory_toy,sequence_length,128,47684,0.0,1.0,21.467,1,"{'model_name': 'educational_evolving_memory_toy', 'state_dim': 32, 'seed': 47684, 'sequence_length': 128, 'num_items': 4}"
sequence_length,long_horizon_recall,educational_evolving_memory_toy,sequence_length,128,55603,0.0,1.0,21.51,1,"{'model_name': 'educational_evolving_memory_toy', 'state_dim': 32, 'seed': 55603, 'sequence_length': 128, 'num_items': 4}"
sequence_length,long_horizon_recall,educational_evolving_memory_toy,sequence_length,128,63522,1.0,0.0,20.202,1,"{'model_name': 'educational_evolving_memory_toy', 'state_dim': 32, 'seed': 63522, 'sequence_length': 128, 'num_items': 4}"
sequence_length,long_horizon_recall,educational_evolving_memory_toy,sequence_length,128,71441,0.0,1.0,16.462,1,"{'model_name': 'educational_evolving_memory_toy', 'state_dim': 32, 'seed': 71441, 'sequence_length': 128, 'num_items': 4}"
sequence_length,long_horizon_recall,educational_evolving_memory_toy,sequence_length,128,79360,1.0,0.0,16.983,1,"{'model_name': 'educational_evolving_memory_toy', 'state_dim': 32, 'seed': 79360, 'sequence_length': 128, 'num_items': 4}"
sequence_length,long_horizon_recall,educational_evolving_memory_toy,sequence_length,128,87279,0.0,1.0,16.652,1,"{'model_name': 'educational_evolving_memory_toy', 'state_dim': 32, 'seed': 87279, 'sequence_length': 128, 'num_items': 4}"
sequence_length,long_horizon_recall,educational_evolving_memory_toy,sequence_length,128,95198,1.0,0.0,16.282,1,"{'model_name': 'educational_evolving_memory_toy', 'state_dim': 32, 'seed': 95198, 'sequence_length': 128, 'num_items': 4}"
sequence_length,long_horizon_recall,educational_evolving_memory_toy,sequence_length,128,103117,1.0,0.0,16.631,1,"{'model_name': 'educational_evolving_memory_toy', 'state_dim': 32, 'seed': 103117, 'sequence_length': 128, 'num_items': 4}"
sequence_length,long_horizon_recall,educational_evolving_memory_toy,sequence_length,128,111036,0.0,1.0,17.284,1,"{'model_name': 'educational_evolving_memory_toy', 'state_dim': 32, 'seed': 111036, 'sequence_length': 128, 'num_items': 4}"
sequence_length,long_horizon_recall,educational_evolving_memory_toy,sequence_length,128,118955,1.0,0.0,16.563,1,"{'model_name': 'educational_evolving_memory_toy', 'state_dim': 32, 'seed': 118955, 'sequence_length': 128, 'num_items': 4}"
sequence_length,long_horizon_recall,educational_evolving_memory_toy,sequence_length,128,126874,0.0,1.0,17.299,1,"{'model_name': 'educational_evolving_memory_toy', 'state_dim': 32, 'seed': 126874, 'sequence_length': 128, 'num_items': 4}"
sequence_length,long_horizon_recall,educational_evolving_memory_toy,sequence_length,128,134793,1.0,0.0,17.074,1,"{'model_name': 'educational_evolving_memory_toy', 'state_dim': 32, 'seed': 134793, 'sequence_length': 128, 'num_items': 4}"
sequence_length,long_horizon_recall,educational_evolving_memory_toy,sequence_length,128,142712,0.0,1.0,16.111,1,"{'model_name': 'educational_evolving_memory_toy', 'state_dim': 32, 'seed': 142712, 'sequence_length': 128, 'num_items': 4}"
sequence_length,long_horizon_recall,educational_evolving_memory_toy,sequence_length,128,150631,0.0,1.0,16.233,1,"{'model_name': 'educational_evolving_memory_toy', 'state_dim': 32, 'seed': 150631, 'sequence_length': 128, 'num_items': 4}"
sequence_length,long_horizon_recall,educational_evolving_memory_toy,sequence_length,128,158550,1.0,0.0,16.49,1,"{'model_name': 'educational_evolving_memory_toy', 'state_dim': 32, 'seed': 158550, 'sequence_length': 128, 'num_items': 4}"
sequence_length,long_horizon_recall,educational_evolving_memory_toy,sequence_length,128,166469,1.0,0.0,17.2,1,"{'model_name': 'educational_evolving_memory_toy', 'state_dim': 32, 'seed': 166469, 'sequence_length': 128, 'num_items': 4}"
sequence_length,long_horizon_recall,educational_evolving_memory_toy,sequence_length,128,174388,0.0,1.0,18.265,1,"{'model_name': 'educational_evolving_memory_toy', 'state_dim': 32, 'seed': 174388, 'sequence_length': 128, 'num_items': 4}"
sequence_length,long_horizon_recall,educational_evolving_memory_toy,sequence_length,128,182307,0.0,1.0,17.161,1,"{'model_name': 'educational_evolving_memory_toy', 'state_dim': 32, 'seed': 182307, 'sequence_length': 128, 'num_items': 4}"
sequence_length,long_horizon_recall,educational_evolving_memory_toy,sequence_length,128,190226,1.0,0.0,17.986,1,"{'model_name': 'educational_evolving_memory_toy', 'state_dim': 32, 'seed': 190226, 'sequence_length': 128, 'num_items': 4}"
sequence_length,long_horizon_recall,educational_evolving_memory_toy,sequence_length,128,198145,0.0,1.0,17.029,1,"{'model_name': 'educational_evolving_memory_toy', 'state_dim': 32, 'seed': 198145, 'sequence_length': 128, 'num_items': 4}"
sequence_length,long_horizon_recall,educational_evolving_memory_toy,sequence_length,128,206064,1.0,0.0,17.898,1,"{'model_name': 'educational_evolving_memory_toy', 'state_dim': 32, 'seed': 206064, 'sequence_length': 128, 'num_items': 4}"
sequence_length,long_horizon_recall,educational_evolving_memory_toy,sequence_length,128,213983,1.0,0.0,16.754,1,"{'model_name': 'educational_evolving_memory_toy', 'state_dim': 32, 'seed': 213983, 'sequence_length': 128, 'num_items': 4}"
sequence_length,long_horizon_recall,educational_evolving_memory_toy,sequence_length,128,221902,0.0,1.0,17.503,1,"{'model_name': 'educational_evolving_memory_toy', 'state_dim': 32, 'seed': 221902, 'sequence_length': 128, 'num_items': 4}"
sequence_length,long_horizon_recall,educational_evolving_memory_toy,sequence_length,128,229821,0.0,1.0,16.894,1,"{'model_name': 'educational_evolving_memory_toy', 'state_dim': 32, 'seed': 229821, 'sequence_length': 128, 'num_items': 4}"
sequence_length,long_horizon_recall,educational_evolving_memory_toy,sequence_length,256,298,0.0,1.0,36.563,1,"{'model_name': 'educational_evolving_memory_toy', 'state_dim': 32, 'seed': 298, 'sequence_length': 256, 'num_items': 4}"
sequence_length,long_horizon_recall,educational_evolving_memory_toy,sequence_length,256,8217,0.0,1.0,41.0,1,"{'model_name': 'educational_evolving_memory_toy', 'state_dim': 32, 'seed': 8217, 'sequence_length': 256, 'num_items': 4}"
sequence_length,long_horizon_recall,educational_evolving_memory_toy,sequence_length,256,16136,0.0,1.0,39.378,1,"{'model_name': 'educational_evolving_memory_toy', 'state_dim': 32, 'seed': 16136, 'sequence_length': 256, 'num_items': 4}"
sequence_length,long_horizon_recall,educational_evolving_memory_toy,sequence_length,256,24055,1.0,0.0,83.054,1,"{'model_name': 'educational_evolving_memory_toy', 'state_dim': 32, 'seed': 24055, 'sequence_length': 256, 'num_items': 4}"
sequence_length,long_horizon_recall,educational_evolving_memory_toy,sequence_length,256,31974,1.0,0.0,34.355,1,"{'model_name': 'educational_evolving_memory_toy', 'state_dim': 32, 'seed': 31974, 'sequence_length': 256, 'num_items': 4}"
sequence_length,long_horizon_recall,educational_evolving_memory_toy,sequence_length,256,39893,0.0,1.0,34.721,1,"{'model_name': 'educational_evolving_memory_toy', 'state_dim': 32, 'seed': 39893, 'sequence_length': 256, 'num_items': 4}"
sequence_length,long_horizon_recall,educational_evolving_memory_toy,sequence_length,256,47812,0.0,1.0,34.896,1,"{'model_name': 'educational_evolving_memory_toy', 'state_dim': 32, 'seed': 47812, 'sequence_length': 256, 'num_items': 4}"
sequence_length,long_horizon_recall,educational_evolving_memory_toy,sequence_length,256,55731,0.0,1.0,33.702,1,"{'model_name': 'educational_evolving_memory_toy', 'state_dim': 32, 'seed': 55731, 'sequence_length': 256, 'num_items': 4}"
sequence_length,long_horizon_recall,educational_evolving_memory_toy,sequence_length,256,63650,1.0,0.0,33.321,1,"{'model_name': 'educational_evolving_memory_toy', 'state_dim': 32, 'seed': 63650, 'sequence_length': 256, 'num_items': 4}"
sequence_length,long_horizon_recall,educational_evolving_memory_toy,sequence_length,256,71569,0.0,1.0,33.928,1,"{'model_name': 'educational_evolving_memory_toy', 'state_dim': 32, 'seed': 71569, 'sequence_length': 256, 'num_items': 4}"
sequence_length,long_horizon_recall,educational_evolving_memory_toy,sequence_length,256,79488,0.0,1.0,33.033,1,"{'model_name': 'educational_evolving_memory_toy', 'state_dim': 32, 'seed': 79488, 'sequence_length': 256, 'num_items': 4}"
sequence_length,long_horizon_recall,educational_evolving_memory_toy,sequence_length,256,87407,1.0,0.0,33.377,1,"{'model_name': 'educational_evolving_memory_toy', 'state_dim': 32, 'seed': 87407, 'sequence_length': 256, 'num_items': 4}"
sequence_length,long_horizon_recall,educational_evolving_memory_toy,sequence_length,256,95326,0.0,1.0,34.675,1,"{'model_name': 'educational_evolving_memory_toy', 'state_dim': 32, 'seed': 95326, 'sequence_length': 256, 'num_items': 4}"
sequence_length,long_horizon_recall,educational_evolving_memory_toy,sequence_length,256,103245,0.0,1.0,33.454,1,"{'model_name': 'educational_evolving_memory_toy', 'state_dim': 32, 'seed': 103245, 'sequence_length': 256, 'num_items': 4}"
sequence_length,long_horizon_recall,educational_evolving_memory_toy,sequence_length,256,111164,1.0,0.0,34.15,1,"{'model_name': 'educational_evolving_memory_toy', 'state_dim': 32, 'seed': 111164, 'sequence_length': 256, 'num_items': 4}"
sequence_length,long_horizon_recall,educational_evolving_memory_toy,sequence_length,256,119083,1.0,0.0,34.885,1,"{'model_name': 'educational_evolving_memory_toy', 'state_dim': 32, 'seed': 119083, 'sequence_length': 256, 'num_items': 4}"
sequence_length,long_horizon_recall,educational_evolving_memory_toy,sequence_length,256,127002,0.0,1.0,33.206,1,"{'model_name': 'educational_evolving_memory_toy', 'state_dim': 32, 'seed': 127002, 'sequence_length': 256, 'num_items': 4}"
sequence_length,long_horizon_recall,educational_evolving_memory_toy,sequence_length,256,134921,0.0,1.0,33.882,1,"{'model_name': 'educational_evolving_memory_toy', 'state_dim': 32, 'seed': 134921, 'sequence_length': 256, 'num_items': 4}"
sequence_length,long_horizon_recall,educational_evolving_memory_toy,sequence_length,256,142840,0.0,1.0,32.61,1,"{'model_name': 'educational_evolving_memory_toy', 'state_dim': 32, 'seed': 142840, 'sequence_length': 256, 'num_items': 4}"
sequence_length,long_horizon_recall,educational_evolving_memory_toy,sequence_length,256,150759,0.0,1.0,32.486,1,"{'model_name': 'educational_evolving_memory_toy', 'state_dim': 32, 'seed': 150759, 'sequence_length': 256, 'num_items': 4}"
sequence_length,long_horizon_recall,educational_evolving_memory_toy,sequence_length,256,158678,0.0,1.0,33.881,1,"{'model_name': 'educational_evolving_memory_toy', 'state_dim': 32, 'seed': 158678, 'sequence_length': 256, 'num_items': 4}"
sequence_length,long_horizon_recall,educational_evolving_memory_toy,sequence_length,256,166597,0.0,1.0,34.391,1,"{'model_name': 'educational_evolving_memory_toy', 'state_dim': 32, 'seed': 166597, 'sequence_length': 256, 'num_items': 4}"
sequence_length,long_horizon_recall,educational_evolving_memory_toy,sequence_length,256,174516,0.0,1.0,32.32,1,"{'model_name': 'educational_evolving_memory_toy', 'state_dim': 32, 'seed': 174516, 'sequence_length': 256, 'num_items': 4}"
sequence_length,long_horizon_recall,educational_evolving_memory_toy,sequence_length,256,182435,0.0,1.0,33.877,1,"{'model_name': 'educational_evolving_memory_toy', 'state_dim': 32, 'seed': 182435, 'sequence_length': 256, 'num_items': 4}"
sequence_length,long_horizon_recall,educational_evolving_memory_toy,sequence_length,256,190354,0.0,1.0,33.51,1,"{'model_name': 'educational_evolving_memory_toy', 'state_dim': 32, 'seed': 190354, 'sequence_length': 256, 'num_items': 4}"
sequence_length,long_horizon_recall,educational_evolving_memory_toy,sequence_length,256,198273,0.0,1.0,32.492,1,"{'model_name': 'educational_evolving_memory_toy', 'state_dim': 32, 'seed': 198273, 'sequence_length': 256, 'num_items': 4}"
sequence_length,long_horizon_recall,educational_evolving_memory_toy,sequence_length,256,206192,0.0,1.0,32.376,1,"{'model_name': 'educational_evolving_memory_toy', 'state_dim': 32, 'seed': 206192, 'sequence_length': 256, 'num_items': 4}"
sequence_length,long_horizon_recall,educational_evolving_memory_toy,sequence_length,256,214111,0.0,1.0,34.303,1,"{'model_name': 'educational_evolving_memory_toy', 'state_dim': 32, 'seed': 214111, 'sequence_length': 256, 'num_items': 4}"
sequence_length,long_horizon_recall,educational_evolving_memory_toy,sequence_length,256,222030,0.0,1.0,32.611,1,"{'model_name': 'educational_evolving_memory_toy', 'state_dim': 32, 'seed': 222030, 'sequence_length': 256, 'num_items': 4}"
sequence_length,long_horizon_recall,educational_evolving_memory_toy,sequence_length,256,229949,0.0,1.0,34.185,1,"{'model_name': 'educational_evolving_memory_toy', 'state_dim': 32, 'seed': 229949, 'sequence_length': 256, 'num_items': 4}"
sequence_length,long_horizon_recall,educational_evolving_memory_toy,sequence_length,512,554,1.0,0.0,78.522,1,"{'model_name': 'educational_evolving_memory_toy', 'state_dim': 32, 'seed': 554, 'sequence_length': 512, 'num_items': 4}"
sequence_length,long_horizon_recall,educational_evolving_memory_toy,sequence_length,512,8473,0.0,1.0,117.271,1,"{'model_name': 'educational_evolving_memory_toy', 'state_dim': 32, 'seed': 8473, 'sequence_length': 512, 'num_items': 4}"
sequence_length,long_horizon_recall,educational_evolving_memory_toy,sequence_length,512,16392,0.0,1.0,61.365,1,"{'model_name': 'educational_evolving_memory_toy', 'state_dim': 32, 'seed': 16392, 'sequence_length': 512, 'num_items': 4}"
sequence_length,long_horizon_recall,educational_evolving_memory_toy,sequence_length,512,24311,0.0,1.0,64.026,1,"{'model_name': 'educational_evolving_memory_toy', 'state_dim': 32, 'seed': 24311, 'sequence_length': 512, 'num_items': 4}"
sequence_length,long_horizon_recall,educational_evolving_memory_toy,sequence_length,512,32230,0.0,1.0,65.102,1,"{'model_name': 'educational_evolving_memory_toy', 'state_dim': 32, 'seed': 32230, 'sequence_length': 512, 'num_items': 4}"
sequence_length,long_horizon_recall,educational_evolving_memory_toy,sequence_length,512,40149,0.0,1.0,65.851,1,"{'model_name': 'educational_evolving_memory_toy', 'state_dim': 32, 'seed': 40149, 'sequence_length': 512, 'num_items': 4}"
sequence_length,long_horizon_recall,educational_evolving_memory_toy,sequence_length,512,48068,0.0,1.0,66.698,1,"{'model_name': 'educational_evolving_memory_toy', 'state_dim': 32, 'seed': 48068, 'sequence_length': 512, 'num_items': 4}"
sequence_length,long_horizon_recall,educational_evolving_memory_toy,sequence_length,512,55987,0.0,1.0,64.452,1,"{'model_name': 'educational_evolving_memory_toy', 'state_dim': 32, 'seed': 55987, 'sequence_length': 512, 'num_items': 4}"
sequence_length,long_horizon_recall,educational_evolving_memory_toy,sequence_length,512,63906,0.0,1.0,64.113,1,"{'model_name': 'educational_evolving_memory_toy', 'state_dim': 32, 'seed': 63906, 'sequence_length': 512, 'num_items': 4}"
sequence_length,long_horizon_recall,educational_evolving_memory_toy,sequence_length,512,71825,0.0,1.0,64.89,1,"{'model_name': 'educational_evolving_memory_toy', 'state_dim': 32, 'seed': 71825, 'sequence_length': 512, 'num_items': 4}"
sequence_length,long_horizon_recall,educational_evolving_memory_toy,sequence_length,512,79744,1.0,0.0,65.047,1,"{'model_name': 'educational_evolving_memory_toy', 'state_dim': 32, 'seed': 79744, 'sequence_length': 512, 'num_items': 4}"
sequence_length,long_horizon_recall,educational_evolving_memory_toy,sequence_length,512,87663,1.0,0.0,63.455,1,"{'model_name': 'educational_evolving_memory_toy', 'state_dim': 32, 'seed': 87663, 'sequence_length': 512, 'num_items': 4}"
sequence_length,long_horizon_recall,educational_evolving_memory_toy,sequence_length,512,95582,1.0,0.0,68.587,1,"{'model_name': 'educational_evolving_memory_toy', 'state_dim': 32, 'seed': 95582, 'sequence_length': 512, 'num_items': 4}"
sequence_length,long_horizon_recall,educational_evolving_memory_toy,sequence_length,512,103501,0.0,1.0,67.509,1,"{'model_name': 'educational_evolving_memory_toy', 'state_dim': 32, 'seed': 103501, 'sequence_length': 512, 'num_items': 4}"
sequence_length,long_horizon_recall,educational_evolving_memory_toy,sequence_length,512,111420,0.0,1.0,67.831,1,"{'model_name': 'educational_evolving_memory_toy', 'state_dim': 32, 'seed': 111420, 'sequence_length': 512, 'num_items': 4}"
sequence_length,long_horizon_recall,educational_evolving_memory_toy,sequence_length,512,119339,0.0,1.0,64.275,1,"{'model_name': 'educational_evolving_memory_toy', 'state_dim': 32, 'seed': 119339, 'sequence_length': 512, 'num_items': 4}"
sequence_length,long_horizon_recall,educational_evolving_memory_toy,sequence_length,512,127258,1.0,0.0,63.319,1,"{'model_name': 'educational_evolving_memory_toy', 'state_dim': 32, 'seed': 127258, 'sequence_length': 512, 'num_items': 4}"
sequence_length,long_horizon_recall,educational_evolving_memory_toy,sequence_length,512,135177,0.0,1.0,63.083,1,"{'model_name': 'educational_evolving_memory_toy', 'state_dim': 32, 'seed': 135177, 'sequence_length': 512, 'num_items': 4}"
sequence_length,long_horizon_recall,educational_evolving_memory_toy,sequence_length,512,143096,1.0,0.0,64.821,1,"{'model_name': 'educational_evolving_memory_toy', 'state_dim': 32, 'seed': 143096, 'sequence_length': 512, 'num_items': 4}"
sequence_length,long_horizon_recall,educational_evolving_memory_toy,sequence_length,512,151015,0.0,1.0,65.913,1,"{'model_name': 'educational_evolving_memory_toy', 'state_dim': 32, 'seed': 151015, 'sequence_length': 512, 'num_items': 4}"
sequence_length,long_horizon_recall,educational_evolving_memory_toy,sequence_length,512,158934,0.0,1.0,64.902,1,"{'model_name': 'educational_evolving_memory_toy', 'state_dim': 32, 'seed': 158934, 'sequence_length': 512, 'num_items': 4}"
sequence_length,long_horizon_recall,educational_evolving_memory_toy,sequence_length,512,166853,0.0,1.0,66.606,1,"{'model_name': 'educational_evolving_memory_toy', 'state_dim': 32, 'seed': 166853, 'sequence_length': 512, 'num_items': 4}"
sequence_length,long_horizon_recall,educational_evolving_memory_toy,sequence_length,512,174772,0.0,1.0,64.567,1,"{'model_name': 'educational_evolving_memory_toy', 'state_dim': 32, 'seed': 174772, 'sequence_length': 512, 'num_items': 4}"
sequence_length,long_horizon_recall,educational_evolving_memory_toy,sequence_length,512,182691,0.0,1.0,64.833,1,"{'model_name': 'educational_evolving_memory_toy', 'state_dim': 32, 'seed': 182691, 'sequence_length': 512, 'num_items': 4}"
sequence_length,long_horizon_recall,educational_evolving_memory_toy,sequence_length,512,190610,1.0,0.0,64.474,1,"{'model_name': 'educational_evolving_memory_toy', 'state_dim': 32, 'seed': 190610, 'sequence_length': 512, 'num_items': 4}"
sequence_length,long_horizon_recall,educational_evolving_memory_toy,sequence_length,512,198529,0.0,1.0,64.271,1,"{'model_name': 'educational_evolving_memory_toy', 'state_dim': 32, 'seed': 198529, 'sequence_length': 512, 'num_items': 4}"
sequence_length,long_horizon_recall,educational_evolving_memory_toy,sequence_length,512,206448,0.0,1.0,63.376,1,"{'model_name': 'educational_evolving_memory_toy', 'state_dim': 32, 'seed': 206448, 'sequence_length': 512, 'num_items': 4}"
sequence_length,long_horizon_recall,educational_evolving_memory_toy,sequence_length,512,214367,0.0,1.0,65.494,1,"{'model_name': 'educational_evolving_memory_toy', 'state_dim': 32, 'seed': 214367, 'sequence_length': 512, 'num_items': 4}"
sequence_length,long_horizon_recall,educational_evolving_memory_toy,sequence_length,512,222286,0.0,1.0,65.281,1,"{'model_name': 'educational_evolving_memory_toy', 'state_dim': 32, 'seed': 222286, 'sequence_length': 512, 'num_items': 4}"
sequence_length,long_horizon_recall,educational_evolving_memory_toy,sequence_length,512,230205,0.0,1.0,64.348,1,"{'model_name': 'educational_evolving_memory_toy', 'state_dim': 32, 'seed': 230205, 'sequence_length': 512, 'num_items': 4}"
sequence_length,long_horizon_recall,educational_evolving_memory_toy,sequence_length,1024,1066,0.0,1.0,213.764,1,"{'model_name': 'educational_evolving_memory_toy', 'state_dim': 32, 'seed': 1066, 'sequence_length': 1024, 'num_items': 4}"
sequence_length,long_horizon_recall,educational_evolving_memory_toy,sequence_length,1024,8985,0.0,1.0,127.502,1,"{'model_name': 'educational_evolving_memory_toy', 'state_dim': 32, 'seed': 8985, 'sequence_length': 1024, 'num_items': 4}"
sequence_length,long_horizon_recall,educational_evolving_memory_toy,sequence_length,1024,16904,0.0,1.0,130.727,1,"{'model_name': 'educational_evolving_memory_toy', 'state_dim': 32, 'seed': 16904, 'sequence_length': 1024, 'num_items': 4}"
sequence_length,long_horizon_recall,educational_evolving_memory_toy,sequence_length,1024,24823,0.0,1.0,128.024,1,"{'model_name': 'educational_evolving_memory_toy', 'state_dim': 32, 'seed': 24823, 'sequence_length': 1024, 'num_items': 4}"
sequence_length,long_horizon_recall,educational_evolving_memory_toy,sequence_length,1024,32742,1.0,0.0,131.701,1,"{'model_name': 'educational_evolving_memory_toy', 'state_dim': 32, 'seed': 32742, 'sequence_length': 1024, 'num_items': 4}"
sequence_length,long_horizon_recall,educational_evolving_memory_toy,sequence_length,1024,40661,1.0,0.0,131.464,1,"{'model_name': 'educational_evolving_memory_toy', 'state_dim': 32, 'seed': 40661, 'sequence_length': 1024, 'num_items': 4}"
sequence_length,long_horizon_recall,educational_evolving_memory_toy,sequence_length,1024,48580,0.0,1.0,130.331,1,"{'model_name': 'educational_evolving_memory_toy', 'state_dim': 32, 'seed': 48580, 'sequence_length': 1024, 'num_items': 4}"
sequence_length,long_horizon_recall,educational_evolving_memory_toy,sequence_length,1024,56499,0.0,1.0,128.699,1,"{'model_name': 'educational_evolving_memory_toy', 'state_dim': 32, 'seed': 56499, 'sequence_length': 1024, 'num_items': 4}"
sequence_length,long_horizon_recall,educational_evolving_memory_toy,sequence_length,1024,64418,0.0,1.0,129.942,1,"{'model_name': 'educational_evolving_memory_toy', 'state_dim': 32, 'seed': 64418, 'sequence_length': 1024, 'num_items': 4}"
sequence_length,long_horizon_recall,educational_evolving_memory_toy,sequence_length,1024,72337,0.0,1.0,129.875,1,"{'model_name': 'educational_evolving_memory_toy', 'state_dim': 32, 'seed': 72337, 'sequence_length': 1024, 'num_items': 4}"
sequence_length,long_horizon_recall,educational_evolving_memory_toy,sequence_length,1024,80256,0.0,1.0,128.023,1,"{'model_name': 'educational_evolving_memory_toy', 'state_dim': 32, 'seed': 80256, 'sequence_length': 1024, 'num_items': 4}"
sequence_length,long_horizon_recall,educational_evolving_memory_toy,sequence_length,1024,88175,1.0,0.0,130.913,1,"{'model_name': 'educational_evolving_memory_toy', 'state_dim': 32, 'seed': 88175, 'sequence_length': 1024, 'num_items': 4}"
sequence_length,long_horizon_recall,educational_evolving_memory_toy,sequence_length,1024,96094,0.0,1.0,128.16,1,"{'model_name': 'educational_evolving_memory_toy', 'state_dim': 32, 'seed': 96094, 'sequence_length': 1024, 'num_items': 4}"
sequence_length,long_horizon_recall,educational_evolving_memory_toy,sequence_length,1024,104013,1.0,0.0,128.846,1,"{'model_name': 'educational_evolving_memory_toy', 'state_dim': 32, 'seed': 104013, 'sequence_length': 1024, 'num_items': 4}"
sequence_length,long_horizon_recall,educational_evolving_memory_toy,sequence_length,1024,111932,0.0,1.0,125.989,1,"{'model_name': 'educational_evolving_memory_toy', 'state_dim': 32, 'seed': 111932, 'sequence_length': 1024, 'num_items': 4}"
sequence_length,long_horizon_recall,educational_evolving_memory_toy,sequence_length,1024,119851,1.0,0.0,134.299,1,"{'model_name': 'educational_evolving_memory_toy', 'state_dim': 32, 'seed': 119851, 'sequence_length': 1024, 'num_items': 4}"
sequence_length,long_horizon_recall,educational_evolving_memory_toy,sequence_length,1024,127770,0.0,1.0,131.316,1,"{'model_name': 'educational_evolving_memory_toy', 'state_dim': 32, 'seed': 127770, 'sequence_length': 1024, 'num_items': 4}"
sequence_length,long_horizon_recall,educational_evolving_memory_toy,sequence_length,1024,135689,0.0,1.0,126.099,1,"{'model_name': 'educational_evolving_memory_toy', 'state_dim': 32, 'seed': 135689, 'sequence_length': 1024, 'num_items': 4}"
sequence_length,long_horizon_recall,educational_evolving_memory_toy,sequence_length,1024,143608,1.0,0.0,123.599,1,"{'model_name': 'educational_evolving_memory_toy', 'state_dim': 32, 'seed': 143608, 'sequence_length': 1024, 'num_items': 4}"
sequence_length,long_horizon_recall,educational_evolving_memory_toy,sequence_length,1024,151527,1.0,0.0,130.899,1,"{'model_name': 'educational_evolving_memory_toy', 'state_dim': 32, 'seed': 151527, 'sequence_length': 1024, 'num_items': 4}"
sequence_length,long_horizon_recall,educational_evolving_memory_toy,sequence_length,1024,159446,0.0,1.0,127.641,1,"{'model_name': 'educational_evolving_memory_toy', 'state_dim': 32, 'seed': 159446, 'sequence_length': 1024, 'num_items': 4}"
sequence_length,long_horizon_recall,educational_evolving_memory_toy,sequence_length,1024,167365,0.0,1.0,130.793,1,"{'model_name': 'educational_evolving_memory_toy', 'state_dim': 32, 'seed': 167365, 'sequence_length': 1024, 'num_items': 4}"
sequence_length,long_horizon_recall,educational_evolving_memory_toy,sequence_length,1024,175284,0.0,1.0,133.047,1,"{'model_name': 'educational_evolving_memory_toy', 'state_dim': 32, 'seed': 175284, 'sequence_length': 1024, 'num_items': 4}"
sequence_length,long_horizon_recall,educational_evolving_memory_toy,sequence_length,1024,183203,0.0,1.0,128.666,1,"{'model_name': 'educational_evolving_memory_toy', 'state_dim': 32, 'seed': 183203, 'sequence_length': 1024, 'num_items': 4}"
sequence_length,long_horizon_recall,educational_evolving_memory_toy,sequence_length,1024,191122,0.0,1.0,128.899,1,"{'model_name': 'educational_evolving_memory_toy', 'state_dim': 32, 'seed': 191122, 'sequence_length': 1024, 'num_items': 4}"
sequence_length,long_horizon_recall,educational_evolving_memory_toy,sequence_length,1024,199041,1.0,0.0,126.357,1,"{'model_name': 'educational_evolving_memory_toy', 'state_dim': 32, 'seed': 199041, 'sequence_length': 1024, 'num_items': 4}"
sequence_length,long_horizon_recall,educational_evolving_memory_toy,sequence_length,1024,206960,0.0,1.0,127.326,1,"{'model_name': 'educational_evolving_memory_toy', 'state_dim': 32, 'seed': 206960, 'sequence_length': 1024, 'num_items': 4}"
sequence_length,long_horizon_recall,educational_evolving_memory_toy,sequence_length,1024,214879,0.0,1.0,131.213,1,"{'model_name': 'educational_evolving_memory_toy', 'state_dim': 32, 'seed': 214879, 'sequence_length': 1024, 'num_items': 4}"
sequence_length,long_horizon_recall,educational_evolving_memory_toy,sequence_length,1024,222798,0.0,1.0,136.442,1,"{'model_name': 'educational_evolving_memory_toy', 'state_dim': 32, 'seed': 222798, 'sequence_length': 1024, 'num_items': 4}"
sequence_length,long_horizon_recall,educational_evolving_memory_toy,sequence_length,1024,230717,1.0,0.0,127.434,1,"{'model_name': 'educational_evolving_memory_toy', 'state_dim': 32, 'seed': 230717, 'sequence_length': 1024, 'num_items': 4}"
memory_capacity,memory_capacity,full_history_reference_baseline,num_pairs,1,43,1.0,0.0,0.743,1,"{'model_name': 'full_history_reference_baseline', 'state_dim': 32, 'seed': 43, 'num_pairs': 1, 'interleaved_padding': 1}"
memory_capacity,memory_capacity,full_history_reference_baseline,num_pairs,1,7962,1.0,0.0,0.5,1,"{'model_name': 'full_history_reference_baseline', 'state_dim': 32, 'seed': 7962, 'num_pairs': 1, 'interleaved_padding': 1}"
memory_capacity,memory_capacity,full_history_reference_baseline,num_pairs,1,15881,1.0,0.0,0.491,1,"{'model_name': 'full_history_reference_baseline', 'state_dim': 32, 'seed': 15881, 'num_pairs': 1, 'interleaved_padding': 1}"
memory_capacity,memory_capacity,full_history_reference_baseline,num_pairs,1,23800,1.0,0.0,0.451,1,"{'model_name': 'full_history_reference_baseline', 'state_dim': 32, 'seed': 23800, 'num_pairs': 1, 'interleaved_padding': 1}"
memory_capacity,memory_capacity,full_history_reference_baseline,num_pairs,1,31719,1.0,0.0,0.419,1,"{'model_name': 'full_history_reference_baseline', 'state_dim': 32, 'seed': 31719, 'num_pairs': 1, 'interleaved_padding': 1}"
memory_capacity,memory_capacity,full_history_reference_baseline,num_pairs,1,39638,1.0,0.0,0.403,1,"{'model_name': 'full_history_reference_baseline', 'state_dim': 32, 'seed': 39638, 'num_pairs': 1, 'interleaved_padding': 1}"
memory_capacity,memory_capacity,full_history_reference_baseline,num_pairs,1,47557,1.0,0.0,0.464,1,"{'model_name': 'full_history_reference_baseline', 'state_dim': 32, 'seed': 47557, 'num_pairs': 1, 'interleaved_padding': 1}"
memory_capacity,memory_capacity,full_history_reference_baseline,num_pairs,1,55476,1.0,0.0,0.412,1,"{'model_name': 'full_history_reference_baseline', 'state_dim': 32, 'seed': 55476, 'num_pairs': 1, 'interleaved_padding': 1}"
memory_capacity,memory_capacity,full_history_reference_baseline,num_pairs,1,63395,1.0,0.0,0.388,1,"{'model_name': 'full_history_reference_baseline', 'state_dim': 32, 'seed': 63395, 'num_pairs': 1, 'interleaved_padding': 1}"
memory_capacity,memory_capacity,full_history_reference_baseline,num_pairs,1,71314,1.0,0.0,0.4,1,"{'model_name': 'full_history_reference_baseline', 'state_dim': 32, 'seed': 71314, 'num_pairs': 1, 'interleaved_padding': 1}"
memory_capacity,memory_capacity,full_history_reference_baseline,num_pairs,1,79233,1.0,0.0,0.416,1,"{'model_name': 'full_history_reference_baseline', 'state_dim': 32, 'seed': 79233, 'num_pairs': 1, 'interleaved_padding': 1}"
memory_capacity,memory_capacity,full_history_reference_baseline,num_pairs,1,87152,1.0,0.0,0.399,1,"{'model_name': 'full_history_reference_baseline', 'state_dim': 32, 'seed': 87152, 'num_pairs': 1, 'interleaved_padding': 1}"
memory_capacity,memory_capacity,full_history_reference_baseline,num_pairs,1,95071,1.0,0.0,0.387,1,"{'model_name': 'full_history_reference_baseline', 'state_dim': 32, 'seed': 95071, 'num_pairs': 1, 'interleaved_padding': 1}"
memory_capacity,memory_capacity,full_history_reference_baseline,num_pairs,1,102990,1.0,0.0,0.437,1,"{'model_name': 'full_history_reference_baseline', 'state_dim': 32, 'seed': 102990, 'num_pairs': 1, 'interleaved_padding': 1}"
memory_capacity,memory_capacity,full_history_reference_baseline,num_pairs,1,110909,1.0,0.0,0.535,1,"{'model_name': 'full_history_reference_baseline', 'state_dim': 32, 'seed': 110909, 'num_pairs': 1, 'interleaved_padding': 1}"
memory_capacity,memory_capacity,full_history_reference_baseline,num_pairs,1,118828,1.0,0.0,0.41,1,"{'model_name': 'full_history_reference_baseline', 'state_dim': 32, 'seed': 118828, 'num_pairs': 1, 'interleaved_padding': 1}"
memory_capacity,memory_capacity,full_history_reference_baseline,num_pairs,1,126747,1.0,0.0,0.385,1,"{'model_name': 'full_history_reference_baseline', 'state_dim': 32, 'seed': 126747, 'num_pairs': 1, 'interleaved_padding': 1}"
memory_capacity,memory_capacity,full_history_reference_baseline,num_pairs,1,134666,1.0,0.0,0.381,1,"{'model_name': 'full_history_reference_baseline', 'state_dim': 32, 'seed': 134666, 'num_pairs': 1, 'interleaved_padding': 1}"
memory_capacity,memory_capacity,full_history_reference_baseline,num_pairs,1,142585,1.0,0.0,0.417,1,"{'model_name': 'full_history_reference_baseline', 'state_dim': 32, 'seed': 142585, 'num_pairs': 1, 'interleaved_padding': 1}"
memory_capacity,memory_capacity,full_history_reference_baseline,num_pairs,1,150504,1.0,0.0,0.605,1,"{'model_name': 'full_history_reference_baseline', 'state_dim': 32, 'seed': 150504, 'num_pairs': 1, 'interleaved_padding': 1}"
memory_capacity,memory_capacity,full_history_reference_baseline,num_pairs,1,158423,1.0,0.0,0.498,1,"{'model_name': 'full_history_reference_baseline', 'state_dim': 32, 'seed': 158423, 'num_pairs': 1, 'interleaved_padding': 1}"
memory_capacity,memory_capacity,full_history_reference_baseline,num_pairs,1,166342,1.0,0.0,0.524,1,"{'model_name': 'full_history_reference_baseline', 'state_dim': 32, 'seed': 166342, 'num_pairs': 1, 'interleaved_padding': 1}"
memory_capacity,memory_capacity,full_history_reference_baseline,num_pairs,1,174261,1.0,0.0,0.538,1,"{'model_name': 'full_history_reference_baseline', 'state_dim': 32, 'seed': 174261, 'num_pairs': 1, 'interleaved_padding': 1}"
memory_capacity,memory_capacity,full_history_reference_baseline,num_pairs,1,182180,1.0,0.0,0.497,1,"{'model_name': 'full_history_reference_baseline', 'state_dim': 32, 'seed': 182180, 'num_pairs': 1, 'interleaved_padding': 1}"
memory_capacity,memory_capacity,full_history_reference_baseline,num_pairs,1,190099,1.0,0.0,0.485,1,"{'model_name': 'full_history_reference_baseline', 'state_dim': 32, 'seed': 190099, 'num_pairs': 1, 'interleaved_padding': 1}"
memory_capacity,memory_capacity,full_history_reference_baseline,num_pairs,1,198018,1.0,0.0,0.521,1,"{'model_name': 'full_history_reference_baseline', 'state_dim': 32, 'seed': 198018, 'num_pairs': 1, 'interleaved_padding': 1}"
memory_capacity,memory_capacity,full_history_reference_baseline,num_pairs,1,205937,1.0,0.0,0.503,1,"{'model_name': 'full_history_reference_baseline', 'state_dim': 32, 'seed': 205937, 'num_pairs': 1, 'interleaved_padding': 1}"
memory_capacity,memory_capacity,full_history_reference_baseline,num_pairs,1,213856,1.0,0.0,0.51,1,"{'model_name': 'full_history_reference_baseline', 'state_dim': 32, 'seed': 213856, 'num_pairs': 1, 'interleaved_padding': 1}"
memory_capacity,memory_capacity,full_history_reference_baseline,num_pairs,1,221775,1.0,0.0,0.491,1,"{'model_name': 'full_history_reference_baseline', 'state_dim': 32, 'seed': 221775, 'num_pairs': 1, 'interleaved_padding': 1}"
memory_capacity,memory_capacity,full_history_reference_baseline,num_pairs,1,229694,1.0,0.0,0.563,1,"{'model_name': 'full_history_reference_baseline', 'state_dim': 32, 'seed': 229694, 'num_pairs': 1, 'interleaved_padding': 1}"
memory_capacity,memory_capacity,full_history_reference_baseline,num_pairs,2,44,1.0,0.0,3.858,1,"{'model_name': 'full_history_reference_baseline', 'state_dim': 32, 'seed': 44, 'num_pairs': 2, 'interleaved_padding': 1}"
memory_capacity,memory_capacity,full_history_reference_baseline,num_pairs,2,7963,1.0,0.0,3.292,1,"{'model_name': 'full_history_reference_baseline', 'state_dim': 32, 'seed': 7963, 'num_pairs': 2, 'interleaved_padding': 1}"
memory_capacity,memory_capacity,full_history_reference_baseline,num_pairs,2,15882,1.0,0.0,3.235,1,"{'model_name': 'full_history_reference_baseline', 'state_dim': 32, 'seed': 15882, 'num_pairs': 2, 'interleaved_padding': 1}"
memory_capacity,memory_capacity,full_history_reference_baseline,num_pairs,2,23801,1.0,0.0,3.383,1,"{'model_name': 'full_history_reference_baseline', 'state_dim': 32, 'seed': 23801, 'num_pairs': 2, 'interleaved_padding': 1}"
memory_capacity,memory_capacity,full_history_reference_baseline,num_pairs,2,31720,1.0,0.0,3.142,1,"{'model_name': 'full_history_reference_baseline', 'state_dim': 32, 'seed': 31720, 'num_pairs': 2, 'interleaved_padding': 1}"
memory_capacity,memory_capacity,full_history_reference_baseline,num_pairs,2,39639,1.0,0.0,3.433,1,"{'model_name': 'full_history_reference_baseline', 'state_dim': 32, 'seed': 39639, 'num_pairs': 2, 'interleaved_padding': 1}"
memory_capacity,memory_capacity,full_history_reference_baseline,num_pairs,2,47558,1.0,0.0,3.2,1,"{'model_name': 'full_history_reference_baseline', 'state_dim': 32, 'seed': 47558, 'num_pairs': 2, 'interleaved_padding': 1}"
memory_capacity,memory_capacity,full_history_reference_baseline,num_pairs,2,55477,1.0,0.0,3.237,1,"{'model_name': 'full_history_reference_baseline', 'state_dim': 32, 'seed': 55477, 'num_pairs': 2, 'interleaved_padding': 1}"
memory_capacity,memory_capacity,full_history_reference_baseline,num_pairs,2,63396,1.0,0.0,3.142,1,"{'model_name': 'full_history_reference_baseline', 'state_dim': 32, 'seed': 63396, 'num_pairs': 2, 'interleaved_padding': 1}"
memory_capacity,memory_capacity,full_history_reference_baseline,num_pairs,2,71315,1.0,0.0,3.217,1,"{'model_name': 'full_history_reference_baseline', 'state_dim': 32, 'seed': 71315, 'num_pairs': 2, 'interleaved_padding': 1}"
memory_capacity,memory_capacity,full_history_reference_baseline,num_pairs,2,79234,1.0,0.0,3.291,1,"{'model_name': 'full_history_reference_baseline', 'state_dim': 32, 'seed': 79234, 'num_pairs': 2, 'interleaved_padding': 1}"
memory_capacity,memory_capacity,full_history_reference_baseline,num_pairs,2,87153,1.0,0.0,3.29,1,"{'model_name': 'full_history_reference_baseline', 'state_dim': 32, 'seed': 87153, 'num_pairs': 2, 'interleaved_padding': 1}"
memory_capacity,memory_capacity,full_history_reference_baseline,num_pairs,2,95072,1.0,0.0,3.163,1,"{'model_name': 'full_history_reference_baseline', 'state_dim': 32, 'seed': 95072, 'num_pairs': 2, 'interleaved_padding': 1}"
memory_capacity,memory_capacity,full_history_reference_baseline,num_pairs,2,102991,1.0,0.0,3.196,1,"{'model_name': 'full_history_reference_baseline', 'state_dim': 32, 'seed': 102991, 'num_pairs': 2, 'interleaved_padding': 1}"
memory_capacity,memory_capacity,full_history_reference_baseline,num_pairs,2,110910,1.0,0.0,3.438,1,"{'model_name': 'full_history_reference_baseline', 'state_dim': 32, 'seed': 110910, 'num_pairs': 2, 'interleaved_padding': 1}"
memory_capacity,memory_capacity,full_history_reference_baseline,num_pairs,2,118829,1.0,0.0,3.186,1,"{'model_name': 'full_history_reference_baseline', 'state_dim': 32, 'seed': 118829, 'num_pairs': 2, 'interleaved_padding': 1}"
memory_capacity,memory_capacity,full_history_reference_baseline,num_pairs,2,126748,1.0,0.0,3.253,1,"{'model_name': 'full_history_reference_baseline', 'state_dim': 32, 'seed': 126748, 'num_pairs': 2, 'interleaved_padding': 1}"
memory_capacity,memory_capacity,full_history_reference_baseline,num_pairs,2,134667,1.0,0.0,3.216,1,"{'model_name': 'full_history_reference_baseline', 'state_dim': 32, 'seed': 134667, 'num_pairs': 2, 'interleaved_padding': 1}"
memory_capacity,memory_capacity,full_history_reference_baseline,num_pairs,2,142586,1.0,0.0,3.156,1,"{'model_name': 'full_history_reference_baseline', 'state_dim': 32, 'seed': 142586, 'num_pairs': 2, 'interleaved_padding': 1}"
memory_capacity,memory_capacity,full_history_reference_baseline,num_pairs,2,150505,1.0,0.0,0.856,1,"{'model_name': 'full_history_reference_baseline', 'state_dim': 32, 'seed': 150505, 'num_pairs': 2, 'interleaved_padding': 1}"
memory_capacity,memory_capacity,full_history_reference_baseline,num_pairs,2,158424,1.0,0.0,0.756,1,"{'model_name': 'full_history_reference_baseline', 'state_dim': 32, 'seed': 158424, 'num_pairs': 2, 'interleaved_padding': 1}"
memory_capacity,memory_capacity,full_history_reference_baseline,num_pairs,2,166343,1.0,0.0,0.664,1,"{'model_name': 'full_history_reference_baseline', 'state_dim': 32, 'seed': 166343, 'num_pairs': 2, 'interleaved_padding': 1}"
memory_capacity,memory_capacity,full_history_reference_baseline,num_pairs,2,174262,1.0,0.0,0.73,1,"{'model_name': 'full_history_reference_baseline', 'state_dim': 32, 'seed': 174262, 'num_pairs': 2, 'interleaved_padding': 1}"
memory_capacity,memory_capacity,full_history_reference_baseline,num_pairs,2,182181,1.0,0.0,0.621,1,"{'model_name': 'full_history_reference_baseline', 'state_dim': 32, 'seed': 182181, 'num_pairs': 2, 'interleaved_padding': 1}"
memory_capacity,memory_capacity,full_history_reference_baseline,num_pairs,2,190100,1.0,0.0,0.622,1,"{'model_name': 'full_history_reference_baseline', 'state_dim': 32, 'seed': 190100, 'num_pairs': 2, 'interleaved_padding': 1}"
memory_capacity,memory_capacity,full_history_reference_baseline,num_pairs,2,198019,1.0,0.0,0.661,1,"{'model_name': 'full_history_reference_baseline', 'state_dim': 32, 'seed': 198019, 'num_pairs': 2, 'interleaved_padding': 1}"
memory_capacity,memory_capacity,full_history_reference_baseline,num_pairs,2,205938,1.0,0.0,0.598,1,"{'model_name': 'full_history_reference_baseline', 'state_dim': 32, 'seed': 205938, 'num_pairs': 2, 'interleaved_padding': 1}"
memory_capacity,memory_capacity,full_history_reference_baseline,num_pairs,2,213857,1.0,0.0,0.595,1,"{'model_name': 'full_history_reference_baseline', 'state_dim': 32, 'seed': 213857, 'num_pairs': 2, 'interleaved_padding': 1}"
memory_capacity,memory_capacity,full_history_reference_baseline,num_pairs,2,221776,1.0,0.0,0.83,1,"{'model_name': 'full_history_reference_baseline', 'state_dim': 32, 'seed': 221776, 'num_pairs': 2, 'interleaved_padding': 1}"
memory_capacity,memory_capacity,full_history_reference_baseline,num_pairs,2,229695,1.0,0.0,0.763,1,"{'model_name': 'full_history_reference_baseline', 'state_dim': 32, 'seed': 229695, 'num_pairs': 2, 'interleaved_padding': 1}"
memory_capacity,memory_capacity,full_history_reference_baseline,num_pairs,4,46,1.0,0.0,1.592,1,"{'model_name': 'full_history_reference_baseline', 'state_dim': 32, 'seed': 46, 'num_pairs': 4, 'interleaved_padding': 1}"
memory_capacity,memory_capacity,full_history_reference_baseline,num_pairs,4,7965,1.0,0.0,1.409,1,"{'model_name': 'full_history_reference_baseline', 'state_dim': 32, 'seed': 7965, 'num_pairs': 4, 'interleaved_padding': 1}"
memory_capacity,memory_capacity,full_history_reference_baseline,num_pairs,4,15884,1.0,0.0,1.295,1,"{'model_name': 'full_history_reference_baseline', 'state_dim': 32, 'seed': 15884, 'num_pairs': 4, 'interleaved_padding': 1}"
memory_capacity,memory_capacity,full_history_reference_baseline,num_pairs,4,23803,1.0,0.0,1.278,1,"{'model_name': 'full_history_reference_baseline', 'state_dim': 32, 'seed': 23803, 'num_pairs': 4, 'interleaved_padding': 1}"
memory_capacity,memory_capacity,full_history_reference_baseline,num_pairs,4,31722,1.0,0.0,1.289,1,"{'model_name': 'full_history_reference_baseline', 'state_dim': 32, 'seed': 31722, 'num_pairs': 4, 'interleaved_padding': 1}"
memory_capacity,memory_capacity,full_history_reference_baseline,num_pairs,4,39641,1.0,0.0,1.325,1,"{'model_name': 'full_history_reference_baseline', 'state_dim': 32, 'seed': 39641, 'num_pairs': 4, 'interleaved_padding': 1}"
memory_capacity,memory_capacity,full_history_reference_baseline,num_pairs,4,47560,1.0,0.0,1.236,1,"{'model_name': 'full_history_reference_baseline', 'state_dim': 32, 'seed': 47560, 'num_pairs': 4, 'interleaved_padding': 1}"
memory_capacity,memory_capacity,full_history_reference_baseline,num_pairs,4,55479,1.0,0.0,1.297,1,"{'model_name': 'full_history_reference_baseline', 'state_dim': 32, 'seed': 55479, 'num_pairs': 4, 'interleaved_padding': 1}"
memory_capacity,memory_capacity,full_history_reference_baseline,num_pairs,4,63398,1.0,0.0,2.398,1,"{'model_name': 'full_history_reference_baseline', 'state_dim': 32, 'seed': 63398, 'num_pairs': 4, 'interleaved_padding': 1}"
memory_capacity,memory_capacity,full_history_reference_baseline,num_pairs,4,71317,1.0,0.0,1.507,1,"{'model_name': 'full_history_reference_baseline', 'state_dim': 32, 'seed': 71317, 'num_pairs': 4, 'interleaved_padding': 1}"
memory_capacity,memory_capacity,full_history_reference_baseline,num_pairs,4,79236,1.0,0.0,2.777,1,"{'model_name': 'full_history_reference_baseline', 'state_dim': 32, 'seed': 79236, 'num_pairs': 4, 'interleaved_padding': 1}"
memory_capacity,memory_capacity,full_history_reference_baseline,num_pairs,4,87155,1.0,0.0,5.408,1,"{'model_name': 'full_history_reference_baseline', 'state_dim': 32, 'seed': 87155, 'num_pairs': 4, 'interleaved_padding': 1}"
memory_capacity,memory_capacity,full_history_reference_baseline,num_pairs,4,95074,1.0,0.0,5.64,1,"{'model_name': 'full_history_reference_baseline', 'state_dim': 32, 'seed': 95074, 'num_pairs': 4, 'interleaved_padding': 1}"
memory_capacity,memory_capacity,full_history_reference_baseline,num_pairs,4,102993,1.0,0.0,5.527,1,"{'model_name': 'full_history_reference_baseline', 'state_dim': 32, 'seed': 102993, 'num_pairs': 4, 'interleaved_padding': 1}"
memory_capacity,memory_capacity,full_history_reference_baseline,num_pairs,4,110912,1.0,0.0,5.446,1,"{'model_name': 'full_history_reference_baseline', 'state_dim': 32, 'seed': 110912, 'num_pairs': 4, 'interleaved_padding': 1}"
memory_capacity,memory_capacity,full_history_reference_baseline,num_pairs,4,118831,1.0,0.0,5.508,1,"{'model_name': 'full_history_reference_baseline', 'state_dim': 32, 'seed': 118831, 'num_pairs': 4, 'interleaved_padding': 1}"
memory_capacity,memory_capacity,full_history_reference_baseline,num_pairs,4,126750,1.0,0.0,5.66,1,"{'model_name': 'full_history_reference_baseline', 'state_dim': 32, 'seed': 126750, 'num_pairs': 4, 'interleaved_padding': 1}"
memory_capacity,memory_capacity,full_history_reference_baseline,num_pairs,4,134669,1.0,0.0,5.324,1,"{'model_name': 'full_history_reference_baseline', 'state_dim': 32, 'seed': 134669, 'num_pairs': 4, 'interleaved_padding': 1}"
memory_capacity,memory_capacity,full_history_reference_baseline,num_pairs,4,142588,1.0,0.0,6.499,1,"{'model_name': 'full_history_reference_baseline', 'state_dim': 32, 'seed': 142588, 'num_pairs': 4, 'interleaved_padding': 1}"
memory_capacity,memory_capacity,full_history_reference_baseline,num_pairs,4,150507,1.0,0.0,5.382,1,"{'model_name': 'full_history_reference_baseline', 'state_dim': 32, 'seed': 150507, 'num_pairs': 4, 'interleaved_padding': 1}"
memory_capacity,memory_capacity,full_history_reference_baseline,num_pairs,4,158426,1.0,0.0,5.488,1,"{'model_name': 'full_history_reference_baseline', 'state_dim': 32, 'seed': 158426, 'num_pairs': 4, 'interleaved_padding': 1}"
memory_capacity,memory_capacity,full_history_reference_baseline,num_pairs,4,166345,1.0,0.0,2.441,1,"{'model_name': 'full_history_reference_baseline', 'state_dim': 32, 'seed': 166345, 'num_pairs': 4, 'interleaved_padding': 1}"
memory_capacity,memory_capacity,full_history_reference_baseline,num_pairs,4,174264,1.0,0.0,1.432,1,"{'model_name': 'full_history_reference_baseline', 'state_dim': 32, 'seed': 174264, 'num_pairs': 4, 'interleaved_padding': 1}"
memory_capacity,memory_capacity,full_history_reference_baseline,num_pairs,4,182183,1.0,0.0,1.395,1,"{'model_name': 'full_history_reference_baseline', 'state_dim': 32, 'seed': 182183, 'num_pairs': 4, 'interleaved_padding': 1}"
memory_capacity,memory_capacity,full_history_reference_baseline,num_pairs,4,190102,1.0,0.0,1.366,1,"{'model_name': 'full_history_reference_baseline', 'state_dim': 32, 'seed': 190102, 'num_pairs': 4, 'interleaved_padding': 1}"
memory_capacity,memory_capacity,full_history_reference_baseline,num_pairs,4,198021,1.0,0.0,1.322,1,"{'model_name': 'full_history_reference_baseline', 'state_dim': 32, 'seed': 198021, 'num_pairs': 4, 'interleaved_padding': 1}"
memory_capacity,memory_capacity,full_history_reference_baseline,num_pairs,4,205940,1.0,0.0,1.313,1,"{'model_name': 'full_history_reference_baseline', 'state_dim': 32, 'seed': 205940, 'num_pairs': 4, 'interleaved_padding': 1}"
memory_capacity,memory_capacity,full_history_reference_baseline,num_pairs,4,213859,1.0,0.0,1.335,1,"{'model_name': 'full_history_reference_baseline', 'state_dim': 32, 'seed': 213859, 'num_pairs': 4, 'interleaved_padding': 1}"
memory_capacity,memory_capacity,full_history_reference_baseline,num_pairs,4,221778,1.0,0.0,3.788,1,"{'model_name': 'full_history_reference_baseline', 'state_dim': 32, 'seed': 221778, 'num_pairs': 4, 'interleaved_padding': 1}"
memory_capacity,memory_capacity,full_history_reference_baseline,num_pairs,4,229697,1.0,0.0,5.511,1,"{'model_name': 'full_history_reference_baseline', 'state_dim': 32, 'seed': 229697, 'num_pairs': 4, 'interleaved_padding': 1}"
memory_capacity,memory_capacity,full_history_reference_baseline,num_pairs,8,50,1.0,0.0,10.356,1,"{'model_name': 'full_history_reference_baseline', 'state_dim': 32, 'seed': 50, 'num_pairs': 8, 'interleaved_padding': 1}"
memory_capacity,memory_capacity,full_history_reference_baseline,num_pairs,8,7969,1.0,0.0,9.961,1,"{'model_name': 'full_history_reference_baseline', 'state_dim': 32, 'seed': 7969, 'num_pairs': 8, 'interleaved_padding': 1}"
memory_capacity,memory_capacity,full_history_reference_baseline,num_pairs,8,15888,1.0,0.0,9.984,1,"{'model_name': 'full_history_reference_baseline', 'state_dim': 32, 'seed': 15888, 'num_pairs': 8, 'interleaved_padding': 1}"
memory_capacity,memory_capacity,full_history_reference_baseline,num_pairs,8,23807,1.0,0.0,7.717,1,"{'model_name': 'full_history_reference_baseline', 'state_dim': 32, 'seed': 23807, 'num_pairs': 8, 'interleaved_padding': 1}"
memory_capacity,memory_capacity,full_history_reference_baseline,num_pairs,8,31726,1.0,0.0,1.918,1,"{'model_name': 'full_history_reference_baseline', 'state_dim': 32, 'seed': 31726, 'num_pairs': 8, 'interleaved_padding': 1}"
memory_capacity,memory_capacity,full_history_reference_baseline,num_pairs,8,39645,1.0,0.0,1.831,1,"{'model_name': 'full_history_reference_baseline', 'state_dim': 32, 'seed': 39645, 'num_pairs': 8, 'interleaved_padding': 1}"
memory_capacity,memory_capacity,full_history_reference_baseline,num_pairs,8,47564,1.0,0.0,1.793,1,"{'model_name': 'full_history_reference_baseline', 'state_dim': 32, 'seed': 47564, 'num_pairs': 8, 'interleaved_padding': 1}"
memory_capacity,memory_capacity,full_history_reference_baseline,num_pairs,8,55483,1.0,0.0,2.7,1,"{'model_name': 'full_history_reference_baseline', 'state_dim': 32, 'seed': 55483, 'num_pairs': 8, 'interleaved_padding': 1}"
memory_capacity,memory_capacity,full_history_reference_baseline,num_pairs,8,63402,1.0,0.0,2.456,1,"{'model_name': 'full_history_reference_baseline', 'state_dim': 32, 'seed': 63402, 'num_pairs': 8, 'interleaved_padding': 1}"
memory_capacity,memory_capacity,full_history_reference_baseline,num_pairs,8,71321,1.0,0.0,2.407,1,"{'model_name': 'full_history_reference_baseline', 'state_dim': 32, 'seed': 71321, 'num_pairs': 8, 'interleaved_padding': 1}"
memory_capacity,memory_capacity,full_history_reference_baseline,num_pairs,8,79240,1.0,0.0,2.329,1,"{'model_name': 'full_history_reference_baseline', 'state_dim': 32, 'seed': 79240, 'num_pairs': 8, 'interleaved_padding': 1}"
memory_capacity,memory_capacity,full_history_reference_baseline,num_pairs,8,87159,1.0,0.0,2.468,1,"{'model_name': 'full_history_reference_baseline', 'state_dim': 32, 'seed': 87159, 'num_pairs': 8, 'interleaved_padding': 1}"
memory_capacity,memory_capacity,full_history_reference_baseline,num_pairs,8,95078,1.0,0.0,2.489,1,"{'model_name': 'full_history_reference_baseline', 'state_dim': 32, 'seed': 95078, 'num_pairs': 8, 'interleaved_padding': 1}"
memory_capacity,memory_capacity,full_history_reference_baseline,num_pairs,8,102997,1.0,0.0,2.352,1,"{'model_name': 'full_history_reference_baseline', 'state_dim': 32, 'seed': 102997, 'num_pairs': 8, 'interleaved_padding': 1}"
memory_capacity,memory_capacity,full_history_reference_baseline,num_pairs,8,110916,1.0,0.0,2.408,1,"{'model_name': 'full_history_reference_baseline', 'state_dim': 32, 'seed': 110916, 'num_pairs': 8, 'interleaved_padding': 1}"
memory_capacity,memory_capacity,full_history_reference_baseline,num_pairs,8,118835,1.0,0.0,2.388,1,"{'model_name': 'full_history_reference_baseline', 'state_dim': 32, 'seed': 118835, 'num_pairs': 8, 'interleaved_padding': 1}"
memory_capacity,memory_capacity,full_history_reference_baseline,num_pairs,8,126754,1.0,0.0,2.341,1,"{'model_name': 'full_history_reference_baseline', 'state_dim': 32, 'seed': 126754, 'num_pairs': 8, 'interleaved_padding': 1}"
memory_capacity,memory_capacity,full_history_reference_baseline,num_pairs,8,134673,1.0,0.0,2.376,1,"{'model_name': 'full_history_reference_baseline', 'state_dim': 32, 'seed': 134673, 'num_pairs': 8, 'interleaved_padding': 1}"
memory_capacity,memory_capacity,full_history_reference_baseline,num_pairs,8,142592,1.0,0.0,2.412,1,"{'model_name': 'full_history_reference_baseline', 'state_dim': 32, 'seed': 142592, 'num_pairs': 8, 'interleaved_padding': 1}"
memory_capacity,memory_capacity,full_history_reference_baseline,num_pairs,8,150511,1.0,0.0,2.394,1,"{'model_name': 'full_history_reference_baseline', 'state_dim': 32, 'seed': 150511, 'num_pairs': 8, 'interleaved_padding': 1}"
memory_capacity,memory_capacity,full_history_reference_baseline,num_pairs,8,158430,1.0,0.0,2.417,1,"{'model_name': 'full_history_reference_baseline', 'state_dim': 32, 'seed': 158430, 'num_pairs': 8, 'interleaved_padding': 1}"
memory_capacity,memory_capacity,full_history_reference_baseline,num_pairs,8,166349,1.0,0.0,2.369,1,"{'model_name': 'full_history_reference_baseline', 'state_dim': 32, 'seed': 166349, 'num_pairs': 8, 'interleaved_padding': 1}"
memory_capacity,memory_capacity,full_history_reference_baseline,num_pairs,8,174268,1.0,0.0,2.471,1,"{'model_name': 'full_history_reference_baseline', 'state_dim': 32, 'seed': 174268, 'num_pairs': 8, 'interleaved_padding': 1}"
memory_capacity,memory_capacity,full_history_reference_baseline,num_pairs,8,182187,1.0,0.0,2.377,1,"{'model_name': 'full_history_reference_baseline', 'state_dim': 32, 'seed': 182187, 'num_pairs': 8, 'interleaved_padding': 1}"
memory_capacity,memory_capacity,full_history_reference_baseline,num_pairs,8,190106,1.0,0.0,2.334,1,"{'model_name': 'full_history_reference_baseline', 'state_dim': 32, 'seed': 190106, 'num_pairs': 8, 'interleaved_padding': 1}"
memory_capacity,memory_capacity,full_history_reference_baseline,num_pairs,8,198025,1.0,0.0,2.438,1,"{'model_name': 'full_history_reference_baseline', 'state_dim': 32, 'seed': 198025, 'num_pairs': 8, 'interleaved_padding': 1}"
memory_capacity,memory_capacity,full_history_reference_baseline,num_pairs,8,205944,1.0,0.0,5.495,1,"{'model_name': 'full_history_reference_baseline', 'state_dim': 32, 'seed': 205944, 'num_pairs': 8, 'interleaved_padding': 1}"
memory_capacity,memory_capacity,full_history_reference_baseline,num_pairs,8,213863,1.0,0.0,7.857,1,"{'model_name': 'full_history_reference_baseline', 'state_dim': 32, 'seed': 213863, 'num_pairs': 8, 'interleaved_padding': 1}"
memory_capacity,memory_capacity,full_history_reference_baseline,num_pairs,8,221782,1.0,0.0,2.066,1,"{'model_name': 'full_history_reference_baseline', 'state_dim': 32, 'seed': 221782, 'num_pairs': 8, 'interleaved_padding': 1}"
memory_capacity,memory_capacity,full_history_reference_baseline,num_pairs,8,229701,1.0,0.0,1.859,1,"{'model_name': 'full_history_reference_baseline', 'state_dim': 32, 'seed': 229701, 'num_pairs': 8, 'interleaved_padding': 1}"
memory_capacity,memory_capacity,full_history_reference_baseline,num_pairs,12,54,1.0,0.0,3.581,1,"{'model_name': 'full_history_reference_baseline', 'state_dim': 32, 'seed': 54, 'num_pairs': 12, 'interleaved_padding': 1}"
memory_capacity,memory_capacity,full_history_reference_baseline,num_pairs,12,7973,1.0,0.0,3.416,1,"{'model_name': 'full_history_reference_baseline', 'state_dim': 32, 'seed': 7973, 'num_pairs': 12, 'interleaved_padding': 1}"
memory_capacity,memory_capacity,full_history_reference_baseline,num_pairs,12,15892,1.0,0.0,3.407,1,"{'model_name': 'full_history_reference_baseline', 'state_dim': 32, 'seed': 15892, 'num_pairs': 12, 'interleaved_padding': 1}"
memory_capacity,memory_capacity,full_history_reference_baseline,num_pairs,12,23811,1.0,0.0,3.618,1,"{'model_name': 'full_history_reference_baseline', 'state_dim': 32, 'seed': 23811, 'num_pairs': 12, 'interleaved_padding': 1}"
memory_capacity,memory_capacity,full_history_reference_baseline,num_pairs,12,31730,1.0,0.0,3.463,1,"{'model_name': 'full_history_reference_baseline', 'state_dim': 32, 'seed': 31730, 'num_pairs': 12, 'interleaved_padding': 1}"
memory_capacity,memory_capacity,full_history_reference_baseline,num_pairs,12,39649,1.0,0.0,3.37,1,"{'model_name': 'full_history_reference_baseline', 'state_dim': 32, 'seed': 39649, 'num_pairs': 12, 'interleaved_padding': 1}"
memory_capacity,memory_capacity,full_history_reference_baseline,num_pairs,12,47568,1.0,0.0,2.888,1,"{'model_name': 'full_history_reference_baseline', 'state_dim': 32, 'seed': 47568, 'num_pairs': 12, 'interleaved_padding': 1}"
memory_capacity,memory_capacity,full_history_reference_baseline,num_pairs,12,55487,1.0,0.0,2.681,1,"{'model_name': 'full_history_reference_baseline', 'state_dim': 32, 'seed': 55487, 'num_pairs': 12, 'interleaved_padding': 1}"
memory_capacity,memory_capacity,full_history_reference_baseline,num_pairs,12,63406,1.0,0.0,3.309,1,"{'model_name': 'full_history_reference_baseline', 'state_dim': 32, 'seed': 63406, 'num_pairs': 12, 'interleaved_padding': 1}"
memory_capacity,memory_capacity,full_history_reference_baseline,num_pairs,12,71325,1.0,0.0,9.506,1,"{'model_name': 'full_history_reference_baseline', 'state_dim': 32, 'seed': 71325, 'num_pairs': 12, 'interleaved_padding': 1}"
memory_capacity,memory_capacity,full_history_reference_baseline,num_pairs,12,79244,1.0,0.0,14.269,1,"{'model_name': 'full_history_reference_baseline', 'state_dim': 32, 'seed': 79244, 'num_pairs': 12, 'interleaved_padding': 1}"
memory_capacity,memory_capacity,full_history_reference_baseline,num_pairs,12,87163,1.0,0.0,14.141,1,"{'model_name': 'full_history_reference_baseline', 'state_dim': 32, 'seed': 87163, 'num_pairs': 12, 'interleaved_padding': 1}"
memory_capacity,memory_capacity,full_history_reference_baseline,num_pairs,12,95082,1.0,0.0,14.455,1,"{'model_name': 'full_history_reference_baseline', 'state_dim': 32, 'seed': 95082, 'num_pairs': 12, 'interleaved_padding': 1}"
memory_capacity,memory_capacity,full_history_reference_baseline,num_pairs,12,103001,1.0,0.0,14.691,1,"{'model_name': 'full_history_reference_baseline', 'state_dim': 32, 'seed': 103001, 'num_pairs': 12, 'interleaved_padding': 1}"
memory_capacity,memory_capacity,full_history_reference_baseline,num_pairs,12,110920,1.0,0.0,14.284,1,"{'model_name': 'full_history_reference_baseline', 'state_dim': 32, 'seed': 110920, 'num_pairs': 12, 'interleaved_padding': 1}"
memory_capacity,memory_capacity,full_history_reference_baseline,num_pairs,12,118839,1.0,0.0,14.497,1,"{'model_name': 'full_history_reference_baseline', 'state_dim': 32, 'seed': 118839, 'num_pairs': 12, 'interleaved_padding': 1}"
memory_capacity,memory_capacity,full_history_reference_baseline,num_pairs,12,126758,1.0,0.0,14.231,1,"{'model_name': 'full_history_reference_baseline', 'state_dim': 32, 'seed': 126758, 'num_pairs': 12, 'interleaved_padding': 1}"
memory_capacity,memory_capacity,full_history_reference_baseline,num_pairs,12,134677,1.0,0.0,14.124,1,"{'model_name': 'full_history_reference_baseline', 'state_dim': 32, 'seed': 134677, 'num_pairs': 12, 'interleaved_padding': 1}"
memory_capacity,memory_capacity,full_history_reference_baseline,num_pairs,12,142596,1.0,0.0,14.774,1,"{'model_name': 'full_history_reference_baseline', 'state_dim': 32, 'seed': 142596, 'num_pairs': 12, 'interleaved_padding': 1}"
memory_capacity,memory_capacity,full_history_reference_baseline,num_pairs,12,150515,1.0,0.0,14.238,1,"{'model_name': 'full_history_reference_baseline', 'state_dim': 32, 'seed': 150515, 'num_pairs': 12, 'interleaved_padding': 1}"
memory_capacity,memory_capacity,full_history_reference_baseline,num_pairs,12,158434,1.0,0.0,4.253,1,"{'model_name': 'full_history_reference_baseline', 'state_dim': 32, 'seed': 158434, 'num_pairs': 12, 'interleaved_padding': 1}"
memory_capacity,memory_capacity,full_history_reference_baseline,num_pairs,12,166353,1.0,0.0,3.046,1,"{'model_name': 'full_history_reference_baseline', 'state_dim': 32, 'seed': 166353, 'num_pairs': 12, 'interleaved_padding': 1}"
memory_capacity,memory_capacity,full_history_reference_baseline,num_pairs,12,174272,1.0,0.0,2.665,1,"{'model_name': 'full_history_reference_baseline', 'state_dim': 32, 'seed': 174272, 'num_pairs': 12, 'interleaved_padding': 1}"
memory_capacity,memory_capacity,full_history_reference_baseline,num_pairs,12,182191,1.0,0.0,2.518,1,"{'model_name': 'full_history_reference_baseline', 'state_dim': 32, 'seed': 182191, 'num_pairs': 12, 'interleaved_padding': 1}"
memory_capacity,memory_capacity,full_history_reference_baseline,num_pairs,12,190110,1.0,0.0,2.471,1,"{'model_name': 'full_history_reference_baseline', 'state_dim': 32, 'seed': 190110, 'num_pairs': 12, 'interleaved_padding': 1}"
memory_capacity,memory_capacity,full_history_reference_baseline,num_pairs,12,198029,1.0,0.0,2.564,1,"{'model_name': 'full_history_reference_baseline', 'state_dim': 32, 'seed': 198029, 'num_pairs': 12, 'interleaved_padding': 1}"
memory_capacity,memory_capacity,full_history_reference_baseline,num_pairs,12,205948,1.0,0.0,2.441,1,"{'model_name': 'full_history_reference_baseline', 'state_dim': 32, 'seed': 205948, 'num_pairs': 12, 'interleaved_padding': 1}"
memory_capacity,memory_capacity,full_history_reference_baseline,num_pairs,12,213867,1.0,0.0,2.469,1,"{'model_name': 'full_history_reference_baseline', 'state_dim': 32, 'seed': 213867, 'num_pairs': 12, 'interleaved_padding': 1}"
memory_capacity,memory_capacity,full_history_reference_baseline,num_pairs,12,221786,1.0,0.0,2.49,1,"{'model_name': 'full_history_reference_baseline', 'state_dim': 32, 'seed': 221786, 'num_pairs': 12, 'interleaved_padding': 1}"
memory_capacity,memory_capacity,full_history_reference_baseline,num_pairs,12,229705,1.0,0.0,2.459,1,"{'model_name': 'full_history_reference_baseline', 'state_dim': 32, 'seed': 229705, 'num_pairs': 12, 'interleaved_padding': 1}"
memory_capacity,memory_capacity,full_history_reference_baseline,num_pairs,16,58,1.0,0.0,4.629,1,"{'model_name': 'full_history_reference_baseline', 'state_dim': 32, 'seed': 58, 'num_pairs': 16, 'interleaved_padding': 1}"
memory_capacity,memory_capacity,full_history_reference_baseline,num_pairs,16,7977,1.0,0.0,4.387,1,"{'model_name': 'full_history_reference_baseline', 'state_dim': 32, 'seed': 7977, 'num_pairs': 16, 'interleaved_padding': 1}"
memory_capacity,memory_capacity,full_history_reference_baseline,num_pairs,16,15896,1.0,0.0,4.709,1,"{'model_name': 'full_history_reference_baseline', 'state_dim': 32, 'seed': 15896, 'num_pairs': 16, 'interleaved_padding': 1}"
memory_capacity,memory_capacity,full_history_reference_baseline,num_pairs,16,23815,1.0,0.0,4.244,1,"{'model_name': 'full_history_reference_baseline', 'state_dim': 32, 'seed': 23815, 'num_pairs': 16, 'interleaved_padding': 1}"
memory_capacity,memory_capacity,full_history_reference_baseline,num_pairs,16,31734,1.0,0.0,4.229,1,"{'model_name': 'full_history_reference_baseline', 'state_dim': 32, 'seed': 31734, 'num_pairs': 16, 'interleaved_padding': 1}"
memory_capacity,memory_capacity,full_history_reference_baseline,num_pairs,16,39653,1.0,0.0,9.074,1,"{'model_name': 'full_history_reference_baseline', 'state_dim': 32, 'seed': 39653, 'num_pairs': 16, 'interleaved_padding': 1}"
memory_capacity,memory_capacity,full_history_reference_baseline,num_pairs,16,47572,1.0,0.0,20.139,1,"{'model_name': 'full_history_reference_baseline', 'state_dim': 32, 'seed': 47572, 'num_pairs': 16, 'interleaved_padding': 1}"
memory_capacity,memory_capacity,full_history_reference_baseline,num_pairs,16,55491,1.0,0.0,16.358,1,"{'model_name': 'full_history_reference_baseline', 'state_dim': 32, 'seed': 55491, 'num_pairs': 16, 'interleaved_padding': 1}"
memory_capacity,memory_capacity,full_history_reference_baseline,num_pairs,16,63410,1.0,0.0,4.574,1,"{'model_name': 'full_history_reference_baseline', 'state_dim': 32, 'seed': 63410, 'num_pairs': 16, 'interleaved_padding': 1}"
memory_capacity,memory_capacity,full_history_reference_baseline,num_pairs,16,71329,1.0,0.0,4.532,1,"{'model_name': 'full_history_reference_baseline', 'state_dim': 32, 'seed': 71329, 'num_pairs': 16, 'interleaved_padding': 1}"
memory_capacity,memory_capacity,full_history_reference_baseline,num_pairs,16,79248,1.0,0.0,4.387,1,"{'model_name': 'full_history_reference_baseline', 'state_dim': 32, 'seed': 79248, 'num_pairs': 16, 'interleaved_padding': 1}"
memory_capacity,memory_capacity,full_history_reference_baseline,num_pairs,16,87167,1.0,0.0,4.406,1,"{'model_name': 'full_history_reference_baseline', 'state_dim': 32, 'seed': 87167, 'num_pairs': 16, 'interleaved_padding': 1}"
memory_capacity,memory_capacity,full_history_reference_baseline,num_pairs,16,95086,1.0,0.0,4.352,1,"{'model_name': 'full_history_reference_baseline', 'state_dim': 32, 'seed': 95086, 'num_pairs': 16, 'interleaved_padding': 1}"
memory_capacity,memory_capacity,full_history_reference_baseline,num_pairs,16,103005,1.0,0.0,4.343,1,"{'model_name': 'full_history_reference_baseline', 'state_dim': 32, 'seed': 103005, 'num_pairs': 16, 'interleaved_padding': 1}"
memory_capacity,memory_capacity,full_history_reference_baseline,num_pairs,16,110924,1.0,0.0,4.485,1,"{'model_name': 'full_history_reference_baseline', 'state_dim': 32, 'seed': 110924, 'num_pairs': 16, 'interleaved_padding': 1}"
memory_capacity,memory_capacity,full_history_reference_baseline,num_pairs,16,118843,1.0,0.0,4.635,1,"{'model_name': 'full_history_reference_baseline', 'state_dim': 32, 'seed': 118843, 'num_pairs': 16, 'interleaved_padding': 1}"
memory_capacity,memory_capacity,full_history_reference_baseline,num_pairs,16,126762,1.0,0.0,4.433,1,"{'model_name': 'full_history_reference_baseline', 'state_dim': 32, 'seed': 126762, 'num_pairs': 16, 'interleaved_padding': 1}"
memory_capacity,memory_capacity,full_history_reference_baseline,num_pairs,16,134681,1.0,0.0,4.381,1,"{'model_name': 'full_history_reference_baseline', 'state_dim': 32, 'seed': 134681, 'num_pairs': 16, 'interleaved_padding': 1}"
memory_capacity,memory_capacity,full_history_reference_baseline,num_pairs,16,142600,1.0,0.0,6.168,1,"{'model_name': 'full_history_reference_baseline', 'state_dim': 32, 'seed': 142600, 'num_pairs': 16, 'interleaved_padding': 1}"
memory_capacity,memory_capacity,full_history_reference_baseline,num_pairs,16,150519,1.0,0.0,19.226,1,"{'model_name': 'full_history_reference_baseline', 'state_dim': 32, 'seed': 150519, 'num_pairs': 16, 'interleaved_padding': 1}"
memory_capacity,memory_capacity,full_history_reference_baseline,num_pairs,16,158438,1.0,0.0,18.914,1,"{'model_name': 'full_history_reference_baseline', 'state_dim': 32, 'seed': 158438, 'num_pairs': 16, 'interleaved_padding': 1}"
memory_capacity,memory_capacity,full_history_reference_baseline,num_pairs,16,166357,1.0,0.0,18.988,1,"{'model_name': 'full_history_reference_baseline', 'state_dim': 32, 'seed': 166357, 'num_pairs': 16, 'interleaved_padding': 1}"
memory_capacity,memory_capacity,full_history_reference_baseline,num_pairs,16,174276,1.0,0.0,13.411,1,"{'model_name': 'full_history_reference_baseline', 'state_dim': 32, 'seed': 174276, 'num_pairs': 16, 'interleaved_padding': 1}"
memory_capacity,memory_capacity,full_history_reference_baseline,num_pairs,16,182195,1.0,0.0,3.366,1,"{'model_name': 'full_history_reference_baseline', 'state_dim': 32, 'seed': 182195, 'num_pairs': 16, 'interleaved_padding': 1}"
memory_capacity,memory_capacity,full_history_reference_baseline,num_pairs,16,190114,1.0,0.0,3.281,1,"{'model_name': 'full_history_reference_baseline', 'state_dim': 32, 'seed': 190114, 'num_pairs': 16, 'interleaved_padding': 1}"
memory_capacity,memory_capacity,full_history_reference_baseline,num_pairs,16,198033,1.0,0.0,3.286,1,"{'model_name': 'full_history_reference_baseline', 'state_dim': 32, 'seed': 198033, 'num_pairs': 16, 'interleaved_padding': 1}"
memory_capacity,memory_capacity,full_history_reference_baseline,num_pairs,16,205952,1.0,0.0,3.268,1,"{'model_name': 'full_history_reference_baseline', 'state_dim': 32, 'seed': 205952, 'num_pairs': 16, 'interleaved_padding': 1}"
memory_capacity,memory_capacity,full_history_reference_baseline,num_pairs,16,213871,1.0,0.0,3.244,1,"{'model_name': 'full_history_reference_baseline', 'state_dim': 32, 'seed': 213871, 'num_pairs': 16, 'interleaved_padding': 1}"
memory_capacity,memory_capacity,full_history_reference_baseline,num_pairs,16,221790,1.0,0.0,3.22,1,"{'model_name': 'full_history_reference_baseline', 'state_dim': 32, 'seed': 221790, 'num_pairs': 16, 'interleaved_padding': 1}"
memory_capacity,memory_capacity,full_history_reference_baseline,num_pairs,16,229709,1.0,0.0,3.25,1,"{'model_name': 'full_history_reference_baseline', 'state_dim': 32, 'seed': 229709, 'num_pairs': 16, 'interleaved_padding': 1}"
memory_capacity,memory_capacity,full_history_reference_baseline,num_pairs,24,66,1.0,0.0,6.298,1,"{'model_name': 'full_history_reference_baseline', 'state_dim': 32, 'seed': 66, 'num_pairs': 24, 'interleaved_padding': 1}"
memory_capacity,memory_capacity,full_history_reference_baseline,num_pairs,24,7985,1.0,0.0,7.495,1,"{'model_name': 'full_history_reference_baseline', 'state_dim': 32, 'seed': 7985, 'num_pairs': 24, 'interleaved_padding': 1}"
memory_capacity,memory_capacity,full_history_reference_baseline,num_pairs,24,15904,1.0,0.0,6.662,1,"{'model_name': 'full_history_reference_baseline', 'state_dim': 32, 'seed': 15904, 'num_pairs': 24, 'interleaved_padding': 1}"
memory_capacity,memory_capacity,full_history_reference_baseline,num_pairs,24,23823,1.0,0.0,6.549,1,"{'model_name': 'full_history_reference_baseline', 'state_dim': 32, 'seed': 23823, 'num_pairs': 24, 'interleaved_padding': 1}"
memory_capacity,memory_capacity,full_history_reference_baseline,num_pairs,24,31742,1.0,0.0,6.399,1,"{'model_name': 'full_history_reference_baseline', 'state_dim': 32, 'seed': 31742, 'num_pairs': 24, 'interleaved_padding': 1}"
memory_capacity,memory_capacity,full_history_reference_baseline,num_pairs,24,39661,1.0,0.0,6.44,1,"{'model_name': 'full_history_reference_baseline', 'state_dim': 32, 'seed': 39661, 'num_pairs': 24, 'interleaved_padding': 1}"
memory_capacity,memory_capacity,full_history_reference_baseline,num_pairs,24,47580,1.0,0.0,6.415,1,"{'model_name': 'full_history_reference_baseline', 'state_dim': 32, 'seed': 47580, 'num_pairs': 24, 'interleaved_padding': 1}"
memory_capacity,memory_capacity,full_history_reference_baseline,num_pairs,24,55499,1.0,0.0,6.418,1,"{'model_name': 'full_history_reference_baseline', 'state_dim': 32, 'seed': 55499, 'num_pairs': 24, 'interleaved_padding': 1}"
memory_capacity,memory_capacity,full_history_reference_baseline,num_pairs,24,63418,1.0,0.0,19.833,1,"{'model_name': 'full_history_reference_baseline', 'state_dim': 32, 'seed': 63418, 'num_pairs': 24, 'interleaved_padding': 1}"
memory_capacity,memory_capacity,full_history_reference_baseline,num_pairs,24,71337,1.0,0.0,25.037,1,"{'model_name': 'full_history_reference_baseline', 'state_dim': 32, 'seed': 71337, 'num_pairs': 24, 'interleaved_padding': 1}"
memory_capacity,memory_capacity,full_history_reference_baseline,num_pairs,24,79256,1.0,0.0,7.942,1,"{'model_name': 'full_history_reference_baseline', 'state_dim': 32, 'seed': 79256, 'num_pairs': 24, 'interleaved_padding': 1}"
memory_capacity,memory_capacity,full_history_reference_baseline,num_pairs,24,87175,1.0,0.0,4.71,1,"{'model_name': 'full_history_reference_baseline', 'state_dim': 32, 'seed': 87175, 'num_pairs': 24, 'interleaved_padding': 1}"
memory_capacity,memory_capacity,full_history_reference_baseline,num_pairs,24,95094,1.0,0.0,6.387,1,"{'model_name': 'full_history_reference_baseline', 'state_dim': 32, 'seed': 95094, 'num_pairs': 24, 'interleaved_padding': 1}"
memory_capacity,memory_capacity,full_history_reference_baseline,num_pairs,24,103013,1.0,0.0,6.257,1,"{'model_name': 'full_history_reference_baseline', 'state_dim': 32, 'seed': 103013, 'num_pairs': 24, 'interleaved_padding': 1}"
memory_capacity,memory_capacity,full_history_reference_baseline,num_pairs,24,110932,1.0,0.0,6.353,1,"{'model_name': 'full_history_reference_baseline', 'state_dim': 32, 'seed': 110932, 'num_pairs': 24, 'interleaved_padding': 1}"
memory_capacity,memory_capacity,full_history_reference_baseline,num_pairs,24,118851,1.0,0.0,6.379,1,"{'model_name': 'full_history_reference_baseline', 'state_dim': 32, 'seed': 118851, 'num_pairs': 24, 'interleaved_padding': 1}"
memory_capacity,memory_capacity,full_history_reference_baseline,num_pairs,24,126770,1.0,0.0,6.476,1,"{'model_name': 'full_history_reference_baseline', 'state_dim': 32, 'seed': 126770, 'num_pairs': 24, 'interleaved_padding': 1}"
memory_capacity,memory_capacity,full_history_reference_baseline,num_pairs,24,134689,1.0,0.0,19.33,1,"{'model_name': 'full_history_reference_baseline', 'state_dim': 32, 'seed': 134689, 'num_pairs': 24, 'interleaved_padding': 1}"
memory_capacity,memory_capacity,full_history_reference_baseline,num_pairs,24,142608,1.0,0.0,26.164,1,"{'model_name': 'full_history_reference_baseline', 'state_dim': 32, 'seed': 142608, 'num_pairs': 24, 'interleaved_padding': 1}"
memory_capacity,memory_capacity,full_history_reference_baseline,num_pairs,24,150527,1.0,0.0,4.89,1,"{'model_name': 'full_history_reference_baseline', 'state_dim': 32, 'seed': 150527, 'num_pairs': 24, 'interleaved_padding': 1}"
memory_capacity,memory_capacity,full_history_reference_baseline,num_pairs,24,158446,1.0,0.0,4.756,1,"{'model_name': 'full_history_reference_baseline', 'state_dim': 32, 'seed': 158446, 'num_pairs': 24, 'interleaved_padding': 1}"
memory_capacity,memory_capacity,full_history_reference_baseline,num_pairs,24,166365,1.0,0.0,4.862,1,"{'model_name': 'full_history_reference_baseline', 'state_dim': 32, 'seed': 166365, 'num_pairs': 24, 'interleaved_padding': 1}"
memory_capacity,memory_capacity,full_history_reference_baseline,num_pairs,24,174284,1.0,0.0,4.726,1,"{'model_name': 'full_history_reference_baseline', 'state_dim': 32, 'seed': 174284, 'num_pairs': 24, 'interleaved_padding': 1}"
memory_capacity,memory_capacity,full_history_reference_baseline,num_pairs,24,182203,1.0,0.0,4.702,1,"{'model_name': 'full_history_reference_baseline', 'state_dim': 32, 'seed': 182203, 'num_pairs': 24, 'interleaved_padding': 1}"
memory_capacity,memory_capacity,full_history_reference_baseline,num_pairs,24,190122,1.0,0.0,4.962,1,"{'model_name': 'full_history_reference_baseline', 'state_dim': 32, 'seed': 190122, 'num_pairs': 24, 'interleaved_padding': 1}"
memory_capacity,memory_capacity,full_history_reference_baseline,num_pairs,24,198041,1.0,0.0,4.69,1,"{'model_name': 'full_history_reference_baseline', 'state_dim': 32, 'seed': 198041, 'num_pairs': 24, 'interleaved_padding': 1}"
memory_capacity,memory_capacity,full_history_reference_baseline,num_pairs,24,205960,1.0,0.0,4.811,1,"{'model_name': 'full_history_reference_baseline', 'state_dim': 32, 'seed': 205960, 'num_pairs': 24, 'interleaved_padding': 1}"
memory_capacity,memory_capacity,full_history_reference_baseline,num_pairs,24,213879,1.0,0.0,4.683,1,"{'model_name': 'full_history_reference_baseline', 'state_dim': 32, 'seed': 213879, 'num_pairs': 24, 'interleaved_padding': 1}"
memory_capacity,memory_capacity,full_history_reference_baseline,num_pairs,24,221798,1.0,0.0,4.807,1,"{'model_name': 'full_history_reference_baseline', 'state_dim': 32, 'seed': 221798, 'num_pairs': 24, 'interleaved_padding': 1}"
memory_capacity,memory_capacity,full_history_reference_baseline,num_pairs,24,229717,1.0,0.0,4.754,1,"{'model_name': 'full_history_reference_baseline', 'state_dim': 32, 'seed': 229717, 'num_pairs': 24, 'interleaved_padding': 1}"
memory_capacity,memory_capacity,full_history_reference_baseline,num_pairs,32,74,1.0,0.0,7.508,1,"{'model_name': 'full_history_reference_baseline', 'state_dim': 32, 'seed': 74, 'num_pairs': 32, 'interleaved_padding': 1}"
memory_capacity,memory_capacity,full_history_reference_baseline,num_pairs,32,7993,1.0,0.0,23.899,1,"{'model_name': 'full_history_reference_baseline', 'state_dim': 32, 'seed': 7993, 'num_pairs': 32, 'interleaved_padding': 1}"
memory_capacity,memory_capacity,full_history_reference_baseline,num_pairs,32,15912,1.0,0.0,36.106,1,"{'model_name': 'full_history_reference_baseline', 'state_dim': 32, 'seed': 15912, 'num_pairs': 32, 'interleaved_padding': 1}"
memory_capacity,memory_capacity,full_history_reference_baseline,num_pairs,32,23831,1.0,0.0,36.441,1,"{'model_name': 'full_history_reference_baseline', 'state_dim': 32, 'seed': 23831, 'num_pairs': 32, 'interleaved_padding': 1}"
memory_capacity,memory_capacity,full_history_reference_baseline,num_pairs,32,31750,1.0,0.0,10.383,1,"{'model_name': 'full_history_reference_baseline', 'state_dim': 32, 'seed': 31750, 'num_pairs': 32, 'interleaved_padding': 1}"
memory_capacity,memory_capacity,full_history_reference_baseline,num_pairs,32,39669,1.0,0.0,6.864,1,"{'model_name': 'full_history_reference_baseline', 'state_dim': 32, 'seed': 39669, 'num_pairs': 32, 'interleaved_padding': 1}"
memory_capacity,memory_capacity,full_history_reference_baseline,num_pairs,32,47588,1.0,0.0,6.367,1,"{'model_name': 'full_history_reference_baseline', 'state_dim': 32, 'seed': 47588, 'num_pairs': 32, 'interleaved_padding': 1}"
memory_capacity,memory_capacity,full_history_reference_baseline,num_pairs,32,55507,1.0,0.0,14.264,1,"{'model_name': 'full_history_reference_baseline', 'state_dim': 32, 'seed': 55507, 'num_pairs': 32, 'interleaved_padding': 1}"
memory_capacity,memory_capacity,full_history_reference_baseline,num_pairs,32,63426,1.0,0.0,35.942,1,"{'model_name': 'full_history_reference_baseline', 'state_dim': 32, 'seed': 63426, 'num_pairs': 32, 'interleaved_padding': 1}"
memory_capacity,memory_capacity,full_history_reference_baseline,num_pairs,32,71345,1.0,0.0,15.969,1,"{'model_name': 'full_history_reference_baseline', 'state_dim': 32, 'seed': 71345, 'num_pairs': 32, 'interleaved_padding': 1}"
memory_capacity,memory_capacity,full_history_reference_baseline,num_pairs,32,79264,1.0,0.0,6.64,1,"{'model_name': 'full_history_reference_baseline', 'state_dim': 32, 'seed': 79264, 'num_pairs': 32, 'interleaved_padding': 1}"
memory_capacity,memory_capacity,full_history_reference_baseline,num_pairs,32,87183,1.0,0.0,6.422,1,"{'model_name': 'full_history_reference_baseline', 'state_dim': 32, 'seed': 87183, 'num_pairs': 32, 'interleaved_padding': 1}"
memory_capacity,memory_capacity,full_history_reference_baseline,num_pairs,32,95102,1.0,0.0,6.771,1,"{'model_name': 'full_history_reference_baseline', 'state_dim': 32, 'seed': 95102, 'num_pairs': 32, 'interleaved_padding': 1}"
memory_capacity,memory_capacity,full_history_reference_baseline,num_pairs,32,103021,1.0,0.0,6.664,1,"{'model_name': 'full_history_reference_baseline', 'state_dim': 32, 'seed': 103021, 'num_pairs': 32, 'interleaved_padding': 1}"
memory_capacity,memory_capacity,full_history_reference_baseline,num_pairs,32,110940,1.0,0.0,7.089,1,"{'model_name': 'full_history_reference_baseline', 'state_dim': 32, 'seed': 110940, 'num_pairs': 32, 'interleaved_padding': 1}"
memory_capacity,memory_capacity,full_history_reference_baseline,num_pairs,32,118859,1.0,0.0,6.696,1,"{'model_name': 'full_history_reference_baseline', 'state_dim': 32, 'seed': 118859, 'num_pairs': 32, 'interleaved_padding': 1}"
memory_capacity,memory_capacity,full_history_reference_baseline,num_pairs,32,126778,1.0,0.0,6.566,1,"{'model_name': 'full_history_reference_baseline', 'state_dim': 32, 'seed': 126778, 'num_pairs': 32, 'interleaved_padding': 1}"
memory_capacity,memory_capacity,full_history_reference_baseline,num_pairs,32,134697,1.0,0.0,6.274,1,"{'model_name': 'full_history_reference_baseline', 'state_dim': 32, 'seed': 134697, 'num_pairs': 32, 'interleaved_padding': 1}"
memory_capacity,memory_capacity,full_history_reference_baseline,num_pairs,32,142616,1.0,0.0,6.236,1,"{'model_name': 'full_history_reference_baseline', 'state_dim': 32, 'seed': 142616, 'num_pairs': 32, 'interleaved_padding': 1}"
memory_capacity,memory_capacity,full_history_reference_baseline,num_pairs,32,150535,1.0,0.0,6.611,1,"{'model_name': 'full_history_reference_baseline', 'state_dim': 32, 'seed': 150535, 'num_pairs': 32, 'interleaved_padding': 1}"
memory_capacity,memory_capacity,full_history_reference_baseline,num_pairs,32,158454,1.0,0.0,6.515,1,"{'model_name': 'full_history_reference_baseline', 'state_dim': 32, 'seed': 158454, 'num_pairs': 32, 'interleaved_padding': 1}"
memory_capacity,memory_capacity,full_history_reference_baseline,num_pairs,32,166373,1.0,0.0,7.074,1,"{'model_name': 'full_history_reference_baseline', 'state_dim': 32, 'seed': 166373, 'num_pairs': 32, 'interleaved_padding': 1}"
memory_capacity,memory_capacity,full_history_reference_baseline,num_pairs,32,174292,1.0,0.0,6.576,1,"{'model_name': 'full_history_reference_baseline', 'state_dim': 32, 'seed': 174292, 'num_pairs': 32, 'interleaved_padding': 1}"
memory_capacity,memory_capacity,full_history_reference_baseline,num_pairs,32,182211,1.0,0.0,7.257,1,"{'model_name': 'full_history_reference_baseline', 'state_dim': 32, 'seed': 182211, 'num_pairs': 32, 'interleaved_padding': 1}"
memory_capacity,memory_capacity,full_history_reference_baseline,num_pairs,32,190130,1.0,0.0,7.647,1,"{'model_name': 'full_history_reference_baseline', 'state_dim': 32, 'seed': 190130, 'num_pairs': 32, 'interleaved_padding': 1}"
memory_capacity,memory_capacity,full_history_reference_baseline,num_pairs,32,198049,1.0,0.0,8.378,1,"{'model_name': 'full_history_reference_baseline', 'state_dim': 32, 'seed': 198049, 'num_pairs': 32, 'interleaved_padding': 1}"
memory_capacity,memory_capacity,full_history_reference_baseline,num_pairs,32,205968,1.0,0.0,7.232,1,"{'model_name': 'full_history_reference_baseline', 'state_dim': 32, 'seed': 205968, 'num_pairs': 32, 'interleaved_padding': 1}"
memory_capacity,memory_capacity,full_history_reference_baseline,num_pairs,32,213887,1.0,0.0,7.155,1,"{'model_name': 'full_history_reference_baseline', 'state_dim': 32, 'seed': 213887, 'num_pairs': 32, 'interleaved_padding': 1}"
memory_capacity,memory_capacity,full_history_reference_baseline,num_pairs,32,221806,1.0,0.0,9.472,1,"{'model_name': 'full_history_reference_baseline', 'state_dim': 32, 'seed': 221806, 'num_pairs': 32, 'interleaved_padding': 1}"
memory_capacity,memory_capacity,full_history_reference_baseline,num_pairs,32,229725,1.0,0.0,6.893,1,"{'model_name': 'full_history_reference_baseline', 'state_dim': 32, 'seed': 229725, 'num_pairs': 32, 'interleaved_padding': 1}"
memory_capacity,memory_capacity,fixed_size_recurrent_memory,num_pairs,1,43,0.0,1.0,1.004,1,"{'model_name': 'fixed_size_recurrent_memory', 'state_dim': 32, 'seed': 43, 'num_pairs': 1, 'interleaved_padding': 1}"
memory_capacity,memory_capacity,fixed_size_recurrent_memory,num_pairs,1,7962,1.0,0.0,0.891,1,"{'model_name': 'fixed_size_recurrent_memory', 'state_dim': 32, 'seed': 7962, 'num_pairs': 1, 'interleaved_padding': 1}"
memory_capacity,memory_capacity,fixed_size_recurrent_memory,num_pairs,1,15881,1.0,0.0,0.825,1,"{'model_name': 'fixed_size_recurrent_memory', 'state_dim': 32, 'seed': 15881, 'num_pairs': 1, 'interleaved_padding': 1}"
memory_capacity,memory_capacity,fixed_size_recurrent_memory,num_pairs,1,23800,1.0,0.0,0.852,1,"{'model_name': 'fixed_size_recurrent_memory', 'state_dim': 32, 'seed': 23800, 'num_pairs': 1, 'interleaved_padding': 1}"
memory_capacity,memory_capacity,fixed_size_recurrent_memory,num_pairs,1,31719,1.0,0.0,0.852,1,"{'model_name': 'fixed_size_recurrent_memory', 'state_dim': 32, 'seed': 31719, 'num_pairs': 1, 'interleaved_padding': 1}"
memory_capacity,memory_capacity,fixed_size_recurrent_memory,num_pairs,1,39638,1.0,0.0,0.862,1,"{'model_name': 'fixed_size_recurrent_memory', 'state_dim': 32, 'seed': 39638, 'num_pairs': 1, 'interleaved_padding': 1}"
memory_capacity,memory_capacity,fixed_size_recurrent_memory,num_pairs,1,47557,1.0,0.0,0.848,1,"{'model_name': 'fixed_size_recurrent_memory', 'state_dim': 32, 'seed': 47557, 'num_pairs': 1, 'interleaved_padding': 1}"
memory_capacity,memory_capacity,fixed_size_recurrent_memory,num_pairs,1,55476,0.0,1.0,0.743,1,"{'model_name': 'fixed_size_recurrent_memory', 'state_dim': 32, 'seed': 55476, 'num_pairs': 1, 'interleaved_padding': 1}"
memory_capacity,memory_capacity,fixed_size_recurrent_memory,num_pairs,1,63395,1.0,0.0,1.323,1,"{'model_name': 'fixed_size_recurrent_memory', 'state_dim': 32, 'seed': 63395, 'num_pairs': 1, 'interleaved_padding': 1}"
memory_capacity,memory_capacity,fixed_size_recurrent_memory,num_pairs,1,71314,1.0,0.0,0.766,1,"{'model_name': 'fixed_size_recurrent_memory', 'state_dim': 32, 'seed': 71314, 'num_pairs': 1, 'interleaved_padding': 1}"
memory_capacity,memory_capacity,fixed_size_recurrent_memory,num_pairs,1,79233,1.0,0.0,0.752,1,"{'model_name': 'fixed_size_recurrent_memory', 'state_dim': 32, 'seed': 79233, 'num_pairs': 1, 'interleaved_padding': 1}"
memory_capacity,memory_capacity,fixed_size_recurrent_memory,num_pairs,1,87152,1.0,0.0,0.752,1,"{'model_name': 'fixed_size_recurrent_memory', 'state_dim': 32, 'seed': 87152, 'num_pairs': 1, 'interleaved_padding': 1}"
memory_capacity,memory_capacity,fixed_size_recurrent_memory,num_pairs,1,95071,0.0,1.0,1.037,1,"{'model_name': 'fixed_size_recurrent_memory', 'state_dim': 32, 'seed': 95071, 'num_pairs': 1, 'interleaved_padding': 1}"
memory_capacity,memory_capacity,fixed_size_recurrent_memory,num_pairs,1,102990,1.0,0.0,0.795,1,"{'model_name': 'fixed_size_recurrent_memory', 'state_dim': 32, 'seed': 102990, 'num_pairs': 1, 'interleaved_padding': 1}"
memory_capacity,memory_capacity,fixed_size_recurrent_memory,num_pairs,1,110909,1.0,0.0,0.788,1,"{'model_name': 'fixed_size_recurrent_memory', 'state_dim': 32, 'seed': 110909, 'num_pairs': 1, 'interleaved_padding': 1}"
memory_capacity,memory_capacity,fixed_size_recurrent_memory,num_pairs,1,118828,1.0,0.0,0.765,1,"{'model_name': 'fixed_size_recurrent_memory', 'state_dim': 32, 'seed': 118828, 'num_pairs': 1, 'interleaved_padding': 1}"
memory_capacity,memory_capacity,fixed_size_recurrent_memory,num_pairs,1,126747,0.0,1.0,0.783,1,"{'model_name': 'fixed_size_recurrent_memory', 'state_dim': 32, 'seed': 126747, 'num_pairs': 1, 'interleaved_padding': 1}"
memory_capacity,memory_capacity,fixed_size_recurrent_memory,num_pairs,1,134666,1.0,0.0,0.788,1,"{'model_name': 'fixed_size_recurrent_memory', 'state_dim': 32, 'seed': 134666, 'num_pairs': 1, 'interleaved_padding': 1}"
memory_capacity,memory_capacity,fixed_size_recurrent_memory,num_pairs,1,142585,1.0,0.0,0.803,1,"{'model_name': 'fixed_size_recurrent_memory', 'state_dim': 32, 'seed': 142585, 'num_pairs': 1, 'interleaved_padding': 1}"
memory_capacity,memory_capacity,fixed_size_recurrent_memory,num_pairs,1,150504,1.0,0.0,0.761,1,"{'model_name': 'fixed_size_recurrent_memory', 'state_dim': 32, 'seed': 150504, 'num_pairs': 1, 'interleaved_padding': 1}"
memory_capacity,memory_capacity,fixed_size_recurrent_memory,num_pairs,1,158423,1.0,0.0,0.732,1,"{'model_name': 'fixed_size_recurrent_memory', 'state_dim': 32, 'seed': 158423, 'num_pairs': 1, 'interleaved_padding': 1}"
memory_capacity,memory_capacity,fixed_size_recurrent_memory,num_pairs,1,166342,1.0,0.0,0.772,1,"{'model_name': 'fixed_size_recurrent_memory', 'state_dim': 32, 'seed': 166342, 'num_pairs': 1, 'interleaved_padding': 1}"
memory_capacity,memory_capacity,fixed_size_recurrent_memory,num_pairs,1,174261,1.0,0.0,0.733,1,"{'model_name': 'fixed_size_recurrent_memory', 'state_dim': 32, 'seed': 174261, 'num_pairs': 1, 'interleaved_padding': 1}"
memory_capacity,memory_capacity,fixed_size_recurrent_memory,num_pairs,1,182180,1.0,0.0,0.797,1,"{'model_name': 'fixed_size_recurrent_memory', 'state_dim': 32, 'seed': 182180, 'num_pairs': 1, 'interleaved_padding': 1}"
memory_capacity,memory_capacity,fixed_size_recurrent_memory,num_pairs,1,190099,0.0,1.0,0.751,1,"{'model_name': 'fixed_size_recurrent_memory', 'state_dim': 32, 'seed': 190099, 'num_pairs': 1, 'interleaved_padding': 1}"
memory_capacity,memory_capacity,fixed_size_recurrent_memory,num_pairs,1,198018,1.0,0.0,0.723,1,"{'model_name': 'fixed_size_recurrent_memory', 'state_dim': 32, 'seed': 198018, 'num_pairs': 1, 'interleaved_padding': 1}"
memory_capacity,memory_capacity,fixed_size_recurrent_memory,num_pairs,1,205937,0.0,1.0,0.762,1,"{'model_name': 'fixed_size_recurrent_memory', 'state_dim': 32, 'seed': 205937, 'num_pairs': 1, 'interleaved_padding': 1}"
memory_capacity,memory_capacity,fixed_size_recurrent_memory,num_pairs,1,213856,1.0,0.0,0.735,1,"{'model_name': 'fixed_size_recurrent_memory', 'state_dim': 32, 'seed': 213856, 'num_pairs': 1, 'interleaved_padding': 1}"
memory_capacity,memory_capacity,fixed_size_recurrent_memory,num_pairs,1,221775,0.0,1.0,0.799,1,"{'model_name': 'fixed_size_recurrent_memory', 'state_dim': 32, 'seed': 221775, 'num_pairs': 1, 'interleaved_padding': 1}"
memory_capacity,memory_capacity,fixed_size_recurrent_memory,num_pairs,1,229694,0.0,1.0,0.784,1,"{'model_name': 'fixed_size_recurrent_memory', 'state_dim': 32, 'seed': 229694, 'num_pairs': 1, 'interleaved_padding': 1}"
memory_capacity,memory_capacity,fixed_size_recurrent_memory,num_pairs,2,44,0.0,1.0,4.519,1,"{'model_name': 'fixed_size_recurrent_memory', 'state_dim': 32, 'seed': 44, 'num_pairs': 2, 'interleaved_padding': 1}"
memory_capacity,memory_capacity,fixed_size_recurrent_memory,num_pairs,2,7963,0.0,1.0,4.253,1,"{'model_name': 'fixed_size_recurrent_memory', 'state_dim': 32, 'seed': 7963, 'num_pairs': 2, 'interleaved_padding': 1}"
memory_capacity,memory_capacity,fixed_size_recurrent_memory,num_pairs,2,15882,1.0,0.0,4.145,1,"{'model_name': 'fixed_size_recurrent_memory', 'state_dim': 32, 'seed': 15882, 'num_pairs': 2, 'interleaved_padding': 1}"
memory_capacity,memory_capacity,fixed_size_recurrent_memory,num_pairs,2,23801,1.0,0.0,4.305,1,"{'model_name': 'fixed_size_recurrent_memory', 'state_dim': 32, 'seed': 23801, 'num_pairs': 2, 'interleaved_padding': 1}"
memory_capacity,memory_capacity,fixed_size_recurrent_memory,num_pairs,2,31720,0.0,1.0,4.356,1,"{'model_name': 'fixed_size_recurrent_memory', 'state_dim': 32, 'seed': 31720, 'num_pairs': 2, 'interleaved_padding': 1}"
memory_capacity,memory_capacity,fixed_size_recurrent_memory,num_pairs,2,39639,1.0,0.0,1.271,1,"{'model_name': 'fixed_size_recurrent_memory', 'state_dim': 32, 'seed': 39639, 'num_pairs': 2, 'interleaved_padding': 1}"
memory_capacity,memory_capacity,fixed_size_recurrent_memory,num_pairs,2,47558,0.0,1.0,0.98,1,"{'model_name': 'fixed_size_recurrent_memory', 'state_dim': 32, 'seed': 47558, 'num_pairs': 2, 'interleaved_padding': 1}"
memory_capacity,memory_capacity,fixed_size_recurrent_memory,num_pairs,2,55477,0.0,1.0,0.867,1,"{'model_name': 'fixed_size_recurrent_memory', 'state_dim': 32, 'seed': 55477, 'num_pairs': 2, 'interleaved_padding': 1}"
memory_capacity,memory_capacity,fixed_size_recurrent_memory,num_pairs,2,63396,0.0,1.0,0.945,1,"{'model_name': 'fixed_size_recurrent_memory', 'state_dim': 32, 'seed': 63396, 'num_pairs': 2, 'interleaved_padding': 1}"
memory_capacity,memory_capacity,fixed_size_recurrent_memory,num_pairs,2,71315,0.0,1.0,0.89,1,"{'model_name': 'fixed_size_recurrent_memory', 'state_dim': 32, 'seed': 71315, 'num_pairs': 2, 'interleaved_padding': 1}"
memory_capacity,memory_capacity,fixed_size_recurrent_memory,num_pairs,2,79234,0.0,1.0,0.974,1,"{'model_name': 'fixed_size_recurrent_memory', 'state_dim': 32, 'seed': 79234, 'num_pairs': 2, 'interleaved_padding': 1}"
memory_capacity,memory_capacity,fixed_size_recurrent_memory,num_pairs,2,87153,0.0,1.0,1.028,1,"{'model_name': 'fixed_size_recurrent_memory', 'state_dim': 32, 'seed': 87153, 'num_pairs': 2, 'interleaved_padding': 1}"
memory_capacity,memory_capacity,fixed_size_recurrent_memory,num_pairs,2,95072,0.0,1.0,0.922,1,"{'model_name': 'fixed_size_recurrent_memory', 'state_dim': 32, 'seed': 95072, 'num_pairs': 2, 'interleaved_padding': 1}"
memory_capacity,memory_capacity,fixed_size_recurrent_memory,num_pairs,2,102991,1.0,0.0,0.803,1,"{'model_name': 'fixed_size_recurrent_memory', 'state_dim': 32, 'seed': 102991, 'num_pairs': 2, 'interleaved_padding': 1}"
memory_capacity,memory_capacity,fixed_size_recurrent_memory,num_pairs,2,110910,0.0,1.0,0.877,1,"{'model_name': 'fixed_size_recurrent_memory', 'state_dim': 32, 'seed': 110910, 'num_pairs': 2, 'interleaved_padding': 1}"
memory_capacity,memory_capacity,fixed_size_recurrent_memory,num_pairs,2,118829,1.0,0.0,0.811,1,"{'model_name': 'fixed_size_recurrent_memory', 'state_dim': 32, 'seed': 118829, 'num_pairs': 2, 'interleaved_padding': 1}"
memory_capacity,memory_capacity,fixed_size_recurrent_memory,num_pairs,2,126748,0.0,1.0,0.835,1,"{'model_name': 'fixed_size_recurrent_memory', 'state_dim': 32, 'seed': 126748, 'num_pairs': 2, 'interleaved_padding': 1}"
memory_capacity,memory_capacity,fixed_size_recurrent_memory,num_pairs,2,134667,1.0,0.0,0.784,1,"{'model_name': 'fixed_size_recurrent_memory', 'state_dim': 32, 'seed': 134667, 'num_pairs': 2, 'interleaved_padding': 1}"
memory_capacity,memory_capacity,fixed_size_recurrent_memory,num_pairs,2,142586,1.0,0.0,1.05,1,"{'model_name': 'fixed_size_recurrent_memory', 'state_dim': 32, 'seed': 142586, 'num_pairs': 2, 'interleaved_padding': 1}"
memory_capacity,memory_capacity,fixed_size_recurrent_memory,num_pairs,2,150505,1.0,0.0,1.169,1,"{'model_name': 'fixed_size_recurrent_memory', 'state_dim': 32, 'seed': 150505, 'num_pairs': 2, 'interleaved_padding': 1}"
memory_capacity,memory_capacity,fixed_size_recurrent_memory,num_pairs,2,158424,0.0,1.0,1.155,1,"{'model_name': 'fixed_size_recurrent_memory', 'state_dim': 32, 'seed': 158424, 'num_pairs': 2, 'interleaved_padding': 1}"
memory_capacity,memory_capacity,fixed_size_recurrent_memory,num_pairs,2,166343,0.0,1.0,1.072,1,"{'model_name': 'fixed_size_recurrent_memory', 'state_dim': 32, 'seed': 166343, 'num_pairs': 2, 'interleaved_padding': 1}"
memory_capacity,memory_capacity,fixed_size_recurrent_memory,num_pairs,2,174262,0.0,1.0,1.03,1,"{'model_name': 'fixed_size_recurrent_memory', 'state_dim': 32, 'seed': 174262, 'num_pairs': 2, 'interleaved_padding': 1}"
memory_capacity,memory_capacity,fixed_size_recurrent_memory,num_pairs,2,182181,0.0,1.0,1.103,1,"{'model_name': 'fixed_size_recurrent_memory', 'state_dim': 32, 'seed': 182181, 'num_pairs': 2, 'interleaved_padding': 1}"
memory_capacity,memory_capacity,fixed_size_recurrent_memory,num_pairs,2,190100,0.0,1.0,1.045,1,"{'model_name': 'fixed_size_recurrent_memory', 'state_dim': 32, 'seed': 190100, 'num_pairs': 2, 'interleaved_padding': 1}"
memory_capacity,memory_capacity,fixed_size_recurrent_memory,num_pairs,2,198019,0.0,1.0,1.071,1,"{'model_name': 'fixed_size_recurrent_memory', 'state_dim': 32, 'seed': 198019, 'num_pairs': 2, 'interleaved_padding': 1}"
memory_capacity,memory_capacity,fixed_size_recurrent_memory,num_pairs,2,205938,0.0,1.0,1.014,1,"{'model_name': 'fixed_size_recurrent_memory', 'state_dim': 32, 'seed': 205938, 'num_pairs': 2, 'interleaved_padding': 1}"
memory_capacity,memory_capacity,fixed_size_recurrent_memory,num_pairs,2,213857,0.0,1.0,1.15,1,"{'model_name': 'fixed_size_recurrent_memory', 'state_dim': 32, 'seed': 213857, 'num_pairs': 2, 'interleaved_padding': 1}"
memory_capacity,memory_capacity,fixed_size_recurrent_memory,num_pairs,2,221776,0.0,1.0,1.132,1,"{'model_name': 'fixed_size_recurrent_memory', 'state_dim': 32, 'seed': 221776, 'num_pairs': 2, 'interleaved_padding': 1}"
memory_capacity,memory_capacity,fixed_size_recurrent_memory,num_pairs,2,229695,1.0,0.0,1.024,1,"{'model_name': 'fixed_size_recurrent_memory', 'state_dim': 32, 'seed': 229695, 'num_pairs': 2, 'interleaved_padding': 1}"
memory_capacity,memory_capacity,fixed_size_recurrent_memory,num_pairs,4,46,0.0,1.0,2.184,1,"{'model_name': 'fixed_size_recurrent_memory', 'state_dim': 32, 'seed': 46, 'num_pairs': 4, 'interleaved_padding': 1}"
memory_capacity,memory_capacity,fixed_size_recurrent_memory,num_pairs,4,7965,0.0,1.0,1.874,1,"{'model_name': 'fixed_size_recurrent_memory', 'state_dim': 32, 'seed': 7965, 'num_pairs': 4, 'interleaved_padding': 1}"
memory_capacity,memory_capacity,fixed_size_recurrent_memory,num_pairs,4,15884,0.0,1.0,1.806,1,"{'model_name': 'fixed_size_recurrent_memory', 'state_dim': 32, 'seed': 15884, 'num_pairs': 4, 'interleaved_padding': 1}"
memory_capacity,memory_capacity,fixed_size_recurrent_memory,num_pairs,4,23803,0.0,1.0,1.729,1,"{'model_name': 'fixed_size_recurrent_memory', 'state_dim': 32, 'seed': 23803, 'num_pairs': 4, 'interleaved_padding': 1}"
memory_capacity,memory_capacity,fixed_size_recurrent_memory,num_pairs,4,31722,0.0,1.0,1.889,1,"{'model_name': 'fixed_size_recurrent_memory', 'state_dim': 32, 'seed': 31722, 'num_pairs': 4, 'interleaved_padding': 1}"
memory_capacity,memory_capacity,fixed_size_recurrent_memory,num_pairs,4,39641,0.0,1.0,1.726,1,"{'model_name': 'fixed_size_recurrent_memory', 'state_dim': 32, 'seed': 39641, 'num_pairs': 4, 'interleaved_padding': 1}"
memory_capacity,memory_capacity,fixed_size_recurrent_memory,num_pairs,4,47560,0.0,1.0,1.685,1,"{'model_name': 'fixed_size_recurrent_memory', 'state_dim': 32, 'seed': 47560, 'num_pairs': 4, 'interleaved_padding': 1}"
memory_capacity,memory_capacity,fixed_size_recurrent_memory,num_pairs,4,55479,0.0,1.0,1.722,1,"{'model_name': 'fixed_size_recurrent_memory', 'state_dim': 32, 'seed': 55479, 'num_pairs': 4, 'interleaved_padding': 1}"
memory_capacity,memory_capacity,fixed_size_recurrent_memory,num_pairs,4,63398,0.0,1.0,1.721,1,"{'model_name': 'fixed_size_recurrent_memory', 'state_dim': 32, 'seed': 63398, 'num_pairs': 4, 'interleaved_padding': 1}"
memory_capacity,memory_capacity,fixed_size_recurrent_memory,num_pairs,4,71317,0.0,1.0,1.674,1,"{'model_name': 'fixed_size_recurrent_memory', 'state_dim': 32, 'seed': 71317, 'num_pairs': 4, 'interleaved_padding': 1}"
memory_capacity,memory_capacity,fixed_size_recurrent_memory,num_pairs,4,79236,0.0,1.0,1.712,1,"{'model_name': 'fixed_size_recurrent_memory', 'state_dim': 32, 'seed': 79236, 'num_pairs': 4, 'interleaved_padding': 1}"
memory_capacity,memory_capacity,fixed_size_recurrent_memory,num_pairs,4,87155,1.0,0.0,1.718,1,"{'model_name': 'fixed_size_recurrent_memory', 'state_dim': 32, 'seed': 87155, 'num_pairs': 4, 'interleaved_padding': 1}"
memory_capacity,memory_capacity,fixed_size_recurrent_memory,num_pairs,4,95074,0.0,1.0,1.687,1,"{'model_name': 'fixed_size_recurrent_memory', 'state_dim': 32, 'seed': 95074, 'num_pairs': 4, 'interleaved_padding': 1}"
memory_capacity,memory_capacity,fixed_size_recurrent_memory,num_pairs,4,102993,0.0,1.0,1.716,1,"{'model_name': 'fixed_size_recurrent_memory', 'state_dim': 32, 'seed': 102993, 'num_pairs': 4, 'interleaved_padding': 1}"
memory_capacity,memory_capacity,fixed_size_recurrent_memory,num_pairs,4,110912,0.0,1.0,1.706,1,"{'model_name': 'fixed_size_recurrent_memory', 'state_dim': 32, 'seed': 110912, 'num_pairs': 4, 'interleaved_padding': 1}"
memory_capacity,memory_capacity,fixed_size_recurrent_memory,num_pairs,4,118831,0.0,1.0,1.729,1,"{'model_name': 'fixed_size_recurrent_memory', 'state_dim': 32, 'seed': 118831, 'num_pairs': 4, 'interleaved_padding': 1}"
memory_capacity,memory_capacity,fixed_size_recurrent_memory,num_pairs,4,126750,0.0,1.0,4.579,1,"{'model_name': 'fixed_size_recurrent_memory', 'state_dim': 32, 'seed': 126750, 'num_pairs': 4, 'interleaved_padding': 1}"
memory_capacity,memory_capacity,fixed_size_recurrent_memory,num_pairs,4,134669,0.0,1.0,6.856,1,"{'model_name': 'fixed_size_recurrent_memory', 'state_dim': 32, 'seed': 134669, 'num_pairs': 4, 'interleaved_padding': 1}"
memory_capacity,memory_capacity,fixed_size_recurrent_memory,num_pairs,4,142588,0.0,1.0,5.572,1,"{'model_name': 'fixed_size_recurrent_memory', 'state_dim': 32, 'seed': 142588, 'num_pairs': 4, 'interleaved_padding': 1}"
memory_capacity,memory_capacity,fixed_size_recurrent_memory,num_pairs,4,150507,0.0,1.0,1.576,1,"{'model_name': 'fixed_size_recurrent_memory', 'state_dim': 32, 'seed': 150507, 'num_pairs': 4, 'interleaved_padding': 1}"
memory_capacity,memory_capacity,fixed_size_recurrent_memory,num_pairs,4,158426,0.0,1.0,1.438,1,"{'model_name': 'fixed_size_recurrent_memory', 'state_dim': 32, 'seed': 158426, 'num_pairs': 4, 'interleaved_padding': 1}"
memory_capacity,memory_capacity,fixed_size_recurrent_memory,num_pairs,4,166345,0.0,1.0,1.427,1,"{'model_name': 'fixed_size_recurrent_memory', 'state_dim': 32, 'seed': 166345, 'num_pairs': 4, 'interleaved_padding': 1}"
memory_capacity,memory_capacity,fixed_size_recurrent_memory,num_pairs,4,174264,0.0,1.0,2.017,1,"{'model_name': 'fixed_size_recurrent_memory', 'state_dim': 32, 'seed': 174264, 'num_pairs': 4, 'interleaved_padding': 1}"
memory_capacity,memory_capacity,fixed_size_recurrent_memory,num_pairs,4,182183,0.0,1.0,1.895,1,"{'model_name': 'fixed_size_recurrent_memory', 'state_dim': 32, 'seed': 182183, 'num_pairs': 4, 'interleaved_padding': 1}"
memory_capacity,memory_capacity,fixed_size_recurrent_memory,num_pairs,4,190102,0.0,1.0,1.766,1,"{'model_name': 'fixed_size_recurrent_memory', 'state_dim': 32, 'seed': 190102, 'num_pairs': 4, 'interleaved_padding': 1}"
memory_capacity,memory_capacity,fixed_size_recurrent_memory,num_pairs,4,198021,0.0,1.0,1.729,1,"{'model_name': 'fixed_size_recurrent_memory', 'state_dim': 32, 'seed': 198021, 'num_pairs': 4, 'interleaved_padding': 1}"
memory_capacity,memory_capacity,fixed_size_recurrent_memory,num_pairs,4,205940,0.0,1.0,1.84,1,"{'model_name': 'fixed_size_recurrent_memory', 'state_dim': 32, 'seed': 205940, 'num_pairs': 4, 'interleaved_padding': 1}"
memory_capacity,memory_capacity,fixed_size_recurrent_memory,num_pairs,4,213859,0.0,1.0,1.809,1,"{'model_name': 'fixed_size_recurrent_memory', 'state_dim': 32, 'seed': 213859, 'num_pairs': 4, 'interleaved_padding': 1}"
memory_capacity,memory_capacity,fixed_size_recurrent_memory,num_pairs,4,221778,1.0,0.0,1.778,1,"{'model_name': 'fixed_size_recurrent_memory', 'state_dim': 32, 'seed': 221778, 'num_pairs': 4, 'interleaved_padding': 1}"
memory_capacity,memory_capacity,fixed_size_recurrent_memory,num_pairs,4,229697,0.0,1.0,1.829,1,"{'model_name': 'fixed_size_recurrent_memory', 'state_dim': 32, 'seed': 229697, 'num_pairs': 4, 'interleaved_padding': 1}"
memory_capacity,memory_capacity,fixed_size_recurrent_memory,num_pairs,8,50,0.0,1.0,3.536,1,"{'model_name': 'fixed_size_recurrent_memory', 'state_dim': 32, 'seed': 50, 'num_pairs': 8, 'interleaved_padding': 1}"
memory_capacity,memory_capacity,fixed_size_recurrent_memory,num_pairs,8,7969,0.0,1.0,3.25,1,"{'model_name': 'fixed_size_recurrent_memory', 'state_dim': 32, 'seed': 7969, 'num_pairs': 8, 'interleaved_padding': 1}"
memory_capacity,memory_capacity,fixed_size_recurrent_memory,num_pairs,8,15888,0.0,1.0,8.908,1,"{'model_name': 'fixed_size_recurrent_memory', 'state_dim': 32, 'seed': 15888, 'num_pairs': 8, 'interleaved_padding': 1}"
memory_capacity,memory_capacity,fixed_size_recurrent_memory,num_pairs,8,23807,0.0,1.0,3.293,1,"{'model_name': 'fixed_size_recurrent_memory', 'state_dim': 32, 'seed': 23807, 'num_pairs': 8, 'interleaved_padding': 1}"
memory_capacity,memory_capacity,fixed_size_recurrent_memory,num_pairs,8,31726,0.0,1.0,3.018,1,"{'model_name': 'fixed_size_recurrent_memory', 'state_dim': 32, 'seed': 31726, 'num_pairs': 8, 'interleaved_padding': 1}"
memory_capacity,memory_capacity,fixed_size_recurrent_memory,num_pairs,8,39645,0.0,1.0,2.845,1,"{'model_name': 'fixed_size_recurrent_memory', 'state_dim': 32, 'seed': 39645, 'num_pairs': 8, 'interleaved_padding': 1}"
memory_capacity,memory_capacity,fixed_size_recurrent_memory,num_pairs,8,47564,0.0,1.0,2.867,1,"{'model_name': 'fixed_size_recurrent_memory', 'state_dim': 32, 'seed': 47564, 'num_pairs': 8, 'interleaved_padding': 1}"
memory_capacity,memory_capacity,fixed_size_recurrent_memory,num_pairs,8,55483,0.0,1.0,2.758,1,"{'model_name': 'fixed_size_recurrent_memory', 'state_dim': 32, 'seed': 55483, 'num_pairs': 8, 'interleaved_padding': 1}"
memory_capacity,memory_capacity,fixed_size_recurrent_memory,num_pairs,8,63402,0.0,1.0,2.77,1,"{'model_name': 'fixed_size_recurrent_memory', 'state_dim': 32, 'seed': 63402, 'num_pairs': 8, 'interleaved_padding': 1}"
memory_capacity,memory_capacity,fixed_size_recurrent_memory,num_pairs,8,71321,0.0,1.0,2.751,1,"{'model_name': 'fixed_size_recurrent_memory', 'state_dim': 32, 'seed': 71321, 'num_pairs': 8, 'interleaved_padding': 1}"
memory_capacity,memory_capacity,fixed_size_recurrent_memory,num_pairs,8,79240,0.0,1.0,2.861,1,"{'model_name': 'fixed_size_recurrent_memory', 'state_dim': 32, 'seed': 79240, 'num_pairs': 8, 'interleaved_padding': 1}"
memory_capacity,memory_capacity,fixed_size_recurrent_memory,num_pairs,8,87159,0.0,1.0,2.78,1,"{'model_name': 'fixed_size_recurrent_memory', 'state_dim': 32, 'seed': 87159, 'num_pairs': 8, 'interleaved_padding': 1}"
memory_capacity,memory_capacity,fixed_size_recurrent_memory,num_pairs,8,95078,0.0,1.0,2.612,1,"{'model_name': 'fixed_size_recurrent_memory', 'state_dim': 32, 'seed': 95078, 'num_pairs': 8, 'interleaved_padding': 1}"
memory_capacity,memory_capacity,fixed_size_recurrent_memory,num_pairs,8,102997,0.0,1.0,2.264,1,"{'model_name': 'fixed_size_recurrent_memory', 'state_dim': 32, 'seed': 102997, 'num_pairs': 8, 'interleaved_padding': 1}"
memory_capacity,memory_capacity,fixed_size_recurrent_memory,num_pairs,8,110916,0.0,1.0,2.316,1,"{'model_name': 'fixed_size_recurrent_memory', 'state_dim': 32, 'seed': 110916, 'num_pairs': 8, 'interleaved_padding': 1}"
memory_capacity,memory_capacity,fixed_size_recurrent_memory,num_pairs,8,118835,0.0,1.0,2.84,1,"{'model_name': 'fixed_size_recurrent_memory', 'state_dim': 32, 'seed': 118835, 'num_pairs': 8, 'interleaved_padding': 1}"
memory_capacity,memory_capacity,fixed_size_recurrent_memory,num_pairs,8,126754,0.0,1.0,2.698,1,"{'model_name': 'fixed_size_recurrent_memory', 'state_dim': 32, 'seed': 126754, 'num_pairs': 8, 'interleaved_padding': 1}"
memory_capacity,memory_capacity,fixed_size_recurrent_memory,num_pairs,8,134673,0.0,1.0,3.093,1,"{'model_name': 'fixed_size_recurrent_memory', 'state_dim': 32, 'seed': 134673, 'num_pairs': 8, 'interleaved_padding': 1}"
memory_capacity,memory_capacity,fixed_size_recurrent_memory,num_pairs,8,142592,0.0,1.0,2.75,1,"{'model_name': 'fixed_size_recurrent_memory', 'state_dim': 32, 'seed': 142592, 'num_pairs': 8, 'interleaved_padding': 1}"
memory_capacity,memory_capacity,fixed_size_recurrent_memory,num_pairs,8,150511,0.0,1.0,2.823,1,"{'model_name': 'fixed_size_recurrent_memory', 'state_dim': 32, 'seed': 150511, 'num_pairs': 8, 'interleaved_padding': 1}"
memory_capacity,memory_capacity,fixed_size_recurrent_memory,num_pairs,8,158430,0.0,1.0,2.843,1,"{'model_name': 'fixed_size_recurrent_memory', 'state_dim': 32, 'seed': 158430, 'num_pairs': 8, 'interleaved_padding': 1}"
memory_capacity,memory_capacity,fixed_size_recurrent_memory,num_pairs,8,166349,0.0,1.0,6.802,1,"{'model_name': 'fixed_size_recurrent_memory', 'state_dim': 32, 'seed': 166349, 'num_pairs': 8, 'interleaved_padding': 1}"
memory_capacity,memory_capacity,fixed_size_recurrent_memory,num_pairs,8,174268,0.0,1.0,12.001,1,"{'model_name': 'fixed_size_recurrent_memory', 'state_dim': 32, 'seed': 174268, 'num_pairs': 8, 'interleaved_padding': 1}"
memory_capacity,memory_capacity,fixed_size_recurrent_memory,num_pairs,8,182187,0.0,1.0,11.999,1,"{'model_name': 'fixed_size_recurrent_memory', 'state_dim': 32, 'seed': 182187, 'num_pairs': 8, 'interleaved_padding': 1}"
memory_capacity,memory_capacity,fixed_size_recurrent_memory,num_pairs,8,190106,0.0,1.0,11.758,1,"{'model_name': 'fixed_size_recurrent_memory', 'state_dim': 32, 'seed': 190106, 'num_pairs': 8, 'interleaved_padding': 1}"
memory_capacity,memory_capacity,fixed_size_recurrent_memory,num_pairs,8,198025,0.0,1.0,11.893,1,"{'model_name': 'fixed_size_recurrent_memory', 'state_dim': 32, 'seed': 198025, 'num_pairs': 8, 'interleaved_padding': 1}"
memory_capacity,memory_capacity,fixed_size_recurrent_memory,num_pairs,8,205944,0.0,1.0,11.992,1,"{'model_name': 'fixed_size_recurrent_memory', 'state_dim': 32, 'seed': 205944, 'num_pairs': 8, 'interleaved_padding': 1}"
memory_capacity,memory_capacity,fixed_size_recurrent_memory,num_pairs,8,213863,0.0,1.0,11.964,1,"{'model_name': 'fixed_size_recurrent_memory', 'state_dim': 32, 'seed': 213863, 'num_pairs': 8, 'interleaved_padding': 1}"
memory_capacity,memory_capacity,fixed_size_recurrent_memory,num_pairs,8,221782,0.0,1.0,12.159,1,"{'model_name': 'fixed_size_recurrent_memory', 'state_dim': 32, 'seed': 221782, 'num_pairs': 8, 'interleaved_padding': 1}"
memory_capacity,memory_capacity,fixed_size_recurrent_memory,num_pairs,8,229701,0.0,1.0,3.38,1,"{'model_name': 'fixed_size_recurrent_memory', 'state_dim': 32, 'seed': 229701, 'num_pairs': 8, 'interleaved_padding': 1}"
memory_capacity,memory_capacity,fixed_size_recurrent_memory,num_pairs,12,54,0.0,1.0,5.279,1,"{'model_name': 'fixed_size_recurrent_memory', 'state_dim': 32, 'seed': 54, 'num_pairs': 12, 'interleaved_padding': 1}"
memory_capacity,memory_capacity,fixed_size_recurrent_memory,num_pairs,12,7973,0.0,1.0,17.696,1,"{'model_name': 'fixed_size_recurrent_memory', 'state_dim': 32, 'seed': 7973, 'num_pairs': 12, 'interleaved_padding': 1}"
memory_capacity,memory_capacity,fixed_size_recurrent_memory,num_pairs,12,15892,0.0,1.0,17.232,1,"{'model_name': 'fixed_size_recurrent_memory', 'state_dim': 32, 'seed': 15892, 'num_pairs': 12, 'interleaved_padding': 1}"
memory_capacity,memory_capacity,fixed_size_recurrent_memory,num_pairs,12,23811,0.0,1.0,17.353,1,"{'model_name': 'fixed_size_recurrent_memory', 'state_dim': 32, 'seed': 23811, 'num_pairs': 12, 'interleaved_padding': 1}"
memory_capacity,memory_capacity,fixed_size_recurrent_memory,num_pairs,12,31730,0.0,1.0,16.862,1,"{'model_name': 'fixed_size_recurrent_memory', 'state_dim': 32, 'seed': 31730, 'num_pairs': 12, 'interleaved_padding': 1}"
memory_capacity,memory_capacity,fixed_size_recurrent_memory,num_pairs,12,39649,0.0,1.0,4.1,1,"{'model_name': 'fixed_size_recurrent_memory', 'state_dim': 32, 'seed': 39649, 'num_pairs': 12, 'interleaved_padding': 1}"
memory_capacity,memory_capacity,fixed_size_recurrent_memory,num_pairs,12,47568,0.0,1.0,4.362,1,"{'model_name': 'fixed_size_recurrent_memory', 'state_dim': 32, 'seed': 47568, 'num_pairs': 12, 'interleaved_padding': 1}"
memory_capacity,memory_capacity,fixed_size_recurrent_memory,num_pairs,12,55487,0.0,1.0,4.19,1,"{'model_name': 'fixed_size_recurrent_memory', 'state_dim': 32, 'seed': 55487, 'num_pairs': 12, 'interleaved_padding': 1}"
memory_capacity,memory_capacity,fixed_size_recurrent_memory,num_pairs,12,63406,0.0,1.0,4.302,1,"{'model_name': 'fixed_size_recurrent_memory', 'state_dim': 32, 'seed': 63406, 'num_pairs': 12, 'interleaved_padding': 1}"
memory_capacity,memory_capacity,fixed_size_recurrent_memory,num_pairs,12,71325,0.0,1.0,4.343,1,"{'model_name': 'fixed_size_recurrent_memory', 'state_dim': 32, 'seed': 71325, 'num_pairs': 12, 'interleaved_padding': 1}"
memory_capacity,memory_capacity,fixed_size_recurrent_memory,num_pairs,12,79244,0.0,1.0,4.112,1,"{'model_name': 'fixed_size_recurrent_memory', 'state_dim': 32, 'seed': 79244, 'num_pairs': 12, 'interleaved_padding': 1}"
memory_capacity,memory_capacity,fixed_size_recurrent_memory,num_pairs,12,87163,0.0,1.0,4.174,1,"{'model_name': 'fixed_size_recurrent_memory', 'state_dim': 32, 'seed': 87163, 'num_pairs': 12, 'interleaved_padding': 1}"
memory_capacity,memory_capacity,fixed_size_recurrent_memory,num_pairs,12,95082,0.0,1.0,4.188,1,"{'model_name': 'fixed_size_recurrent_memory', 'state_dim': 32, 'seed': 95082, 'num_pairs': 12, 'interleaved_padding': 1}"
memory_capacity,memory_capacity,fixed_size_recurrent_memory,num_pairs,12,103001,0.0,1.0,3.131,1,"{'model_name': 'fixed_size_recurrent_memory', 'state_dim': 32, 'seed': 103001, 'num_pairs': 12, 'interleaved_padding': 1}"
memory_capacity,memory_capacity,fixed_size_recurrent_memory,num_pairs,12,110920,0.0,1.0,3.058,1,"{'model_name': 'fixed_size_recurrent_memory', 'state_dim': 32, 'seed': 110920, 'num_pairs': 12, 'interleaved_padding': 1}"
memory_capacity,memory_capacity,fixed_size_recurrent_memory,num_pairs,12,118839,0.0,1.0,3.188,1,"{'model_name': 'fixed_size_recurrent_memory', 'state_dim': 32, 'seed': 118839, 'num_pairs': 12, 'interleaved_padding': 1}"
memory_capacity,memory_capacity,fixed_size_recurrent_memory,num_pairs,12,126758,0.0,1.0,3.456,1,"{'model_name': 'fixed_size_recurrent_memory', 'state_dim': 32, 'seed': 126758, 'num_pairs': 12, 'interleaved_padding': 1}"
memory_capacity,memory_capacity,fixed_size_recurrent_memory,num_pairs,12,134677,0.0,1.0,4.071,1,"{'model_name': 'fixed_size_recurrent_memory', 'state_dim': 32, 'seed': 134677, 'num_pairs': 12, 'interleaved_padding': 1}"
memory_capacity,memory_capacity,fixed_size_recurrent_memory,num_pairs,12,142596,0.0,1.0,15.597,1,"{'model_name': 'fixed_size_recurrent_memory', 'state_dim': 32, 'seed': 142596, 'num_pairs': 12, 'interleaved_padding': 1}"
memory_capacity,memory_capacity,fixed_size_recurrent_memory,num_pairs,12,150515,0.0,1.0,13.82,1,"{'model_name': 'fixed_size_recurrent_memory', 'state_dim': 32, 'seed': 150515, 'num_pairs': 12, 'interleaved_padding': 1}"
memory_capacity,memory_capacity,fixed_size_recurrent_memory,num_pairs,12,158434,1.0,0.0,3.505,1,"{'model_name': 'fixed_size_recurrent_memory', 'state_dim': 32, 'seed': 158434, 'num_pairs': 12, 'interleaved_padding': 1}"
memory_capacity,memory_capacity,fixed_size_recurrent_memory,num_pairs,12,166353,0.0,1.0,3.232,1,"{'model_name': 'fixed_size_recurrent_memory', 'state_dim': 32, 'seed': 166353, 'num_pairs': 12, 'interleaved_padding': 1}"
memory_capacity,memory_capacity,fixed_size_recurrent_memory,num_pairs,12,174272,0.0,1.0,3.195,1,"{'model_name': 'fixed_size_recurrent_memory', 'state_dim': 32, 'seed': 174272, 'num_pairs': 12, 'interleaved_padding': 1}"
memory_capacity,memory_capacity,fixed_size_recurrent_memory,num_pairs,12,182191,0.0,1.0,4.322,1,"{'model_name': 'fixed_size_recurrent_memory', 'state_dim': 32, 'seed': 182191, 'num_pairs': 12, 'interleaved_padding': 1}"
memory_capacity,memory_capacity,fixed_size_recurrent_memory,num_pairs,12,190110,0.0,1.0,3.211,1,"{'model_name': 'fixed_size_recurrent_memory', 'state_dim': 32, 'seed': 190110, 'num_pairs': 12, 'interleaved_padding': 1}"
memory_capacity,memory_capacity,fixed_size_recurrent_memory,num_pairs,12,198029,0.0,1.0,3.161,1,"{'model_name': 'fixed_size_recurrent_memory', 'state_dim': 32, 'seed': 198029, 'num_pairs': 12, 'interleaved_padding': 1}"
memory_capacity,memory_capacity,fixed_size_recurrent_memory,num_pairs,12,205948,0.0,1.0,3.136,1,"{'model_name': 'fixed_size_recurrent_memory', 'state_dim': 32, 'seed': 205948, 'num_pairs': 12, 'interleaved_padding': 1}"
memory_capacity,memory_capacity,fixed_size_recurrent_memory,num_pairs,12,213867,0.0,1.0,3.975,1,"{'model_name': 'fixed_size_recurrent_memory', 'state_dim': 32, 'seed': 213867, 'num_pairs': 12, 'interleaved_padding': 1}"
memory_capacity,memory_capacity,fixed_size_recurrent_memory,num_pairs,12,221786,0.0,1.0,4.693,1,"{'model_name': 'fixed_size_recurrent_memory', 'state_dim': 32, 'seed': 221786, 'num_pairs': 12, 'interleaved_padding': 1}"
memory_capacity,memory_capacity,fixed_size_recurrent_memory,num_pairs,12,229705,0.0,1.0,17.898,1,"{'model_name': 'fixed_size_recurrent_memory', 'state_dim': 32, 'seed': 229705, 'num_pairs': 12, 'interleaved_padding': 1}"
memory_capacity,memory_capacity,fixed_size_recurrent_memory,num_pairs,16,58,0.0,1.0,5.848,1,"{'model_name': 'fixed_size_recurrent_memory', 'state_dim': 32, 'seed': 58, 'num_pairs': 16, 'interleaved_padding': 1}"
memory_capacity,memory_capacity,fixed_size_recurrent_memory,num_pairs,16,7977,0.0,1.0,5.499,1,"{'model_name': 'fixed_size_recurrent_memory', 'state_dim': 32, 'seed': 7977, 'num_pairs': 16, 'interleaved_padding': 1}"
memory_capacity,memory_capacity,fixed_size_recurrent_memory,num_pairs,16,15896,0.0,1.0,5.44,1,"{'model_name': 'fixed_size_recurrent_memory', 'state_dim': 32, 'seed': 15896, 'num_pairs': 16, 'interleaved_padding': 1}"
memory_capacity,memory_capacity,fixed_size_recurrent_memory,num_pairs,16,23815,0.0,1.0,5.398,1,"{'model_name': 'fixed_size_recurrent_memory', 'state_dim': 32, 'seed': 23815, 'num_pairs': 16, 'interleaved_padding': 1}"
memory_capacity,memory_capacity,fixed_size_recurrent_memory,num_pairs,16,31734,0.0,1.0,5.494,1,"{'model_name': 'fixed_size_recurrent_memory', 'state_dim': 32, 'seed': 31734, 'num_pairs': 16, 'interleaved_padding': 1}"
memory_capacity,memory_capacity,fixed_size_recurrent_memory,num_pairs,16,39653,0.0,1.0,5.341,1,"{'model_name': 'fixed_size_recurrent_memory', 'state_dim': 32, 'seed': 39653, 'num_pairs': 16, 'interleaved_padding': 1}"
memory_capacity,memory_capacity,fixed_size_recurrent_memory,num_pairs,16,47572,0.0,1.0,5.478,1,"{'model_name': 'fixed_size_recurrent_memory', 'state_dim': 32, 'seed': 47572, 'num_pairs': 16, 'interleaved_padding': 1}"
memory_capacity,memory_capacity,fixed_size_recurrent_memory,num_pairs,16,55491,0.0,1.0,6.215,1,"{'model_name': 'fixed_size_recurrent_memory', 'state_dim': 32, 'seed': 55491, 'num_pairs': 16, 'interleaved_padding': 1}"
memory_capacity,memory_capacity,fixed_size_recurrent_memory,num_pairs,16,63410,0.0,1.0,22.48,1,"{'model_name': 'fixed_size_recurrent_memory', 'state_dim': 32, 'seed': 63410, 'num_pairs': 16, 'interleaved_padding': 1}"
memory_capacity,memory_capacity,fixed_size_recurrent_memory,num_pairs,16,71329,0.0,1.0,22.322,1,"{'model_name': 'fixed_size_recurrent_memory', 'state_dim': 32, 'seed': 71329, 'num_pairs': 16, 'interleaved_padding': 1}"
memory_capacity,memory_capacity,fixed_size_recurrent_memory,num_pairs,16,79248,0.0,1.0,22.444,1,"{'model_name': 'fixed_size_recurrent_memory', 'state_dim': 32, 'seed': 79248, 'num_pairs': 16, 'interleaved_padding': 1}"
memory_capacity,memory_capacity,fixed_size_recurrent_memory,num_pairs,16,87167,0.0,1.0,22.108,1,"{'model_name': 'fixed_size_recurrent_memory', 'state_dim': 32, 'seed': 87167, 'num_pairs': 16, 'interleaved_padding': 1}"
memory_capacity,memory_capacity,fixed_size_recurrent_memory,num_pairs,16,95086,0.0,1.0,8.848,1,"{'model_name': 'fixed_size_recurrent_memory', 'state_dim': 32, 'seed': 95086, 'num_pairs': 16, 'interleaved_padding': 1}"
memory_capacity,memory_capacity,fixed_size_recurrent_memory,num_pairs,16,103005,0.0,1.0,4.095,1,"{'model_name': 'fixed_size_recurrent_memory', 'state_dim': 32, 'seed': 103005, 'num_pairs': 16, 'interleaved_padding': 1}"
memory_capacity,memory_capacity,fixed_size_recurrent_memory,num_pairs,16,110924,0.0,1.0,4.119,1,"{'model_name': 'fixed_size_recurrent_memory', 'state_dim': 32, 'seed': 110924, 'num_pairs': 16, 'interleaved_padding': 1}"
memory_capacity,memory_capacity,fixed_size_recurrent_memory,num_pairs,16,118843,0.0,1.0,5.272,1,"{'model_name': 'fixed_size_recurrent_memory', 'state_dim': 32, 'seed': 118843, 'num_pairs': 16, 'interleaved_padding': 1}"
memory_capacity,memory_capacity,fixed_size_recurrent_memory,num_pairs,16,126762,0.0,1.0,4.035,1,"{'model_name': 'fixed_size_recurrent_memory', 'state_dim': 32, 'seed': 126762, 'num_pairs': 16, 'interleaved_padding': 1}"
memory_capacity,memory_capacity,fixed_size_recurrent_memory,num_pairs,16,134681,0.0,1.0,4.006,1,"{'model_name': 'fixed_size_recurrent_memory', 'state_dim': 32, 'seed': 134681, 'num_pairs': 16, 'interleaved_padding': 1}"
memory_capacity,memory_capacity,fixed_size_recurrent_memory,num_pairs,16,142600,0.0,1.0,5.273,1,"{'model_name': 'fixed_size_recurrent_memory', 'state_dim': 32, 'seed': 142600, 'num_pairs': 16, 'interleaved_padding': 1}"
memory_capacity,memory_capacity,fixed_size_recurrent_memory,num_pairs,16,150519,0.0,1.0,5.413,1,"{'model_name': 'fixed_size_recurrent_memory', 'state_dim': 32, 'seed': 150519, 'num_pairs': 16, 'interleaved_padding': 1}"
memory_capacity,memory_capacity,fixed_size_recurrent_memory,num_pairs,16,158438,0.0,1.0,5.334,1,"{'model_name': 'fixed_size_recurrent_memory', 'state_dim': 32, 'seed': 158438, 'num_pairs': 16, 'interleaved_padding': 1}"
memory_capacity,memory_capacity,fixed_size_recurrent_memory,num_pairs,16,166357,0.0,1.0,5.589,1,"{'model_name': 'fixed_size_recurrent_memory', 'state_dim': 32, 'seed': 166357, 'num_pairs': 16, 'interleaved_padding': 1}"
memory_capacity,memory_capacity,fixed_size_recurrent_memory,num_pairs,16,174276,0.0,1.0,5.365,1,"{'model_name': 'fixed_size_recurrent_memory', 'state_dim': 32, 'seed': 174276, 'num_pairs': 16, 'interleaved_padding': 1}"
memory_capacity,memory_capacity,fixed_size_recurrent_memory,num_pairs,16,182195,0.0,1.0,11.862,1,"{'model_name': 'fixed_size_recurrent_memory', 'state_dim': 32, 'seed': 182195, 'num_pairs': 16, 'interleaved_padding': 1}"
memory_capacity,memory_capacity,fixed_size_recurrent_memory,num_pairs,16,190114,0.0,1.0,22.437,1,"{'model_name': 'fixed_size_recurrent_memory', 'state_dim': 32, 'seed': 190114, 'num_pairs': 16, 'interleaved_padding': 1}"
memory_capacity,memory_capacity,fixed_size_recurrent_memory,num_pairs,16,198033,0.0,1.0,22.257,1,"{'model_name': 'fixed_size_recurrent_memory', 'state_dim': 32, 'seed': 198033, 'num_pairs': 16, 'interleaved_padding': 1}"
memory_capacity,memory_capacity,fixed_size_recurrent_memory,num_pairs,16,205952,0.0,1.0,7.723,1,"{'model_name': 'fixed_size_recurrent_memory', 'state_dim': 32, 'seed': 205952, 'num_pairs': 16, 'interleaved_padding': 1}"
memory_capacity,memory_capacity,fixed_size_recurrent_memory,num_pairs,16,213871,0.0,1.0,4.347,1,"{'model_name': 'fixed_size_recurrent_memory', 'state_dim': 32, 'seed': 213871, 'num_pairs': 16, 'interleaved_padding': 1}"
memory_capacity,memory_capacity,fixed_size_recurrent_memory,num_pairs,16,221790,0.0,1.0,4.205,1,"{'model_name': 'fixed_size_recurrent_memory', 'state_dim': 32, 'seed': 221790, 'num_pairs': 16, 'interleaved_padding': 1}"
memory_capacity,memory_capacity,fixed_size_recurrent_memory,num_pairs,16,229709,0.0,1.0,4.073,1,"{'model_name': 'fixed_size_recurrent_memory', 'state_dim': 32, 'seed': 229709, 'num_pairs': 16, 'interleaved_padding': 1}"
memory_capacity,memory_capacity,fixed_size_recurrent_memory,num_pairs,24,66,0.0,1.0,33.236,1,"{'model_name': 'fixed_size_recurrent_memory', 'state_dim': 32, 'seed': 66, 'num_pairs': 24, 'interleaved_padding': 1}"
memory_capacity,memory_capacity,fixed_size_recurrent_memory,num_pairs,24,7985,0.0,1.0,32.844,1,"{'model_name': 'fixed_size_recurrent_memory', 'state_dim': 32, 'seed': 7985, 'num_pairs': 24, 'interleaved_padding': 1}"
memory_capacity,memory_capacity,fixed_size_recurrent_memory,num_pairs,24,15904,0.0,1.0,16.099,1,"{'model_name': 'fixed_size_recurrent_memory', 'state_dim': 32, 'seed': 15904, 'num_pairs': 24, 'interleaved_padding': 1}"
memory_capacity,memory_capacity,fixed_size_recurrent_memory,num_pairs,24,23823,0.0,1.0,6.24,1,"{'model_name': 'fixed_size_recurrent_memory', 'state_dim': 32, 'seed': 23823, 'num_pairs': 24, 'interleaved_padding': 1}"
memory_capacity,memory_capacity,fixed_size_recurrent_memory,num_pairs,24,31742,0.0,1.0,5.977,1,"{'model_name': 'fixed_size_recurrent_memory', 'state_dim': 32, 'seed': 31742, 'num_pairs': 24, 'interleaved_padding': 1}"
memory_capacity,memory_capacity,fixed_size_recurrent_memory,num_pairs,24,39661,0.0,1.0,8.055,1,"{'model_name': 'fixed_size_recurrent_memory', 'state_dim': 32, 'seed': 39661, 'num_pairs': 24, 'interleaved_padding': 1}"
memory_capacity,memory_capacity,fixed_size_recurrent_memory,num_pairs,24,47580,0.0,1.0,7.945,1,"{'model_name': 'fixed_size_recurrent_memory', 'state_dim': 32, 'seed': 47580, 'num_pairs': 24, 'interleaved_padding': 1}"
memory_capacity,memory_capacity,fixed_size_recurrent_memory,num_pairs,24,55499,0.0,1.0,19.224,1,"{'model_name': 'fixed_size_recurrent_memory', 'state_dim': 32, 'seed': 55499, 'num_pairs': 24, 'interleaved_padding': 1}"
memory_capacity,memory_capacity,fixed_size_recurrent_memory,num_pairs,24,63418,0.0,1.0,33.078,1,"{'model_name': 'fixed_size_recurrent_memory', 'state_dim': 32, 'seed': 63418, 'num_pairs': 24, 'interleaved_padding': 1}"
memory_capacity,memory_capacity,fixed_size_recurrent_memory,num_pairs,24,71337,0.0,1.0,32.703,1,"{'model_name': 'fixed_size_recurrent_memory', 'state_dim': 32, 'seed': 71337, 'num_pairs': 24, 'interleaved_padding': 1}"
memory_capacity,memory_capacity,fixed_size_recurrent_memory,num_pairs,24,79256,0.0,1.0,16.075,1,"{'model_name': 'fixed_size_recurrent_memory', 'state_dim': 32, 'seed': 79256, 'num_pairs': 24, 'interleaved_padding': 1}"
memory_capacity,memory_capacity,fixed_size_recurrent_memory,num_pairs,24,87175,0.0,1.0,7.84,1,"{'model_name': 'fixed_size_recurrent_memory', 'state_dim': 32, 'seed': 87175, 'num_pairs': 24, 'interleaved_padding': 1}"
memory_capacity,memory_capacity,fixed_size_recurrent_memory,num_pairs,24,95094,0.0,1.0,7.689,1,"{'model_name': 'fixed_size_recurrent_memory', 'state_dim': 32, 'seed': 95094, 'num_pairs': 24, 'interleaved_padding': 1}"
memory_capacity,memory_capacity,fixed_size_recurrent_memory,num_pairs,24,103013,0.0,1.0,8.331,1,"{'model_name': 'fixed_size_recurrent_memory', 'state_dim': 32, 'seed': 103013, 'num_pairs': 24, 'interleaved_padding': 1}"
memory_capacity,memory_capacity,fixed_size_recurrent_memory,num_pairs,24,110932,0.0,1.0,28.857,1,"{'model_name': 'fixed_size_recurrent_memory', 'state_dim': 32, 'seed': 110932, 'num_pairs': 24, 'interleaved_padding': 1}"
memory_capacity,memory_capacity,fixed_size_recurrent_memory,num_pairs,24,118851,0.0,1.0,33.54,1,"{'model_name': 'fixed_size_recurrent_memory', 'state_dim': 32, 'seed': 118851, 'num_pairs': 24, 'interleaved_padding': 1}"
memory_capacity,memory_capacity,fixed_size_recurrent_memory,num_pairs,24,126770,0.0,1.0,29.285,1,"{'model_name': 'fixed_size_recurrent_memory', 'state_dim': 32, 'seed': 126770, 'num_pairs': 24, 'interleaved_padding': 1}"
memory_capacity,memory_capacity,fixed_size_recurrent_memory,num_pairs,24,134689,0.0,1.0,6.14,1,"{'model_name': 'fixed_size_recurrent_memory', 'state_dim': 32, 'seed': 134689, 'num_pairs': 24, 'interleaved_padding': 1}"
memory_capacity,memory_capacity,fixed_size_recurrent_memory,num_pairs,24,142608,0.0,1.0,7.506,1,"{'model_name': 'fixed_size_recurrent_memory', 'state_dim': 32, 'seed': 142608, 'num_pairs': 24, 'interleaved_padding': 1}"
memory_capacity,memory_capacity,fixed_size_recurrent_memory,num_pairs,24,150527,0.0,1.0,7.765,1,"{'model_name': 'fixed_size_recurrent_memory', 'state_dim': 32, 'seed': 150527, 'num_pairs': 24, 'interleaved_padding': 1}"
memory_capacity,memory_capacity,fixed_size_recurrent_memory,num_pairs,24,158446,0.0,1.0,7.972,1,"{'model_name': 'fixed_size_recurrent_memory', 'state_dim': 32, 'seed': 158446, 'num_pairs': 24, 'interleaved_padding': 1}"
memory_capacity,memory_capacity,fixed_size_recurrent_memory,num_pairs,24,166365,0.0,1.0,21.874,1,"{'model_name': 'fixed_size_recurrent_memory', 'state_dim': 32, 'seed': 166365, 'num_pairs': 24, 'interleaved_padding': 1}"
memory_capacity,memory_capacity,fixed_size_recurrent_memory,num_pairs,24,174284,0.0,1.0,33.284,1,"{'model_name': 'fixed_size_recurrent_memory', 'state_dim': 32, 'seed': 174284, 'num_pairs': 24, 'interleaved_padding': 1}"
memory_capacity,memory_capacity,fixed_size_recurrent_memory,num_pairs,24,182203,0.0,1.0,32.856,1,"{'model_name': 'fixed_size_recurrent_memory', 'state_dim': 32, 'seed': 182203, 'num_pairs': 24, 'interleaved_padding': 1}"
memory_capacity,memory_capacity,fixed_size_recurrent_memory,num_pairs,24,190122,0.0,1.0,8.116,1,"{'model_name': 'fixed_size_recurrent_memory', 'state_dim': 32, 'seed': 190122, 'num_pairs': 24, 'interleaved_padding': 1}"
memory_capacity,memory_capacity,fixed_size_recurrent_memory,num_pairs,24,198041,0.0,1.0,6.069,1,"{'model_name': 'fixed_size_recurrent_memory', 'state_dim': 32, 'seed': 198041, 'num_pairs': 24, 'interleaved_padding': 1}"
memory_capacity,memory_capacity,fixed_size_recurrent_memory,num_pairs,24,205960,0.0,1.0,5.859,1,"{'model_name': 'fixed_size_recurrent_memory', 'state_dim': 32, 'seed': 205960, 'num_pairs': 24, 'interleaved_padding': 1}"
memory_capacity,memory_capacity,fixed_size_recurrent_memory,num_pairs,24,213879,0.0,1.0,6.809,1,"{'model_name': 'fixed_size_recurrent_memory', 'state_dim': 32, 'seed': 213879, 'num_pairs': 24, 'interleaved_padding': 1}"
memory_capacity,memory_capacity,fixed_size_recurrent_memory,num_pairs,24,221798,0.0,1.0,7.731,1,"{'model_name': 'fixed_size_recurrent_memory', 'state_dim': 32, 'seed': 221798, 'num_pairs': 24, 'interleaved_padding': 1}"
memory_capacity,memory_capacity,fixed_size_recurrent_memory,num_pairs,24,229717,0.0,1.0,22.452,1,"{'model_name': 'fixed_size_recurrent_memory', 'state_dim': 32, 'seed': 229717, 'num_pairs': 24, 'interleaved_padding': 1}"
memory_capacity,memory_capacity,fixed_size_recurrent_memory,num_pairs,32,74,0.0,1.0,30.552,1,"{'model_name': 'fixed_size_recurrent_memory', 'state_dim': 32, 'seed': 74, 'num_pairs': 32, 'interleaved_padding': 1}"
memory_capacity,memory_capacity,fixed_size_recurrent_memory,num_pairs,32,7993,0.0,1.0,10.324,1,"{'model_name': 'fixed_size_recurrent_memory', 'state_dim': 32, 'seed': 7993, 'num_pairs': 32, 'interleaved_padding': 1}"
memory_capacity,memory_capacity,fixed_size_recurrent_memory,num_pairs,32,15912,0.0,1.0,10.179,1,"{'model_name': 'fixed_size_recurrent_memory', 'state_dim': 32, 'seed': 15912, 'num_pairs': 32, 'interleaved_padding': 1}"
memory_capacity,memory_capacity,fixed_size_recurrent_memory,num_pairs,32,23831,0.0,1.0,18.48,1,"{'model_name': 'fixed_size_recurrent_memory', 'state_dim': 32, 'seed': 23831, 'num_pairs': 32, 'interleaved_padding': 1}"
memory_capacity,memory_capacity,fixed_size_recurrent_memory,num_pairs,32,31750,0.0,1.0,25.748,1,"{'model_name': 'fixed_size_recurrent_memory', 'state_dim': 32, 'seed': 31750, 'num_pairs': 32, 'interleaved_padding': 1}"
memory_capacity,memory_capacity,fixed_size_recurrent_memory,num_pairs,32,39669,0.0,1.0,7.964,1,"{'model_name': 'fixed_size_recurrent_memory', 'state_dim': 32, 'seed': 39669, 'num_pairs': 32, 'interleaved_padding': 1}"
memory_capacity,memory_capacity,fixed_size_recurrent_memory,num_pairs,32,47588,0.0,1.0,8.319,1,"{'model_name': 'fixed_size_recurrent_memory', 'state_dim': 32, 'seed': 47588, 'num_pairs': 32, 'interleaved_padding': 1}"
memory_capacity,memory_capacity,fixed_size_recurrent_memory,num_pairs,32,55507,0.0,1.0,9.738,1,"{'model_name': 'fixed_size_recurrent_memory', 'state_dim': 32, 'seed': 55507, 'num_pairs': 32, 'interleaved_padding': 1}"
memory_capacity,memory_capacity,fixed_size_recurrent_memory,num_pairs,32,63426,0.0,1.0,10.457,1,"{'model_name': 'fixed_size_recurrent_memory', 'state_dim': 32, 'seed': 63426, 'num_pairs': 32, 'interleaved_padding': 1}"
memory_capacity,memory_capacity,fixed_size_recurrent_memory,num_pairs,32,71345,0.0,1.0,10.352,1,"{'model_name': 'fixed_size_recurrent_memory', 'state_dim': 32, 'seed': 71345, 'num_pairs': 32, 'interleaved_padding': 1}"
memory_capacity,memory_capacity,fixed_size_recurrent_memory,num_pairs,32,79264,0.0,1.0,21.0,1,"{'model_name': 'fixed_size_recurrent_memory', 'state_dim': 32, 'seed': 79264, 'num_pairs': 32, 'interleaved_padding': 1}"
memory_capacity,memory_capacity,fixed_size_recurrent_memory,num_pairs,32,87183,0.0,1.0,11.674,1,"{'model_name': 'fixed_size_recurrent_memory', 'state_dim': 32, 'seed': 87183, 'num_pairs': 32, 'interleaved_padding': 1}"
memory_capacity,memory_capacity,fixed_size_recurrent_memory,num_pairs,32,95102,0.0,1.0,10.385,1,"{'model_name': 'fixed_size_recurrent_memory', 'state_dim': 32, 'seed': 95102, 'num_pairs': 32, 'interleaved_padding': 1}"
memory_capacity,memory_capacity,fixed_size_recurrent_memory,num_pairs,32,103021,0.0,1.0,10.321,1,"{'model_name': 'fixed_size_recurrent_memory', 'state_dim': 32, 'seed': 103021, 'num_pairs': 32, 'interleaved_padding': 1}"
memory_capacity,memory_capacity,fixed_size_recurrent_memory,num_pairs,32,110940,0.0,1.0,9.672,1,"{'model_name': 'fixed_size_recurrent_memory', 'state_dim': 32, 'seed': 110940, 'num_pairs': 32, 'interleaved_padding': 1}"
memory_capacity,memory_capacity,fixed_size_recurrent_memory,num_pairs,32,118859,0.0,1.0,7.788,1,"{'model_name': 'fixed_size_recurrent_memory', 'state_dim': 32, 'seed': 118859, 'num_pairs': 32, 'interleaved_padding': 1}"
memory_capacity,memory_capacity,fixed_size_recurrent_memory,num_pairs,32,126778,0.0,1.0,7.699,1,"{'model_name': 'fixed_size_recurrent_memory', 'state_dim': 32, 'seed': 126778, 'num_pairs': 32, 'interleaved_padding': 1}"
memory_capacity,memory_capacity,fixed_size_recurrent_memory,num_pairs,32,134697,0.0,1.0,7.668,1,"{'model_name': 'fixed_size_recurrent_memory', 'state_dim': 32, 'seed': 134697, 'num_pairs': 32, 'interleaved_padding': 1}"
memory_capacity,memory_capacity,fixed_size_recurrent_memory,num_pairs,32,142616,0.0,1.0,9.026,1,"{'model_name': 'fixed_size_recurrent_memory', 'state_dim': 32, 'seed': 142616, 'num_pairs': 32, 'interleaved_padding': 1}"
memory_capacity,memory_capacity,fixed_size_recurrent_memory,num_pairs,32,150535,0.0,1.0,36.8,1,"{'model_name': 'fixed_size_recurrent_memory', 'state_dim': 32, 'seed': 150535, 'num_pairs': 32, 'interleaved_padding': 1}"
memory_capacity,memory_capacity,fixed_size_recurrent_memory,num_pairs,32,158454,0.0,1.0,47.749,1,"{'model_name': 'fixed_size_recurrent_memory', 'state_dim': 32, 'seed': 158454, 'num_pairs': 32, 'interleaved_padding': 1}"
memory_capacity,memory_capacity,fixed_size_recurrent_memory,num_pairs,32,166373,0.0,1.0,11.806,1,"{'model_name': 'fixed_size_recurrent_memory', 'state_dim': 32, 'seed': 166373, 'num_pairs': 32, 'interleaved_padding': 1}"
memory_capacity,memory_capacity,fixed_size_recurrent_memory,num_pairs,32,174292,0.0,1.0,10.576,1,"{'model_name': 'fixed_size_recurrent_memory', 'state_dim': 32, 'seed': 174292, 'num_pairs': 32, 'interleaved_padding': 1}"
memory_capacity,memory_capacity,fixed_size_recurrent_memory,num_pairs,32,182211,0.0,1.0,9.87,1,"{'model_name': 'fixed_size_recurrent_memory', 'state_dim': 32, 'seed': 182211, 'num_pairs': 32, 'interleaved_padding': 1}"
memory_capacity,memory_capacity,fixed_size_recurrent_memory,num_pairs,32,190130,0.0,1.0,18.081,1,"{'model_name': 'fixed_size_recurrent_memory', 'state_dim': 32, 'seed': 190130, 'num_pairs': 32, 'interleaved_padding': 1}"
memory_capacity,memory_capacity,fixed_size_recurrent_memory,num_pairs,32,198049,0.0,1.0,31.081,1,"{'model_name': 'fixed_size_recurrent_memory', 'state_dim': 32, 'seed': 198049, 'num_pairs': 32, 'interleaved_padding': 1}"
memory_capacity,memory_capacity,fixed_size_recurrent_memory,num_pairs,32,205968,1.0,0.0,10.4,1,"{'model_name': 'fixed_size_recurrent_memory', 'state_dim': 32, 'seed': 205968, 'num_pairs': 32, 'interleaved_padding': 1}"
memory_capacity,memory_capacity,fixed_size_recurrent_memory,num_pairs,32,213887,0.0,1.0,10.423,1,"{'model_name': 'fixed_size_recurrent_memory', 'state_dim': 32, 'seed': 213887, 'num_pairs': 32, 'interleaved_padding': 1}"
memory_capacity,memory_capacity,fixed_size_recurrent_memory,num_pairs,32,221806,0.0,1.0,14.168,1,"{'model_name': 'fixed_size_recurrent_memory', 'state_dim': 32, 'seed': 221806, 'num_pairs': 32, 'interleaved_padding': 1}"
memory_capacity,memory_capacity,fixed_size_recurrent_memory,num_pairs,32,229725,0.0,1.0,45.127,1,"{'model_name': 'fixed_size_recurrent_memory', 'state_dim': 32, 'seed': 229725, 'num_pairs': 32, 'interleaved_padding': 1}"
memory_capacity,memory_capacity,educational_evolving_memory_toy,num_pairs,1,43,1.0,0.0,1.436,1,"{'model_name': 'educational_evolving_memory_toy', 'state_dim': 32, 'seed': 43, 'num_pairs': 1, 'interleaved_padding': 1}"
memory_capacity,memory_capacity,educational_evolving_memory_toy,num_pairs,1,7962,1.0,0.0,1.105,1,"{'model_name': 'educational_evolving_memory_toy', 'state_dim': 32, 'seed': 7962, 'num_pairs': 1, 'interleaved_padding': 1}"
memory_capacity,memory_capacity,educational_evolving_memory_toy,num_pairs,1,15881,1.0,0.0,1.012,1,"{'model_name': 'educational_evolving_memory_toy', 'state_dim': 32, 'seed': 15881, 'num_pairs': 1, 'interleaved_padding': 1}"
memory_capacity,memory_capacity,educational_evolving_memory_toy,num_pairs,1,23800,1.0,0.0,0.927,1,"{'model_name': 'educational_evolving_memory_toy', 'state_dim': 32, 'seed': 23800, 'num_pairs': 1, 'interleaved_padding': 1}"
memory_capacity,memory_capacity,educational_evolving_memory_toy,num_pairs,1,31719,1.0,0.0,0.817,1,"{'model_name': 'educational_evolving_memory_toy', 'state_dim': 32, 'seed': 31719, 'num_pairs': 1, 'interleaved_padding': 1}"
memory_capacity,memory_capacity,educational_evolving_memory_toy,num_pairs,1,39638,1.0,0.0,0.88,1,"{'model_name': 'educational_evolving_memory_toy', 'state_dim': 32, 'seed': 39638, 'num_pairs': 1, 'interleaved_padding': 1}"
memory_capacity,memory_capacity,educational_evolving_memory_toy,num_pairs,1,47557,1.0,0.0,0.841,1,"{'model_name': 'educational_evolving_memory_toy', 'state_dim': 32, 'seed': 47557, 'num_pairs': 1, 'interleaved_padding': 1}"
memory_capacity,memory_capacity,educational_evolving_memory_toy,num_pairs,1,55476,1.0,0.0,0.88,1,"{'model_name': 'educational_evolving_memory_toy', 'state_dim': 32, 'seed': 55476, 'num_pairs': 1, 'interleaved_padding': 1}"
memory_capacity,memory_capacity,educational_evolving_memory_toy,num_pairs,1,63395,1.0,0.0,0.791,1,"{'model_name': 'educational_evolving_memory_toy', 'state_dim': 32, 'seed': 63395, 'num_pairs': 1, 'interleaved_padding': 1}"
memory_capacity,memory_capacity,educational_evolving_memory_toy,num_pairs,1,71314,1.0,0.0,0.831,1,"{'model_name': 'educational_evolving_memory_toy', 'state_dim': 32, 'seed': 71314, 'num_pairs': 1, 'interleaved_padding': 1}"
memory_capacity,memory_capacity,educational_evolving_memory_toy,num_pairs,1,79233,1.0,0.0,0.792,1,"{'model_name': 'educational_evolving_memory_toy', 'state_dim': 32, 'seed': 79233, 'num_pairs': 1, 'interleaved_padding': 1}"
memory_capacity,memory_capacity,educational_evolving_memory_toy,num_pairs,1,87152,1.0,0.0,0.809,1,"{'model_name': 'educational_evolving_memory_toy', 'state_dim': 32, 'seed': 87152, 'num_pairs': 1, 'interleaved_padding': 1}"
memory_capacity,memory_capacity,educational_evolving_memory_toy,num_pairs,1,95071,1.0,0.0,0.872,1,"{'model_name': 'educational_evolving_memory_toy', 'state_dim': 32, 'seed': 95071, 'num_pairs': 1, 'interleaved_padding': 1}"
memory_capacity,memory_capacity,educational_evolving_memory_toy,num_pairs,1,102990,1.0,0.0,0.778,1,"{'model_name': 'educational_evolving_memory_toy', 'state_dim': 32, 'seed': 102990, 'num_pairs': 1, 'interleaved_padding': 1}"
memory_capacity,memory_capacity,educational_evolving_memory_toy,num_pairs,1,110909,1.0,0.0,0.852,1,"{'model_name': 'educational_evolving_memory_toy', 'state_dim': 32, 'seed': 110909, 'num_pairs': 1, 'interleaved_padding': 1}"
memory_capacity,memory_capacity,educational_evolving_memory_toy,num_pairs,1,118828,1.0,0.0,0.793,1,"{'model_name': 'educational_evolving_memory_toy', 'state_dim': 32, 'seed': 118828, 'num_pairs': 1, 'interleaved_padding': 1}"
memory_capacity,memory_capacity,educational_evolving_memory_toy,num_pairs,1,126747,1.0,0.0,0.849,1,"{'model_name': 'educational_evolving_memory_toy', 'state_dim': 32, 'seed': 126747, 'num_pairs': 1, 'interleaved_padding': 1}"
memory_capacity,memory_capacity,educational_evolving_memory_toy,num_pairs,1,134666,1.0,0.0,0.775,1,"{'model_name': 'educational_evolving_memory_toy', 'state_dim': 32, 'seed': 134666, 'num_pairs': 1, 'interleaved_padding': 1}"
memory_capacity,memory_capacity,educational_evolving_memory_toy,num_pairs,1,142585,1.0,0.0,0.817,1,"{'model_name': 'educational_evolving_memory_toy', 'state_dim': 32, 'seed': 142585, 'num_pairs': 1, 'interleaved_padding': 1}"
memory_capacity,memory_capacity,educational_evolving_memory_toy,num_pairs,1,150504,1.0,0.0,0.798,1,"{'model_name': 'educational_evolving_memory_toy', 'state_dim': 32, 'seed': 150504, 'num_pairs': 1, 'interleaved_padding': 1}"
memory_capacity,memory_capacity,educational_evolving_memory_toy,num_pairs,1,158423,1.0,0.0,0.779,1,"{'model_name': 'educational_evolving_memory_toy', 'state_dim': 32, 'seed': 158423, 'num_pairs': 1, 'interleaved_padding': 1}"
memory_capacity,memory_capacity,educational_evolving_memory_toy,num_pairs,1,166342,1.0,0.0,0.836,1,"{'model_name': 'educational_evolving_memory_toy', 'state_dim': 32, 'seed': 166342, 'num_pairs': 1, 'interleaved_padding': 1}"
memory_capacity,memory_capacity,educational_evolving_memory_toy,num_pairs,1,174261,1.0,0.0,0.771,1,"{'model_name': 'educational_evolving_memory_toy', 'state_dim': 32, 'seed': 174261, 'num_pairs': 1, 'interleaved_padding': 1}"
memory_capacity,memory_capacity,educational_evolving_memory_toy,num_pairs,1,182180,1.0,0.0,0.885,1,"{'model_name': 'educational_evolving_memory_toy', 'state_dim': 32, 'seed': 182180, 'num_pairs': 1, 'interleaved_padding': 1}"
memory_capacity,memory_capacity,educational_evolving_memory_toy,num_pairs,1,190099,1.0,0.0,0.782,1,"{'model_name': 'educational_evolving_memory_toy', 'state_dim': 32, 'seed': 190099, 'num_pairs': 1, 'interleaved_padding': 1}"
memory_capacity,memory_capacity,educational_evolving_memory_toy,num_pairs,1,198018,1.0,0.0,0.842,1,"{'model_name': 'educational_evolving_memory_toy', 'state_dim': 32, 'seed': 198018, 'num_pairs': 1, 'interleaved_padding': 1}"
memory_capacity,memory_capacity,educational_evolving_memory_toy,num_pairs,1,205937,1.0,0.0,0.791,1,"{'model_name': 'educational_evolving_memory_toy', 'state_dim': 32, 'seed': 205937, 'num_pairs': 1, 'interleaved_padding': 1}"
memory_capacity,memory_capacity,educational_evolving_memory_toy,num_pairs,1,213856,1.0,0.0,0.816,1,"{'model_name': 'educational_evolving_memory_toy', 'state_dim': 32, 'seed': 213856, 'num_pairs': 1, 'interleaved_padding': 1}"
memory_capacity,memory_capacity,educational_evolving_memory_toy,num_pairs,1,221775,1.0,0.0,0.856,1,"{'model_name': 'educational_evolving_memory_toy', 'state_dim': 32, 'seed': 221775, 'num_pairs': 1, 'interleaved_padding': 1}"
memory_capacity,memory_capacity,educational_evolving_memory_toy,num_pairs,1,229694,1.0,0.0,0.951,1,"{'model_name': 'educational_evolving_memory_toy', 'state_dim': 32, 'seed': 229694, 'num_pairs': 1, 'interleaved_padding': 1}"
memory_capacity,memory_capacity,educational_evolving_memory_toy,num_pairs,2,44,0.0,1.0,1.655,1,"{'model_name': 'educational_evolving_memory_toy', 'state_dim': 32, 'seed': 44, 'num_pairs': 2, 'interleaved_padding': 1}"
memory_capacity,memory_capacity,educational_evolving_memory_toy,num_pairs,2,7963,0.0,1.0,1.331,1,"{'model_name': 'educational_evolving_memory_toy', 'state_dim': 32, 'seed': 7963, 'num_pairs': 2, 'interleaved_padding': 1}"
memory_capacity,memory_capacity,educational_evolving_memory_toy,num_pairs,2,15882,0.0,1.0,1.347,1,"{'model_name': 'educational_evolving_memory_toy', 'state_dim': 32, 'seed': 15882, 'num_pairs': 2, 'interleaved_padding': 1}"
memory_capacity,memory_capacity,educational_evolving_memory_toy,num_pairs,2,23801,0.0,1.0,1.271,1,"{'model_name': 'educational_evolving_memory_toy', 'state_dim': 32, 'seed': 23801, 'num_pairs': 2, 'interleaved_padding': 1}"
memory_capacity,memory_capacity,educational_evolving_memory_toy,num_pairs,2,31720,1.0,0.0,1.3,1,"{'model_name': 'educational_evolving_memory_toy', 'state_dim': 32, 'seed': 31720, 'num_pairs': 2, 'interleaved_padding': 1}"
memory_capacity,memory_capacity,educational_evolving_memory_toy,num_pairs,2,39639,0.0,1.0,1.306,1,"{'model_name': 'educational_evolving_memory_toy', 'state_dim': 32, 'seed': 39639, 'num_pairs': 2, 'interleaved_padding': 1}"
memory_capacity,memory_capacity,educational_evolving_memory_toy,num_pairs,2,47558,0.0,1.0,1.23,1,"{'model_name': 'educational_evolving_memory_toy', 'state_dim': 32, 'seed': 47558, 'num_pairs': 2, 'interleaved_padding': 1}"
memory_capacity,memory_capacity,educational_evolving_memory_toy,num_pairs,2,55477,0.0,1.0,1.35,1,"{'model_name': 'educational_evolving_memory_toy', 'state_dim': 32, 'seed': 55477, 'num_pairs': 2, 'interleaved_padding': 1}"
memory_capacity,memory_capacity,educational_evolving_memory_toy,num_pairs,2,63396,0.0,1.0,1.306,1,"{'model_name': 'educational_evolving_memory_toy', 'state_dim': 32, 'seed': 63396, 'num_pairs': 2, 'interleaved_padding': 1}"
memory_capacity,memory_capacity,educational_evolving_memory_toy,num_pairs,2,71315,0.0,1.0,1.238,1,"{'model_name': 'educational_evolving_memory_toy', 'state_dim': 32, 'seed': 71315, 'num_pairs': 2, 'interleaved_padding': 1}"
memory_capacity,memory_capacity,educational_evolving_memory_toy,num_pairs,2,79234,1.0,0.0,1.333,1,"{'model_name': 'educational_evolving_memory_toy', 'state_dim': 32, 'seed': 79234, 'num_pairs': 2, 'interleaved_padding': 1}"
memory_capacity,memory_capacity,educational_evolving_memory_toy,num_pairs,2,87153,0.0,1.0,1.344,1,"{'model_name': 'educational_evolving_memory_toy', 'state_dim': 32, 'seed': 87153, 'num_pairs': 2, 'interleaved_padding': 1}"
memory_capacity,memory_capacity,educational_evolving_memory_toy,num_pairs,2,95072,1.0,0.0,1.28,1,"{'model_name': 'educational_evolving_memory_toy', 'state_dim': 32, 'seed': 95072, 'num_pairs': 2, 'interleaved_padding': 1}"
memory_capacity,memory_capacity,educational_evolving_memory_toy,num_pairs,2,102991,0.0,1.0,1.212,1,"{'model_name': 'educational_evolving_memory_toy', 'state_dim': 32, 'seed': 102991, 'num_pairs': 2, 'interleaved_padding': 1}"
memory_capacity,memory_capacity,educational_evolving_memory_toy,num_pairs,2,110910,0.0,1.0,1.298,1,"{'model_name': 'educational_evolving_memory_toy', 'state_dim': 32, 'seed': 110910, 'num_pairs': 2, 'interleaved_padding': 1}"
memory_capacity,memory_capacity,educational_evolving_memory_toy,num_pairs,2,118829,0.0,1.0,1.324,1,"{'model_name': 'educational_evolving_memory_toy', 'state_dim': 32, 'seed': 118829, 'num_pairs': 2, 'interleaved_padding': 1}"
memory_capacity,memory_capacity,educational_evolving_memory_toy,num_pairs,2,126748,1.0,0.0,1.22,1,"{'model_name': 'educational_evolving_memory_toy', 'state_dim': 32, 'seed': 126748, 'num_pairs': 2, 'interleaved_padding': 1}"
memory_capacity,memory_capacity,educational_evolving_memory_toy,num_pairs,2,134667,0.0,1.0,1.33,1,"{'model_name': 'educational_evolving_memory_toy', 'state_dim': 32, 'seed': 134667, 'num_pairs': 2, 'interleaved_padding': 1}"
memory_capacity,memory_capacity,educational_evolving_memory_toy,num_pairs,2,142586,0.0,1.0,1.266,1,"{'model_name': 'educational_evolving_memory_toy', 'state_dim': 32, 'seed': 142586, 'num_pairs': 2, 'interleaved_padding': 1}"
memory_capacity,memory_capacity,educational_evolving_memory_toy,num_pairs,2,150505,1.0,0.0,1.225,1,"{'model_name': 'educational_evolving_memory_toy', 'state_dim': 32, 'seed': 150505, 'num_pairs': 2, 'interleaved_padding': 1}"
memory_capacity,memory_capacity,educational_evolving_memory_toy,num_pairs,2,158424,1.0,0.0,1.295,1,"{'model_name': 'educational_evolving_memory_toy', 'state_dim': 32, 'seed': 158424, 'num_pairs': 2, 'interleaved_padding': 1}"
memory_capacity,memory_capacity,educational_evolving_memory_toy,num_pairs,2,166343,0.0,1.0,1.28,1,"{'model_name': 'educational_evolving_memory_toy', 'state_dim': 32, 'seed': 166343, 'num_pairs': 2, 'interleaved_padding': 1}"
memory_capacity,memory_capacity,educational_evolving_memory_toy,num_pairs,2,174262,1.0,0.0,1.222,1,"{'model_name': 'educational_evolving_memory_toy', 'state_dim': 32, 'seed': 174262, 'num_pairs': 2, 'interleaved_padding': 1}"
memory_capacity,memory_capacity,educational_evolving_memory_toy,num_pairs,2,182181,1.0,0.0,1.267,1,"{'model_name': 'educational_evolving_memory_toy', 'state_dim': 32, 'seed': 182181, 'num_pairs': 2, 'interleaved_padding': 1}"
memory_capacity,memory_capacity,educational_evolving_memory_toy,num_pairs,2,190100,1.0,0.0,1.312,1,"{'model_name': 'educational_evolving_memory_toy', 'state_dim': 32, 'seed': 190100, 'num_pairs': 2, 'interleaved_padding': 1}"
memory_capacity,memory_capacity,educational_evolving_memory_toy,num_pairs,2,198019,1.0,0.0,1.226,1,"{'model_name': 'educational_evolving_memory_toy', 'state_dim': 32, 'seed': 198019, 'num_pairs': 2, 'interleaved_padding': 1}"
memory_capacity,memory_capacity,educational_evolving_memory_toy,num_pairs,2,205938,1.0,0.0,1.262,1,"{'model_name': 'educational_evolving_memory_toy', 'state_dim': 32, 'seed': 205938, 'num_pairs': 2, 'interleaved_padding': 1}"
memory_capacity,memory_capacity,educational_evolving_memory_toy,num_pairs,2,213857,0.0,1.0,1.281,1,"{'model_name': 'educational_evolving_memory_toy', 'state_dim': 32, 'seed': 213857, 'num_pairs': 2, 'interleaved_padding': 1}"
memory_capacity,memory_capacity,educational_evolving_memory_toy,num_pairs,2,221776,1.0,0.0,1.211,1,"{'model_name': 'educational_evolving_memory_toy', 'state_dim': 32, 'seed': 221776, 'num_pairs': 2, 'interleaved_padding': 1}"
memory_capacity,memory_capacity,educational_evolving_memory_toy,num_pairs,2,229695,1.0,0.0,1.337,1,"{'model_name': 'educational_evolving_memory_toy', 'state_dim': 32, 'seed': 229695, 'num_pairs': 2, 'interleaved_padding': 1}"
memory_capacity,memory_capacity,educational_evolving_memory_toy,num_pairs,4,46,0.0,1.0,2.656,1,"{'model_name': 'educational_evolving_memory_toy', 'state_dim': 32, 'seed': 46, 'num_pairs': 4, 'interleaved_padding': 1}"
memory_capacity,memory_capacity,educational_evolving_memory_toy,num_pairs,4,7965,0.0,1.0,2.796,1,"{'model_name': 'educational_evolving_memory_toy', 'state_dim': 32, 'seed': 7965, 'num_pairs': 4, 'interleaved_padding': 1}"
memory_capacity,memory_capacity,educational_evolving_memory_toy,num_pairs,4,15884,0.0,1.0,2.292,1,"{'model_name': 'educational_evolving_memory_toy', 'state_dim': 32, 'seed': 15884, 'num_pairs': 4, 'interleaved_padding': 1}"
memory_capacity,memory_capacity,educational_evolving_memory_toy,num_pairs,4,23803,0.0,1.0,2.294,1,"{'model_name': 'educational_evolving_memory_toy', 'state_dim': 32, 'seed': 23803, 'num_pairs': 4, 'interleaved_padding': 1}"
memory_capacity,memory_capacity,educational_evolving_memory_toy,num_pairs,4,31722,0.0,1.0,2.319,1,"{'model_name': 'educational_evolving_memory_toy', 'state_dim': 32, 'seed': 31722, 'num_pairs': 4, 'interleaved_padding': 1}"
memory_capacity,memory_capacity,educational_evolving_memory_toy,num_pairs,4,39641,0.0,1.0,2.317,1,"{'model_name': 'educational_evolving_memory_toy', 'state_dim': 32, 'seed': 39641, 'num_pairs': 4, 'interleaved_padding': 1}"
memory_capacity,memory_capacity,educational_evolving_memory_toy,num_pairs,4,47560,0.0,1.0,2.252,1,"{'model_name': 'educational_evolving_memory_toy', 'state_dim': 32, 'seed': 47560, 'num_pairs': 4, 'interleaved_padding': 1}"
memory_capacity,memory_capacity,educational_evolving_memory_toy,num_pairs,4,55479,1.0,0.0,2.336,1,"{'model_name': 'educational_evolving_memory_toy', 'state_dim': 32, 'seed': 55479, 'num_pairs': 4, 'interleaved_padding': 1}"
memory_capacity,memory_capacity,educational_evolving_memory_toy,num_pairs,4,63398,0.0,1.0,2.631,1,"{'model_name': 'educational_evolving_memory_toy', 'state_dim': 32, 'seed': 63398, 'num_pairs': 4, 'interleaved_padding': 1}"
memory_capacity,memory_capacity,educational_evolving_memory_toy,num_pairs,4,71317,0.0,1.0,2.344,1,"{'model_name': 'educational_evolving_memory_toy', 'state_dim': 32, 'seed': 71317, 'num_pairs': 4, 'interleaved_padding': 1}"
memory_capacity,memory_capacity,educational_evolving_memory_toy,num_pairs,4,79236,0.0,1.0,2.276,1,"{'model_name': 'educational_evolving_memory_toy', 'state_dim': 32, 'seed': 79236, 'num_pairs': 4, 'interleaved_padding': 1}"
memory_capacity,memory_capacity,educational_evolving_memory_toy,num_pairs,4,87155,0.0,1.0,2.266,1,"{'model_name': 'educational_evolving_memory_toy', 'state_dim': 32, 'seed': 87155, 'num_pairs': 4, 'interleaved_padding': 1}"
memory_capacity,memory_capacity,educational_evolving_memory_toy,num_pairs,4,95074,0.0,1.0,2.306,1,"{'model_name': 'educational_evolving_memory_toy', 'state_dim': 32, 'seed': 95074, 'num_pairs': 4, 'interleaved_padding': 1}"
memory_capacity,memory_capacity,educational_evolving_memory_toy,num_pairs,4,102993,0.0,1.0,2.3,1,"{'model_name': 'educational_evolving_memory_toy', 'state_dim': 32, 'seed': 102993, 'num_pairs': 4, 'interleaved_padding': 1}"
memory_capacity,memory_capacity,educational_evolving_memory_toy,num_pairs,4,110912,0.0,1.0,2.329,1,"{'model_name': 'educational_evolving_memory_toy', 'state_dim': 32, 'seed': 110912, 'num_pairs': 4, 'interleaved_padding': 1}"
memory_capacity,memory_capacity,educational_evolving_memory_toy,num_pairs,4,118831,1.0,0.0,2.294,1,"{'model_name': 'educational_evolving_memory_toy', 'state_dim': 32, 'seed': 118831, 'num_pairs': 4, 'interleaved_padding': 1}"
memory_capacity,memory_capacity,educational_evolving_memory_toy,num_pairs,4,126750,0.0,1.0,2.354,1,"{'model_name': 'educational_evolving_memory_toy', 'state_dim': 32, 'seed': 126750, 'num_pairs': 4, 'interleaved_padding': 1}"
memory_capacity,memory_capacity,educational_evolving_memory_toy,num_pairs,4,134669,0.0,1.0,2.274,1,"{'model_name': 'educational_evolving_memory_toy', 'state_dim': 32, 'seed': 134669, 'num_pairs': 4, 'interleaved_padding': 1}"
memory_capacity,memory_capacity,educational_evolving_memory_toy,num_pairs,4,142588,0.0,1.0,2.265,1,"{'model_name': 'educational_evolving_memory_toy', 'state_dim': 32, 'seed': 142588, 'num_pairs': 4, 'interleaved_padding': 1}"
memory_capacity,memory_capacity,educational_evolving_memory_toy,num_pairs,4,150507,0.0,1.0,2.275,1,"{'model_name': 'educational_evolving_memory_toy', 'state_dim': 32, 'seed': 150507, 'num_pairs': 4, 'interleaved_padding': 1}"
memory_capacity,memory_capacity,educational_evolving_memory_toy,num_pairs,4,158426,0.0,1.0,2.295,1,"{'model_name': 'educational_evolving_memory_toy', 'state_dim': 32, 'seed': 158426, 'num_pairs': 4, 'interleaved_padding': 1}"
memory_capacity,memory_capacity,educational_evolving_memory_toy,num_pairs,4,166345,0.0,1.0,9.396,1,"{'model_name': 'educational_evolving_memory_toy', 'state_dim': 32, 'seed': 166345, 'num_pairs': 4, 'interleaved_padding': 1}"
memory_capacity,memory_capacity,educational_evolving_memory_toy,num_pairs,4,174264,0.0,1.0,9.668,1,"{'model_name': 'educational_evolving_memory_toy', 'state_dim': 32, 'seed': 174264, 'num_pairs': 4, 'interleaved_padding': 1}"
memory_capacity,memory_capacity,educational_evolving_memory_toy,num_pairs,4,182183,1.0,0.0,9.354,1,"{'model_name': 'educational_evolving_memory_toy', 'state_dim': 32, 'seed': 182183, 'num_pairs': 4, 'interleaved_padding': 1}"
memory_capacity,memory_capacity,educational_evolving_memory_toy,num_pairs,4,190102,0.0,1.0,9.761,1,"{'model_name': 'educational_evolving_memory_toy', 'state_dim': 32, 'seed': 190102, 'num_pairs': 4, 'interleaved_padding': 1}"
memory_capacity,memory_capacity,educational_evolving_memory_toy,num_pairs,4,198021,0.0,1.0,9.47,1,"{'model_name': 'educational_evolving_memory_toy', 'state_dim': 32, 'seed': 198021, 'num_pairs': 4, 'interleaved_padding': 1}"
memory_capacity,memory_capacity,educational_evolving_memory_toy,num_pairs,4,205940,0.0,1.0,9.803,1,"{'model_name': 'educational_evolving_memory_toy', 'state_dim': 32, 'seed': 205940, 'num_pairs': 4, 'interleaved_padding': 1}"
memory_capacity,memory_capacity,educational_evolving_memory_toy,num_pairs,4,213859,0.0,1.0,6.156,1,"{'model_name': 'educational_evolving_memory_toy', 'state_dim': 32, 'seed': 213859, 'num_pairs': 4, 'interleaved_padding': 1}"
memory_capacity,memory_capacity,educational_evolving_memory_toy,num_pairs,4,221778,1.0,0.0,2.136,1,"{'model_name': 'educational_evolving_memory_toy', 'state_dim': 32, 'seed': 221778, 'num_pairs': 4, 'interleaved_padding': 1}"
memory_capacity,memory_capacity,educational_evolving_memory_toy,num_pairs,4,229697,0.0,1.0,2.483,1,"{'model_name': 'educational_evolving_memory_toy', 'state_dim': 32, 'seed': 229697, 'num_pairs': 4, 'interleaved_padding': 1}"
memory_capacity,memory_capacity,educational_evolving_memory_toy,num_pairs,8,50,0.0,1.0,4.651,1,"{'model_name': 'educational_evolving_memory_toy', 'state_dim': 32, 'seed': 50, 'num_pairs': 8, 'interleaved_padding': 1}"
memory_capacity,memory_capacity,educational_evolving_memory_toy,num_pairs,8,7969,0.0,1.0,4.433,1,"{'model_name': 'educational_evolving_memory_toy', 'state_dim': 32, 'seed': 7969, 'num_pairs': 8, 'interleaved_padding': 1}"
memory_capacity,memory_capacity,educational_evolving_memory_toy,num_pairs,8,15888,0.0,1.0,4.184,1,"{'model_name': 'educational_evolving_memory_toy', 'state_dim': 32, 'seed': 15888, 'num_pairs': 8, 'interleaved_padding': 1}"
memory_capacity,memory_capacity,educational_evolving_memory_toy,num_pairs,8,23807,0.0,1.0,4.314,1,"{'model_name': 'educational_evolving_memory_toy', 'state_dim': 32, 'seed': 23807, 'num_pairs': 8, 'interleaved_padding': 1}"
memory_capacity,memory_capacity,educational_evolving_memory_toy,num_pairs,8,31726,0.0,1.0,4.146,1,"{'model_name': 'educational_evolving_memory_toy', 'state_dim': 32, 'seed': 31726, 'num_pairs': 8, 'interleaved_padding': 1}"
memory_capacity,memory_capacity,educational_evolving_memory_toy,num_pairs,8,39645,0.0,1.0,4.334,1,"{'model_name': 'educational_evolving_memory_toy', 'state_dim': 32, 'seed': 39645, 'num_pairs': 8, 'interleaved_padding': 1}"
memory_capacity,memory_capacity,educational_evolving_memory_toy,num_pairs,8,47564,0.0,1.0,4.223,1,"{'model_name': 'educational_evolving_memory_toy', 'state_dim': 32, 'seed': 47564, 'num_pairs': 8, 'interleaved_padding': 1}"
memory_capacity,memory_capacity,educational_evolving_memory_toy,num_pairs,8,55483,0.0,1.0,4.191,1,"{'model_name': 'educational_evolving_memory_toy', 'state_dim': 32, 'seed': 55483, 'num_pairs': 8, 'interleaved_padding': 1}"
memory_capacity,memory_capacity,educational_evolving_memory_toy,num_pairs,8,63402,0.0,1.0,4.267,1,"{'model_name': 'educational_evolving_memory_toy', 'state_dim': 32, 'seed': 63402, 'num_pairs': 8, 'interleaved_padding': 1}"
memory_capacity,memory_capacity,educational_evolving_memory_toy,num_pairs,8,71321,0.0,1.0,16.318,1,"{'model_name': 'educational_evolving_memory_toy', 'state_dim': 32, 'seed': 71321, 'num_pairs': 8, 'interleaved_padding': 1}"
memory_capacity,memory_capacity,educational_evolving_memory_toy,num_pairs,8,79240,0.0,1.0,9.879,1,"{'model_name': 'educational_evolving_memory_toy', 'state_dim': 32, 'seed': 79240, 'num_pairs': 8, 'interleaved_padding': 1}"
memory_capacity,memory_capacity,educational_evolving_memory_toy,num_pairs,8,87159,0.0,1.0,3.185,1,"{'model_name': 'educational_evolving_memory_toy', 'state_dim': 32, 'seed': 87159, 'num_pairs': 8, 'interleaved_padding': 1}"
memory_capacity,memory_capacity,educational_evolving_memory_toy,num_pairs,8,95078,0.0,1.0,3.396,1,"{'model_name': 'educational_evolving_memory_toy', 'state_dim': 32, 'seed': 95078, 'num_pairs': 8, 'interleaved_padding': 1}"
memory_capacity,memory_capacity,educational_evolving_memory_toy,num_pairs,8,102997,0.0,1.0,3.134,1,"{'model_name': 'educational_evolving_memory_toy', 'state_dim': 32, 'seed': 102997, 'num_pairs': 8, 'interleaved_padding': 1}"
memory_capacity,memory_capacity,educational_evolving_memory_toy,num_pairs,8,110916,0.0,1.0,3.292,1,"{'model_name': 'educational_evolving_memory_toy', 'state_dim': 32, 'seed': 110916, 'num_pairs': 8, 'interleaved_padding': 1}"
memory_capacity,memory_capacity,educational_evolving_memory_toy,num_pairs,8,118835,0.0,1.0,3.229,1,"{'model_name': 'educational_evolving_memory_toy', 'state_dim': 32, 'seed': 118835, 'num_pairs': 8, 'interleaved_padding': 1}"
memory_capacity,memory_capacity,educational_evolving_memory_toy,num_pairs,8,126754,0.0,1.0,3.721,1,"{'model_name': 'educational_evolving_memory_toy', 'state_dim': 32, 'seed': 126754, 'num_pairs': 8, 'interleaved_padding': 1}"
memory_capacity,memory_capacity,educational_evolving_memory_toy,num_pairs,8,134673,0.0,1.0,4.219,1,"{'model_name': 'educational_evolving_memory_toy', 'state_dim': 32, 'seed': 134673, 'num_pairs': 8, 'interleaved_padding': 1}"
memory_capacity,memory_capacity,educational_evolving_memory_toy,num_pairs,8,142592,0.0,1.0,4.255,1,"{'model_name': 'educational_evolving_memory_toy', 'state_dim': 32, 'seed': 142592, 'num_pairs': 8, 'interleaved_padding': 1}"
memory_capacity,memory_capacity,educational_evolving_memory_toy,num_pairs,8,150511,0.0,1.0,4.174,1,"{'model_name': 'educational_evolving_memory_toy', 'state_dim': 32, 'seed': 150511, 'num_pairs': 8, 'interleaved_padding': 1}"
memory_capacity,memory_capacity,educational_evolving_memory_toy,num_pairs,8,158430,0.0,1.0,10.042,1,"{'model_name': 'educational_evolving_memory_toy', 'state_dim': 32, 'seed': 158430, 'num_pairs': 8, 'interleaved_padding': 1}"
memory_capacity,memory_capacity,educational_evolving_memory_toy,num_pairs,8,166349,0.0,1.0,17.67,1,"{'model_name': 'educational_evolving_memory_toy', 'state_dim': 32, 'seed': 166349, 'num_pairs': 8, 'interleaved_padding': 1}"
memory_capacity,memory_capacity,educational_evolving_memory_toy,num_pairs,8,174268,0.0,1.0,4.905,1,"{'model_name': 'educational_evolving_memory_toy', 'state_dim': 32, 'seed': 174268, 'num_pairs': 8, 'interleaved_padding': 1}"
memory_capacity,memory_capacity,educational_evolving_memory_toy,num_pairs,8,182187,1.0,0.0,4.235,1,"{'model_name': 'educational_evolving_memory_toy', 'state_dim': 32, 'seed': 182187, 'num_pairs': 8, 'interleaved_padding': 1}"
memory_capacity,memory_capacity,educational_evolving_memory_toy,num_pairs,8,190106,0.0,1.0,4.164,1,"{'model_name': 'educational_evolving_memory_toy', 'state_dim': 32, 'seed': 190106, 'num_pairs': 8, 'interleaved_padding': 1}"
memory_capacity,memory_capacity,educational_evolving_memory_toy,num_pairs,8,198025,0.0,1.0,11.252,1,"{'model_name': 'educational_evolving_memory_toy', 'state_dim': 32, 'seed': 198025, 'num_pairs': 8, 'interleaved_padding': 1}"
memory_capacity,memory_capacity,educational_evolving_memory_toy,num_pairs,8,205944,0.0,1.0,17.651,1,"{'model_name': 'educational_evolving_memory_toy', 'state_dim': 32, 'seed': 205944, 'num_pairs': 8, 'interleaved_padding': 1}"
memory_capacity,memory_capacity,educational_evolving_memory_toy,num_pairs,8,213863,0.0,1.0,17.022,1,"{'model_name': 'educational_evolving_memory_toy', 'state_dim': 32, 'seed': 213863, 'num_pairs': 8, 'interleaved_padding': 1}"
memory_capacity,memory_capacity,educational_evolving_memory_toy,num_pairs,8,221782,0.0,1.0,9.249,1,"{'model_name': 'educational_evolving_memory_toy', 'state_dim': 32, 'seed': 221782, 'num_pairs': 8, 'interleaved_padding': 1}"
memory_capacity,memory_capacity,educational_evolving_memory_toy,num_pairs,8,229701,1.0,0.0,3.368,1,"{'model_name': 'educational_evolving_memory_toy', 'state_dim': 32, 'seed': 229701, 'num_pairs': 8, 'interleaved_padding': 1}"
memory_capacity,memory_capacity,educational_evolving_memory_toy,num_pairs,12,54,0.0,1.0,6.362,1,"{'model_name': 'educational_evolving_memory_toy', 'state_dim': 32, 'seed': 54, 'num_pairs': 12, 'interleaved_padding': 1}"
memory_capacity,memory_capacity,educational_evolving_memory_toy,num_pairs,12,7973,0.0,1.0,5.974,1,"{'model_name': 'educational_evolving_memory_toy', 'state_dim': 32, 'seed': 7973, 'num_pairs': 12, 'interleaved_padding': 1}"
memory_capacity,memory_capacity,educational_evolving_memory_toy,num_pairs,12,15892,0.0,1.0,4.561,1,"{'model_name': 'educational_evolving_memory_toy', 'state_dim': 32, 'seed': 15892, 'num_pairs': 12, 'interleaved_padding': 1}"
memory_capacity,memory_capacity,educational_evolving_memory_toy,num_pairs,12,23811,0.0,1.0,4.463,1,"{'model_name': 'educational_evolving_memory_toy', 'state_dim': 32, 'seed': 23811, 'num_pairs': 12, 'interleaved_padding': 1}"
memory_capacity,memory_capacity,educational_evolving_memory_toy,num_pairs,12,31730,0.0,1.0,4.877,1,"{'model_name': 'educational_evolving_memory_toy', 'state_dim': 32, 'seed': 31730, 'num_pairs': 12, 'interleaved_padding': 1}"
memory_capacity,memory_capacity,educational_evolving_memory_toy,num_pairs,12,39649,0.0,1.0,5.858,1,"{'model_name': 'educational_evolving_memory_toy', 'state_dim': 32, 'seed': 39649, 'num_pairs': 12, 'interleaved_padding': 1}"
memory_capacity,memory_capacity,educational_evolving_memory_toy,num_pairs,12,47568,0.0,1.0,5.876,1,"{'model_name': 'educational_evolving_memory_toy', 'state_dim': 32, 'seed': 47568, 'num_pairs': 12, 'interleaved_padding': 1}"
memory_capacity,memory_capacity,educational_evolving_memory_toy,num_pairs,12,55487,1.0,0.0,5.987,1,"{'model_name': 'educational_evolving_memory_toy', 'state_dim': 32, 'seed': 55487, 'num_pairs': 12, 'interleaved_padding': 1}"
memory_capacity,memory_capacity,educational_evolving_memory_toy,num_pairs,12,63406,1.0,0.0,18.379,1,"{'model_name': 'educational_evolving_memory_toy', 'state_dim': 32, 'seed': 63406, 'num_pairs': 12, 'interleaved_padding': 1}"
memory_capacity,memory_capacity,educational_evolving_memory_toy,num_pairs,12,71325,0.0,1.0,6.018,1,"{'model_name': 'educational_evolving_memory_toy', 'state_dim': 32, 'seed': 71325, 'num_pairs': 12, 'interleaved_padding': 1}"
memory_capacity,memory_capacity,educational_evolving_memory_toy,num_pairs,12,79244,0.0,1.0,6.011,1,"{'model_name': 'educational_evolving_memory_toy', 'state_dim': 32, 'seed': 79244, 'num_pairs': 12, 'interleaved_padding': 1}"
memory_capacity,memory_capacity,educational_evolving_memory_toy,num_pairs,12,87163,1.0,0.0,5.849,1,"{'model_name': 'educational_evolving_memory_toy', 'state_dim': 32, 'seed': 87163, 'num_pairs': 12, 'interleaved_padding': 1}"
memory_capacity,memory_capacity,educational_evolving_memory_toy,num_pairs,12,95082,0.0,1.0,5.888,1,"{'model_name': 'educational_evolving_memory_toy', 'state_dim': 32, 'seed': 95082, 'num_pairs': 12, 'interleaved_padding': 1}"
memory_capacity,memory_capacity,educational_evolving_memory_toy,num_pairs,12,103001,0.0,1.0,5.948,1,"{'model_name': 'educational_evolving_memory_toy', 'state_dim': 32, 'seed': 103001, 'num_pairs': 12, 'interleaved_padding': 1}"
memory_capacity,memory_capacity,educational_evolving_memory_toy,num_pairs,12,110920,0.0,1.0,5.889,1,"{'model_name': 'educational_evolving_memory_toy', 'state_dim': 32, 'seed': 110920, 'num_pairs': 12, 'interleaved_padding': 1}"
memory_capacity,memory_capacity,educational_evolving_memory_toy,num_pairs,12,118839,1.0,0.0,6.1,1,"{'model_name': 'educational_evolving_memory_toy', 'state_dim': 32, 'seed': 118839, 'num_pairs': 12, 'interleaved_padding': 1}"
memory_capacity,memory_capacity,educational_evolving_memory_toy,num_pairs,12,126758,0.0,1.0,22.62,1,"{'model_name': 'educational_evolving_memory_toy', 'state_dim': 32, 'seed': 126758, 'num_pairs': 12, 'interleaved_padding': 1}"
memory_capacity,memory_capacity,educational_evolving_memory_toy,num_pairs,12,134677,0.0,1.0,15.953,1,"{'model_name': 'educational_evolving_memory_toy', 'state_dim': 32, 'seed': 134677, 'num_pairs': 12, 'interleaved_padding': 1}"
memory_capacity,memory_capacity,educational_evolving_memory_toy,num_pairs,12,142596,0.0,1.0,9.361,1,"{'model_name': 'educational_evolving_memory_toy', 'state_dim': 32, 'seed': 142596, 'num_pairs': 12, 'interleaved_padding': 1}"
memory_capacity,memory_capacity,educational_evolving_memory_toy,num_pairs,12,150515,0.0,1.0,21.225,1,"{'model_name': 'educational_evolving_memory_toy', 'state_dim': 32, 'seed': 150515, 'num_pairs': 12, 'interleaved_padding': 1}"
memory_capacity,memory_capacity,educational_evolving_memory_toy,num_pairs,12,158434,0.0,1.0,5.084,1,"{'model_name': 'educational_evolving_memory_toy', 'state_dim': 32, 'seed': 158434, 'num_pairs': 12, 'interleaved_padding': 1}"
memory_capacity,memory_capacity,educational_evolving_memory_toy,num_pairs,12,166353,0.0,1.0,5.984,1,"{'model_name': 'educational_evolving_memory_toy', 'state_dim': 32, 'seed': 166353, 'num_pairs': 12, 'interleaved_padding': 1}"
memory_capacity,memory_capacity,educational_evolving_memory_toy,num_pairs,12,174272,0.0,1.0,6.104,1,"{'model_name': 'educational_evolving_memory_toy', 'state_dim': 32, 'seed': 174272, 'num_pairs': 12, 'interleaved_padding': 1}"
memory_capacity,memory_capacity,educational_evolving_memory_toy,num_pairs,12,182191,0.0,1.0,5.188,1,"{'model_name': 'educational_evolving_memory_toy', 'state_dim': 32, 'seed': 182191, 'num_pairs': 12, 'interleaved_padding': 1}"
memory_capacity,memory_capacity,educational_evolving_memory_toy,num_pairs,12,190110,0.0,1.0,4.552,1,"{'model_name': 'educational_evolving_memory_toy', 'state_dim': 32, 'seed': 190110, 'num_pairs': 12, 'interleaved_padding': 1}"
memory_capacity,memory_capacity,educational_evolving_memory_toy,num_pairs,12,198029,0.0,1.0,4.57,1,"{'model_name': 'educational_evolving_memory_toy', 'state_dim': 32, 'seed': 198029, 'num_pairs': 12, 'interleaved_padding': 1}"
memory_capacity,memory_capacity,educational_evolving_memory_toy,num_pairs,12,205948,0.0,1.0,4.583,1,"{'model_name': 'educational_evolving_memory_toy', 'state_dim': 32, 'seed': 205948, 'num_pairs': 12, 'interleaved_padding': 1}"
memory_capacity,memory_capacity,educational_evolving_memory_toy,num_pairs,12,213867,0.0,1.0,4.629,1,"{'model_name': 'educational_evolving_memory_toy', 'state_dim': 32, 'seed': 213867, 'num_pairs': 12, 'interleaved_padding': 1}"
memory_capacity,memory_capacity,educational_evolving_memory_toy,num_pairs,12,221786,0.0,1.0,4.656,1,"{'model_name': 'educational_evolving_memory_toy', 'state_dim': 32, 'seed': 221786, 'num_pairs': 12, 'interleaved_padding': 1}"
memory_capacity,memory_capacity,educational_evolving_memory_toy,num_pairs,12,229705,0.0,1.0,4.616,1,"{'model_name': 'educational_evolving_memory_toy', 'state_dim': 32, 'seed': 229705, 'num_pairs': 12, 'interleaved_padding': 1}"
memory_capacity,memory_capacity,educational_evolving_memory_toy,num_pairs,16,58,0.0,1.0,9.094,1,"{'model_name': 'educational_evolving_memory_toy', 'state_dim': 32, 'seed': 58, 'num_pairs': 16, 'interleaved_padding': 1}"
memory_capacity,memory_capacity,educational_evolving_memory_toy,num_pairs,16,7977,0.0,1.0,33.403,1,"{'model_name': 'educational_evolving_memory_toy', 'state_dim': 32, 'seed': 7977, 'num_pairs': 16, 'interleaved_padding': 1}"
memory_capacity,memory_capacity,educational_evolving_memory_toy,num_pairs,16,15896,0.0,1.0,32.858,1,"{'model_name': 'educational_evolving_memory_toy', 'state_dim': 32, 'seed': 15896, 'num_pairs': 16, 'interleaved_padding': 1}"
memory_capacity,memory_capacity,educational_evolving_memory_toy,num_pairs,16,23815,0.0,1.0,18.168,1,"{'model_name': 'educational_evolving_memory_toy', 'state_dim': 32, 'seed': 23815, 'num_pairs': 16, 'interleaved_padding': 1}"
memory_capacity,memory_capacity,educational_evolving_memory_toy,num_pairs,16,31734,0.0,1.0,28.113,1,"{'model_name': 'educational_evolving_memory_toy', 'state_dim': 32, 'seed': 31734, 'num_pairs': 16, 'interleaved_padding': 1}"
memory_capacity,memory_capacity,educational_evolving_memory_toy,num_pairs,16,39653,0.0,1.0,31.882,1,"{'model_name': 'educational_evolving_memory_toy', 'state_dim': 32, 'seed': 39653, 'num_pairs': 16, 'interleaved_padding': 1}"
memory_capacity,memory_capacity,educational_evolving_memory_toy,num_pairs,16,47572,0.0,1.0,30.825,1,"{'model_name': 'educational_evolving_memory_toy', 'state_dim': 32, 'seed': 47572, 'num_pairs': 16, 'interleaved_padding': 1}"
memory_capacity,memory_capacity,educational_evolving_memory_toy,num_pairs,16,55491,0.0,1.0,8.069,1,"{'model_name': 'educational_evolving_memory_toy', 'state_dim': 32, 'seed': 55491, 'num_pairs': 16, 'interleaved_padding': 1}"
memory_capacity,memory_capacity,educational_evolving_memory_toy,num_pairs,16,63410,0.0,1.0,6.952,1,"{'model_name': 'educational_evolving_memory_toy', 'state_dim': 32, 'seed': 63410, 'num_pairs': 16, 'interleaved_padding': 1}"
memory_capacity,memory_capacity,educational_evolving_memory_toy,num_pairs,16,71329,0.0,1.0,6.038,1,"{'model_name': 'educational_evolving_memory_toy', 'state_dim': 32, 'seed': 71329, 'num_pairs': 16, 'interleaved_padding': 1}"
memory_capacity,memory_capacity,educational_evolving_memory_toy,num_pairs,16,79248,0.0,1.0,6.122,1,"{'model_name': 'educational_evolving_memory_toy', 'state_dim': 32, 'seed': 79248, 'num_pairs': 16, 'interleaved_padding': 1}"
memory_capacity,memory_capacity,educational_evolving_memory_toy,num_pairs,16,87167,0.0,1.0,5.906,1,"{'model_name': 'educational_evolving_memory_toy', 'state_dim': 32, 'seed': 87167, 'num_pairs': 16, 'interleaved_padding': 1}"
memory_capacity,memory_capacity,educational_evolving_memory_toy,num_pairs,16,95086,0.0,1.0,5.891,1,"{'model_name': 'educational_evolving_memory_toy', 'state_dim': 32, 'seed': 95086, 'num_pairs': 16, 'interleaved_padding': 1}"
memory_capacity,memory_capacity,educational_evolving_memory_toy,num_pairs,16,103005,0.0,1.0,5.943,1,"{'model_name': 'educational_evolving_memory_toy', 'state_dim': 32, 'seed': 103005, 'num_pairs': 16, 'interleaved_padding': 1}"
memory_capacity,memory_capacity,educational_evolving_memory_toy,num_pairs,16,110924,1.0,0.0,7.229,1,"{'model_name': 'educational_evolving_memory_toy', 'state_dim': 32, 'seed': 110924, 'num_pairs': 16, 'interleaved_padding': 1}"
memory_capacity,memory_capacity,educational_evolving_memory_toy,num_pairs,16,118843,0.0,1.0,6.143,1,"{'model_name': 'educational_evolving_memory_toy', 'state_dim': 32, 'seed': 118843, 'num_pairs': 16, 'interleaved_padding': 1}"
memory_capacity,memory_capacity,educational_evolving_memory_toy,num_pairs,16,126762,0.0,1.0,5.943,1,"{'model_name': 'educational_evolving_memory_toy', 'state_dim': 32, 'seed': 126762, 'num_pairs': 16, 'interleaved_padding': 1}"
memory_capacity,memory_capacity,educational_evolving_memory_toy,num_pairs,16,134681,1.0,0.0,5.836,1,"{'model_name': 'educational_evolving_memory_toy', 'state_dim': 32, 'seed': 134681, 'num_pairs': 16, 'interleaved_padding': 1}"
memory_capacity,memory_capacity,educational_evolving_memory_toy,num_pairs,16,142600,0.0,1.0,6.067,1,"{'model_name': 'educational_evolving_memory_toy', 'state_dim': 32, 'seed': 142600, 'num_pairs': 16, 'interleaved_padding': 1}"
memory_capacity,memory_capacity,educational_evolving_memory_toy,num_pairs,16,150519,0.0,1.0,5.917,1,"{'model_name': 'educational_evolving_memory_toy', 'state_dim': 32, 'seed': 150519, 'num_pairs': 16, 'interleaved_padding': 1}"
memory_capacity,memory_capacity,educational_evolving_memory_toy,num_pairs,16,158438,0.0,1.0,6.543,1,"{'model_name': 'educational_evolving_memory_toy', 'state_dim': 32, 'seed': 158438, 'num_pairs': 16, 'interleaved_padding': 1}"
memory_capacity,memory_capacity,educational_evolving_memory_toy,num_pairs,16,166357,0.0,1.0,6.27,1,"{'model_name': 'educational_evolving_memory_toy', 'state_dim': 32, 'seed': 166357, 'num_pairs': 16, 'interleaved_padding': 1}"
memory_capacity,memory_capacity,educational_evolving_memory_toy,num_pairs,16,174276,1.0,0.0,5.684,1,"{'model_name': 'educational_evolving_memory_toy', 'state_dim': 32, 'seed': 174276, 'num_pairs': 16, 'interleaved_padding': 1}"
memory_capacity,memory_capacity,educational_evolving_memory_toy,num_pairs,16,182195,1.0,0.0,6.469,1,"{'model_name': 'educational_evolving_memory_toy', 'state_dim': 32, 'seed': 182195, 'num_pairs': 16, 'interleaved_padding': 1}"
memory_capacity,memory_capacity,educational_evolving_memory_toy,num_pairs,16,190114,0.0,1.0,5.728,1,"{'model_name': 'educational_evolving_memory_toy', 'state_dim': 32, 'seed': 190114, 'num_pairs': 16, 'interleaved_padding': 1}"
memory_capacity,memory_capacity,educational_evolving_memory_toy,num_pairs,16,198033,0.0,1.0,5.617,1,"{'model_name': 'educational_evolving_memory_toy', 'state_dim': 32, 'seed': 198033, 'num_pairs': 16, 'interleaved_padding': 1}"
memory_capacity,memory_capacity,educational_evolving_memory_toy,num_pairs,16,205952,0.0,1.0,6.633,1,"{'model_name': 'educational_evolving_memory_toy', 'state_dim': 32, 'seed': 205952, 'num_pairs': 16, 'interleaved_padding': 1}"
memory_capacity,memory_capacity,educational_evolving_memory_toy,num_pairs,16,213871,0.0,1.0,5.553,1,"{'model_name': 'educational_evolving_memory_toy', 'state_dim': 32, 'seed': 213871, 'num_pairs': 16, 'interleaved_padding': 1}"
memory_capacity,memory_capacity,educational_evolving_memory_toy,num_pairs,16,221790,0.0,1.0,6.063,1,"{'model_name': 'educational_evolving_memory_toy', 'state_dim': 32, 'seed': 221790, 'num_pairs': 16, 'interleaved_padding': 1}"
memory_capacity,memory_capacity,educational_evolving_memory_toy,num_pairs,16,229709,0.0,1.0,6.067,1,"{'model_name': 'educational_evolving_memory_toy', 'state_dim': 32, 'seed': 229709, 'num_pairs': 16, 'interleaved_padding': 1}"
memory_capacity,memory_capacity,educational_evolving_memory_toy,num_pairs,24,66,0.0,1.0,9.298,1,"{'model_name': 'educational_evolving_memory_toy', 'state_dim': 32, 'seed': 66, 'num_pairs': 24, 'interleaved_padding': 1}"
memory_capacity,memory_capacity,educational_evolving_memory_toy,num_pairs,24,7985,0.0,1.0,10.882,1,"{'model_name': 'educational_evolving_memory_toy', 'state_dim': 32, 'seed': 7985, 'num_pairs': 24, 'interleaved_padding': 1}"
memory_capacity,memory_capacity,educational_evolving_memory_toy,num_pairs,24,15904,0.0,1.0,25.99,1,"{'model_name': 'educational_evolving_memory_toy', 'state_dim': 32, 'seed': 15904, 'num_pairs': 24, 'interleaved_padding': 1}"
memory_capacity,memory_capacity,educational_evolving_memory_toy,num_pairs,24,23823,0.0,1.0,46.113,1,"{'model_name': 'educational_evolving_memory_toy', 'state_dim': 32, 'seed': 23823, 'num_pairs': 24, 'interleaved_padding': 1}"
memory_capacity,memory_capacity,educational_evolving_memory_toy,num_pairs,24,31742,0.0,1.0,10.505,1,"{'model_name': 'educational_evolving_memory_toy', 'state_dim': 32, 'seed': 31742, 'num_pairs': 24, 'interleaved_padding': 1}"
memory_capacity,memory_capacity,educational_evolving_memory_toy,num_pairs,24,39661,0.0,1.0,11.867,1,"{'model_name': 'educational_evolving_memory_toy', 'state_dim': 32, 'seed': 39661, 'num_pairs': 24, 'interleaved_padding': 1}"
memory_capacity,memory_capacity,educational_evolving_memory_toy,num_pairs,24,47580,0.0,1.0,16.662,1,"{'model_name': 'educational_evolving_memory_toy', 'state_dim': 32, 'seed': 47580, 'num_pairs': 24, 'interleaved_padding': 1}"
memory_capacity,memory_capacity,educational_evolving_memory_toy,num_pairs,24,55499,0.0,1.0,10.974,1,"{'model_name': 'educational_evolving_memory_toy', 'state_dim': 32, 'seed': 55499, 'num_pairs': 24, 'interleaved_padding': 1}"
memory_capacity,memory_capacity,educational_evolving_memory_toy,num_pairs,24,63418,0.0,1.0,10.717,1,"{'model_name': 'educational_evolving_memory_toy', 'state_dim': 32, 'seed': 63418, 'num_pairs': 24, 'interleaved_padding': 1}"
memory_capacity,memory_capacity,educational_evolving_memory_toy,num_pairs,24,71337,0.0,1.0,42.083,1,"{'model_name': 'educational_evolving_memory_toy', 'state_dim': 32, 'seed': 71337, 'num_pairs': 24, 'interleaved_padding': 1}"
memory_capacity,memory_capacity,educational_evolving_memory_toy,num_pairs,24,79256,0.0,1.0,9.365,1,"{'model_name': 'educational_evolving_memory_toy', 'state_dim': 32, 'seed': 79256, 'num_pairs': 24, 'interleaved_padding': 1}"
memory_capacity,memory_capacity,educational_evolving_memory_toy,num_pairs,24,87175,1.0,0.0,9.05,1,"{'model_name': 'educational_evolving_memory_toy', 'state_dim': 32, 'seed': 87175, 'num_pairs': 24, 'interleaved_padding': 1}"
memory_capacity,memory_capacity,educational_evolving_memory_toy,num_pairs,24,95094,0.0,1.0,9.113,1,"{'model_name': 'educational_evolving_memory_toy', 'state_dim': 32, 'seed': 95094, 'num_pairs': 24, 'interleaved_padding': 1}"
memory_capacity,memory_capacity,educational_evolving_memory_toy,num_pairs,24,103013,0.0,1.0,9.004,1,"{'model_name': 'educational_evolving_memory_toy', 'state_dim': 32, 'seed': 103013, 'num_pairs': 24, 'interleaved_padding': 1}"
memory_capacity,memory_capacity,educational_evolving_memory_toy,num_pairs,24,110932,0.0,1.0,8.949,1,"{'model_name': 'educational_evolving_memory_toy', 'state_dim': 32, 'seed': 110932, 'num_pairs': 24, 'interleaved_padding': 1}"
memory_capacity,memory_capacity,educational_evolving_memory_toy,num_pairs,24,118851,0.0,1.0,10.038,1,"{'model_name': 'educational_evolving_memory_toy', 'state_dim': 32, 'seed': 118851, 'num_pairs': 24, 'interleaved_padding': 1}"
memory_capacity,memory_capacity,educational_evolving_memory_toy,num_pairs,24,126770,0.0,1.0,8.753,1,"{'model_name': 'educational_evolving_memory_toy', 'state_dim': 32, 'seed': 126770, 'num_pairs': 24, 'interleaved_padding': 1}"
memory_capacity,memory_capacity,educational_evolving_memory_toy,num_pairs,24,134689,0.0,1.0,9.075,1,"{'model_name': 'educational_evolving_memory_toy', 'state_dim': 32, 'seed': 134689, 'num_pairs': 24, 'interleaved_padding': 1}"
memory_capacity,memory_capacity,educational_evolving_memory_toy,num_pairs,24,142608,0.0,1.0,8.891,1,"{'model_name': 'educational_evolving_memory_toy', 'state_dim': 32, 'seed': 142608, 'num_pairs': 24, 'interleaved_padding': 1}"
memory_capacity,memory_capacity,educational_evolving_memory_toy,num_pairs,24,150527,0.0,1.0,8.595,1,"{'model_name': 'educational_evolving_memory_toy', 'state_dim': 32, 'seed': 150527, 'num_pairs': 24, 'interleaved_padding': 1}"
memory_capacity,memory_capacity,educational_evolving_memory_toy,num_pairs,24,158446,0.0,1.0,8.72,1,"{'model_name': 'educational_evolving_memory_toy', 'state_dim': 32, 'seed': 158446, 'num_pairs': 24, 'interleaved_padding': 1}"
memory_capacity,memory_capacity,educational_evolving_memory_toy,num_pairs,24,166365,0.0,1.0,8.921,1,"{'model_name': 'educational_evolving_memory_toy', 'state_dim': 32, 'seed': 166365, 'num_pairs': 24, 'interleaved_padding': 1}"
memory_capacity,memory_capacity,educational_evolving_memory_toy,num_pairs,24,174284,0.0,1.0,8.582,1,"{'model_name': 'educational_evolving_memory_toy', 'state_dim': 32, 'seed': 174284, 'num_pairs': 24, 'interleaved_padding': 1}"
memory_capacity,memory_capacity,educational_evolving_memory_toy,num_pairs,24,182203,0.0,1.0,8.672,1,"{'model_name': 'educational_evolving_memory_toy', 'state_dim': 32, 'seed': 182203, 'num_pairs': 24, 'interleaved_padding': 1}"
memory_capacity,memory_capacity,educational_evolving_memory_toy,num_pairs,24,190122,0.0,1.0,9.056,1,"{'model_name': 'educational_evolving_memory_toy', 'state_dim': 32, 'seed': 190122, 'num_pairs': 24, 'interleaved_padding': 1}"
memory_capacity,memory_capacity,educational_evolving_memory_toy,num_pairs,24,198041,0.0,1.0,9.046,1,"{'model_name': 'educational_evolving_memory_toy', 'state_dim': 32, 'seed': 198041, 'num_pairs': 24, 'interleaved_padding': 1}"
memory_capacity,memory_capacity,educational_evolving_memory_toy,num_pairs,24,205960,0.0,1.0,9.345,1,"{'model_name': 'educational_evolving_memory_toy', 'state_dim': 32, 'seed': 205960, 'num_pairs': 24, 'interleaved_padding': 1}"
memory_capacity,memory_capacity,educational_evolving_memory_toy,num_pairs,24,213879,0.0,1.0,9.637,1,"{'model_name': 'educational_evolving_memory_toy', 'state_dim': 32, 'seed': 213879, 'num_pairs': 24, 'interleaved_padding': 1}"
memory_capacity,memory_capacity,educational_evolving_memory_toy,num_pairs,24,221798,0.0,1.0,9.112,1,"{'model_name': 'educational_evolving_memory_toy', 'state_dim': 32, 'seed': 221798, 'num_pairs': 24, 'interleaved_padding': 1}"
memory_capacity,memory_capacity,educational_evolving_memory_toy,num_pairs,24,229717,0.0,1.0,8.672,1,"{'model_name': 'educational_evolving_memory_toy', 'state_dim': 32, 'seed': 229717, 'num_pairs': 24, 'interleaved_padding': 1}"
memory_capacity,memory_capacity,educational_evolving_memory_toy,num_pairs,32,74,0.0,1.0,11.151,1,"{'model_name': 'educational_evolving_memory_toy', 'state_dim': 32, 'seed': 74, 'num_pairs': 32, 'interleaved_padding': 1}"
memory_capacity,memory_capacity,educational_evolving_memory_toy,num_pairs,32,7993,0.0,1.0,10.657,1,"{'model_name': 'educational_evolving_memory_toy', 'state_dim': 32, 'seed': 7993, 'num_pairs': 32, 'interleaved_padding': 1}"
memory_capacity,memory_capacity,educational_evolving_memory_toy,num_pairs,32,15912,0.0,1.0,13.648,1,"{'model_name': 'educational_evolving_memory_toy', 'state_dim': 32, 'seed': 15912, 'num_pairs': 32, 'interleaved_padding': 1}"
memory_capacity,memory_capacity,educational_evolving_memory_toy,num_pairs,32,23831,0.0,1.0,38.238,1,"{'model_name': 'educational_evolving_memory_toy', 'state_dim': 32, 'seed': 23831, 'num_pairs': 32, 'interleaved_padding': 1}"
memory_capacity,memory_capacity,educational_evolving_memory_toy,num_pairs,32,31750,0.0,1.0,35.566,1,"{'model_name': 'educational_evolving_memory_toy', 'state_dim': 32, 'seed': 31750, 'num_pairs': 32, 'interleaved_padding': 1}"
memory_capacity,memory_capacity,educational_evolving_memory_toy,num_pairs,32,39669,0.0,1.0,15.113,1,"{'model_name': 'educational_evolving_memory_toy', 'state_dim': 32, 'seed': 39669, 'num_pairs': 32, 'interleaved_padding': 1}"
memory_capacity,memory_capacity,educational_evolving_memory_toy,num_pairs,32,47588,0.0,1.0,33.143,1,"{'model_name': 'educational_evolving_memory_toy', 'state_dim': 32, 'seed': 47588, 'num_pairs': 32, 'interleaved_padding': 1}"
memory_capacity,memory_capacity,educational_evolving_memory_toy,num_pairs,32,55507,0.0,1.0,41.222,1,"{'model_name': 'educational_evolving_memory_toy', 'state_dim': 32, 'seed': 55507, 'num_pairs': 32, 'interleaved_padding': 1}"
memory_capacity,memory_capacity,educational_evolving_memory_toy,num_pairs,32,63426,0.0,1.0,11.724,1,"{'model_name': 'educational_evolving_memory_toy', 'state_dim': 32, 'seed': 63426, 'num_pairs': 32, 'interleaved_padding': 1}"
memory_capacity,memory_capacity,educational_evolving_memory_toy,num_pairs,32,71345,0.0,1.0,11.79,1,"{'model_name': 'educational_evolving_memory_toy', 'state_dim': 32, 'seed': 71345, 'num_pairs': 32, 'interleaved_padding': 1}"
memory_capacity,memory_capacity,educational_evolving_memory_toy,num_pairs,32,79264,0.0,1.0,12.423,1,"{'model_name': 'educational_evolving_memory_toy', 'state_dim': 32, 'seed': 79264, 'num_pairs': 32, 'interleaved_padding': 1}"
memory_capacity,memory_capacity,educational_evolving_memory_toy,num_pairs,32,87183,0.0,1.0,12.621,1,"{'model_name': 'educational_evolving_memory_toy', 'state_dim': 32, 'seed': 87183, 'num_pairs': 32, 'interleaved_padding': 1}"
memory_capacity,memory_capacity,educational_evolving_memory_toy,num_pairs,32,95102,0.0,1.0,12.205,1,"{'model_name': 'educational_evolving_memory_toy', 'state_dim': 32, 'seed': 95102, 'num_pairs': 32, 'interleaved_padding': 1}"
memory_capacity,memory_capacity,educational_evolving_memory_toy,num_pairs,32,103021,0.0,1.0,13.367,1,"{'model_name': 'educational_evolving_memory_toy', 'state_dim': 32, 'seed': 103021, 'num_pairs': 32, 'interleaved_padding': 1}"
memory_capacity,memory_capacity,educational_evolving_memory_toy,num_pairs,32,110940,0.0,1.0,12.916,1,"{'model_name': 'educational_evolving_memory_toy', 'state_dim': 32, 'seed': 110940, 'num_pairs': 32, 'interleaved_padding': 1}"
memory_capacity,memory_capacity,educational_evolving_memory_toy,num_pairs,32,118859,0.0,1.0,12.434,1,"{'model_name': 'educational_evolving_memory_toy', 'state_dim': 32, 'seed': 118859, 'num_pairs': 32, 'interleaved_padding': 1}"
memory_capacity,memory_capacity,educational_evolving_memory_toy,num_pairs,32,126778,0.0,1.0,12.441,1,"{'model_name': 'educational_evolving_memory_toy', 'state_dim': 32, 'seed': 126778, 'num_pairs': 32, 'interleaved_padding': 1}"
memory_capacity,memory_capacity,educational_evolving_memory_toy,num_pairs,32,134697,0.0,1.0,12.24,1,"{'model_name': 'educational_evolving_memory_toy', 'state_dim': 32, 'seed': 134697, 'num_pairs': 32, 'interleaved_padding': 1}"
memory_capacity,memory_capacity,educational_evolving_memory_toy,num_pairs,32,142616,0.0,1.0,12.434,1,"{'model_name': 'educational_evolving_memory_toy', 'state_dim': 32, 'seed': 142616, 'num_pairs': 32, 'interleaved_padding': 1}"
memory_capacity,memory_capacity,educational_evolving_memory_toy,num_pairs,32,150535,0.0,1.0,11.907,1,"{'model_name': 'educational_evolving_memory_toy', 'state_dim': 32, 'seed': 150535, 'num_pairs': 32, 'interleaved_padding': 1}"
memory_capacity,memory_capacity,educational_evolving_memory_toy,num_pairs,32,158454,0.0,1.0,12.367,1,"{'model_name': 'educational_evolving_memory_toy', 'state_dim': 32, 'seed': 158454, 'num_pairs': 32, 'interleaved_padding': 1}"
memory_capacity,memory_capacity,educational_evolving_memory_toy,num_pairs,32,166373,0.0,1.0,12.09,1,"{'model_name': 'educational_evolving_memory_toy', 'state_dim': 32, 'seed': 166373, 'num_pairs': 32, 'interleaved_padding': 1}"
memory_capacity,memory_capacity,educational_evolving_memory_toy,num_pairs,32,174292,0.0,1.0,12.395,1,"{'model_name': 'educational_evolving_memory_toy', 'state_dim': 32, 'seed': 174292, 'num_pairs': 32, 'interleaved_padding': 1}"
memory_capacity,memory_capacity,educational_evolving_memory_toy,num_pairs,32,182211,0.0,1.0,12.441,1,"{'model_name': 'educational_evolving_memory_toy', 'state_dim': 32, 'seed': 182211, 'num_pairs': 32, 'interleaved_padding': 1}"
memory_capacity,memory_capacity,educational_evolving_memory_toy,num_pairs,32,190130,0.0,1.0,12.167,1,"{'model_name': 'educational_evolving_memory_toy', 'state_dim': 32, 'seed': 190130, 'num_pairs': 32, 'interleaved_padding': 1}"
memory_capacity,memory_capacity,educational_evolving_memory_toy,num_pairs,32,198049,0.0,1.0,12.552,1,"{'model_name': 'educational_evolving_memory_toy', 'state_dim': 32, 'seed': 198049, 'num_pairs': 32, 'interleaved_padding': 1}"
memory_capacity,memory_capacity,educational_evolving_memory_toy,num_pairs,32,205968,0.0,1.0,12.537,1,"{'model_name': 'educational_evolving_memory_toy', 'state_dim': 32, 'seed': 205968, 'num_pairs': 32, 'interleaved_padding': 1}"
memory_capacity,memory_capacity,educational_evolving_memory_toy,num_pairs,32,213887,0.0,1.0,12.909,1,"{'model_name': 'educational_evolving_memory_toy', 'state_dim': 32, 'seed': 213887, 'num_pairs': 32, 'interleaved_padding': 1}"
memory_capacity,memory_capacity,educational_evolving_memory_toy,num_pairs,32,221806,0.0,1.0,12.776,1,"{'model_name': 'educational_evolving_memory_toy', 'state_dim': 32, 'seed': 221806, 'num_pairs': 32, 'interleaved_padding': 1}"
memory_capacity,memory_capacity,educational_evolving_memory_toy,num_pairs,32,229725,0.0,1.0,11.951,1,"{'model_name': 'educational_evolving_memory_toy', 'state_dim': 32, 'seed': 229725, 'num_pairs': 32, 'interleaved_padding': 1}"
interference,interference,full_history_reference_baseline,num_overwrites,1,43,1.0,0.0,1.141,1,"{'model_name': 'full_history_reference_baseline', 'state_dim': 32, 'seed': 43, 'num_overwrites': 1, 'spacing': 3, 'target_mode': 'recency'}"
interference,interference,full_history_reference_baseline,num_overwrites,1,7962,1.0,0.0,0.807,1,"{'model_name': 'full_history_reference_baseline', 'state_dim': 32, 'seed': 7962, 'num_overwrites': 1, 'spacing': 3, 'target_mode': 'recency'}"
interference,interference,full_history_reference_baseline,num_overwrites,1,15881,1.0,0.0,0.752,1,"{'model_name': 'full_history_reference_baseline', 'state_dim': 32, 'seed': 15881, 'num_overwrites': 1, 'spacing': 3, 'target_mode': 'recency'}"
interference,interference,full_history_reference_baseline,num_overwrites,1,23800,1.0,0.0,0.79,1,"{'model_name': 'full_history_reference_baseline', 'state_dim': 32, 'seed': 23800, 'num_overwrites': 1, 'spacing': 3, 'target_mode': 'recency'}"
interference,interference,full_history_reference_baseline,num_overwrites,1,31719,1.0,0.0,0.78,1,"{'model_name': 'full_history_reference_baseline', 'state_dim': 32, 'seed': 31719, 'num_overwrites': 1, 'spacing': 3, 'target_mode': 'recency'}"
interference,interference,full_history_reference_baseline,num_overwrites,1,39638,1.0,0.0,0.826,1,"{'model_name': 'full_history_reference_baseline', 'state_dim': 32, 'seed': 39638, 'num_overwrites': 1, 'spacing': 3, 'target_mode': 'recency'}"
interference,interference,full_history_reference_baseline,num_overwrites,1,47557,1.0,0.0,0.747,1,"{'model_name': 'full_history_reference_baseline', 'state_dim': 32, 'seed': 47557, 'num_overwrites': 1, 'spacing': 3, 'target_mode': 'recency'}"
interference,interference,full_history_reference_baseline,num_overwrites,1,55476,1.0,0.0,0.867,1,"{'model_name': 'full_history_reference_baseline', 'state_dim': 32, 'seed': 55476, 'num_overwrites': 1, 'spacing': 3, 'target_mode': 'recency'}"
interference,interference,full_history_reference_baseline,num_overwrites,1,63395,1.0,0.0,0.942,1,"{'model_name': 'full_history_reference_baseline', 'state_dim': 32, 'seed': 63395, 'num_overwrites': 1, 'spacing': 3, 'target_mode': 'recency'}"
interference,interference,full_history_reference_baseline,num_overwrites,1,71314,1.0,0.0,0.766,1,"{'model_name': 'full_history_reference_baseline', 'state_dim': 32, 'seed': 71314, 'num_overwrites': 1, 'spacing': 3, 'target_mode': 'recency'}"
interference,interference,full_history_reference_baseline,num_overwrites,1,79233,1.0,0.0,0.726,1,"{'model_name': 'full_history_reference_baseline', 'state_dim': 32, 'seed': 79233, 'num_overwrites': 1, 'spacing': 3, 'target_mode': 'recency'}"
interference,interference,full_history_reference_baseline,num_overwrites,1,87152,1.0,0.0,0.715,1,"{'model_name': 'full_history_reference_baseline', 'state_dim': 32, 'seed': 87152, 'num_overwrites': 1, 'spacing': 3, 'target_mode': 'recency'}"
interference,interference,full_history_reference_baseline,num_overwrites,1,95071,1.0,0.0,0.779,1,"{'model_name': 'full_history_reference_baseline', 'state_dim': 32, 'seed': 95071, 'num_overwrites': 1, 'spacing': 3, 'target_mode': 'recency'}"
interference,interference,full_history_reference_baseline,num_overwrites,1,102990,1.0,0.0,0.82,1,"{'model_name': 'full_history_reference_baseline', 'state_dim': 32, 'seed': 102990, 'num_overwrites': 1, 'spacing': 3, 'target_mode': 'recency'}"
interference,interference,full_history_reference_baseline,num_overwrites,1,110909,1.0,0.0,0.815,1,"{'model_name': 'full_history_reference_baseline', 'state_dim': 32, 'seed': 110909, 'num_overwrites': 1, 'spacing': 3, 'target_mode': 'recency'}"
interference,interference,full_history_reference_baseline,num_overwrites,1,118828,1.0,0.0,0.72,1,"{'model_name': 'full_history_reference_baseline', 'state_dim': 32, 'seed': 118828, 'num_overwrites': 1, 'spacing': 3, 'target_mode': 'recency'}"
interference,interference,full_history_reference_baseline,num_overwrites,1,126747,1.0,0.0,0.79,1,"{'model_name': 'full_history_reference_baseline', 'state_dim': 32, 'seed': 126747, 'num_overwrites': 1, 'spacing': 3, 'target_mode': 'recency'}"
interference,interference,full_history_reference_baseline,num_overwrites,1,134666,1.0,0.0,0.719,1,"{'model_name': 'full_history_reference_baseline', 'state_dim': 32, 'seed': 134666, 'num_overwrites': 1, 'spacing': 3, 'target_mode': 'recency'}"
interference,interference,full_history_reference_baseline,num_overwrites,1,142585,1.0,0.0,0.709,1,"{'model_name': 'full_history_reference_baseline', 'state_dim': 32, 'seed': 142585, 'num_overwrites': 1, 'spacing': 3, 'target_mode': 'recency'}"
interference,interference,full_history_reference_baseline,num_overwrites,1,150504,1.0,0.0,0.803,1,"{'model_name': 'full_history_reference_baseline', 'state_dim': 32, 'seed': 150504, 'num_overwrites': 1, 'spacing': 3, 'target_mode': 'recency'}"
interference,interference,full_history_reference_baseline,num_overwrites,1,158423,1.0,0.0,0.714,1,"{'model_name': 'full_history_reference_baseline', 'state_dim': 32, 'seed': 158423, 'num_overwrites': 1, 'spacing': 3, 'target_mode': 'recency'}"
interference,interference,full_history_reference_baseline,num_overwrites,1,166342,1.0,0.0,0.783,1,"{'model_name': 'full_history_reference_baseline', 'state_dim': 32, 'seed': 166342, 'num_overwrites': 1, 'spacing': 3, 'target_mode': 'recency'}"
interference,interference,full_history_reference_baseline,num_overwrites,1,174261,1.0,0.0,0.837,1,"{'model_name': 'full_history_reference_baseline', 'state_dim': 32, 'seed': 174261, 'num_overwrites': 1, 'spacing': 3, 'target_mode': 'recency'}"
interference,interference,full_history_reference_baseline,num_overwrites,1,182180,1.0,0.0,0.815,1,"{'model_name': 'full_history_reference_baseline', 'state_dim': 32, 'seed': 182180, 'num_overwrites': 1, 'spacing': 3, 'target_mode': 'recency'}"
interference,interference,full_history_reference_baseline,num_overwrites,1,190099,1.0,0.0,1.354,1,"{'model_name': 'full_history_reference_baseline', 'state_dim': 32, 'seed': 190099, 'num_overwrites': 1, 'spacing': 3, 'target_mode': 'recency'}"
interference,interference,full_history_reference_baseline,num_overwrites,1,198018,1.0,0.0,0.707,1,"{'model_name': 'full_history_reference_baseline', 'state_dim': 32, 'seed': 198018, 'num_overwrites': 1, 'spacing': 3, 'target_mode': 'recency'}"
interference,interference,full_history_reference_baseline,num_overwrites,1,205937,1.0,0.0,0.715,1,"{'model_name': 'full_history_reference_baseline', 'state_dim': 32, 'seed': 205937, 'num_overwrites': 1, 'spacing': 3, 'target_mode': 'recency'}"
interference,interference,full_history_reference_baseline,num_overwrites,1,213856,1.0,0.0,0.901,1,"{'model_name': 'full_history_reference_baseline', 'state_dim': 32, 'seed': 213856, 'num_overwrites': 1, 'spacing': 3, 'target_mode': 'recency'}"
interference,interference,full_history_reference_baseline,num_overwrites,1,221775,1.0,0.0,0.722,1,"{'model_name': 'full_history_reference_baseline', 'state_dim': 32, 'seed': 221775, 'num_overwrites': 1, 'spacing': 3, 'target_mode': 'recency'}"
interference,interference,full_history_reference_baseline,num_overwrites,1,229694,1.0,0.0,1.086,1,"{'model_name': 'full_history_reference_baseline', 'state_dim': 32, 'seed': 229694, 'num_overwrites': 1, 'spacing': 3, 'target_mode': 'recency'}"
interference,interference,full_history_reference_baseline,num_overwrites,2,44,1.0,0.0,1.749,1,"{'model_name': 'full_history_reference_baseline', 'state_dim': 32, 'seed': 44, 'num_overwrites': 2, 'spacing': 3, 'target_mode': 'recency'}"
interference,interference,full_history_reference_baseline,num_overwrites,2,7963,0.0,1.0,1.403,1,"{'model_name': 'full_history_reference_baseline', 'state_dim': 32, 'seed': 7963, 'num_overwrites': 2, 'spacing': 3, 'target_mode': 'recency'}"
interference,interference,full_history_reference_baseline,num_overwrites,2,15882,1.0,0.0,1.378,1,"{'model_name': 'full_history_reference_baseline', 'state_dim': 32, 'seed': 15882, 'num_overwrites': 2, 'spacing': 3, 'target_mode': 'recency'}"
interference,interference,full_history_reference_baseline,num_overwrites,2,23801,1.0,0.0,1.303,1,"{'model_name': 'full_history_reference_baseline', 'state_dim': 32, 'seed': 23801, 'num_overwrites': 2, 'spacing': 3, 'target_mode': 'recency'}"
interference,interference,full_history_reference_baseline,num_overwrites,2,31720,1.0,0.0,1.257,1,"{'model_name': 'full_history_reference_baseline', 'state_dim': 32, 'seed': 31720, 'num_overwrites': 2, 'spacing': 3, 'target_mode': 'recency'}"
interference,interference,full_history_reference_baseline,num_overwrites,2,39639,0.0,1.0,1.329,1,"{'model_name': 'full_history_reference_baseline', 'state_dim': 32, 'seed': 39639, 'num_overwrites': 2, 'spacing': 3, 'target_mode': 'recency'}"
interference,interference,full_history_reference_baseline,num_overwrites,2,47558,0.0,1.0,1.341,1,"{'model_name': 'full_history_reference_baseline', 'state_dim': 32, 'seed': 47558, 'num_overwrites': 2, 'spacing': 3, 'target_mode': 'recency'}"
interference,interference,full_history_reference_baseline,num_overwrites,2,55477,1.0,0.0,1.388,1,"{'model_name': 'full_history_reference_baseline', 'state_dim': 32, 'seed': 55477, 'num_overwrites': 2, 'spacing': 3, 'target_mode': 'recency'}"
interference,interference,full_history_reference_baseline,num_overwrites,2,63396,0.0,1.0,1.26,1,"{'model_name': 'full_history_reference_baseline', 'state_dim': 32, 'seed': 63396, 'num_overwrites': 2, 'spacing': 3, 'target_mode': 'recency'}"
interference,interference,full_history_reference_baseline,num_overwrites,2,71315,0.0,1.0,1.316,1,"{'model_name': 'full_history_reference_baseline', 'state_dim': 32, 'seed': 71315, 'num_overwrites': 2, 'spacing': 3, 'target_mode': 'recency'}"
interference,interference,full_history_reference_baseline,num_overwrites,2,79234,0.0,1.0,1.333,1,"{'model_name': 'full_history_reference_baseline', 'state_dim': 32, 'seed': 79234, 'num_overwrites': 2, 'spacing': 3, 'target_mode': 'recency'}"
interference,interference,full_history_reference_baseline,num_overwrites,2,87153,0.0,1.0,1.29,1,"{'model_name': 'full_history_reference_baseline', 'state_dim': 32, 'seed': 87153, 'num_overwrites': 2, 'spacing': 3, 'target_mode': 'recency'}"
interference,interference,full_history_reference_baseline,num_overwrites,2,95072,1.0,0.0,1.322,1,"{'model_name': 'full_history_reference_baseline', 'state_dim': 32, 'seed': 95072, 'num_overwrites': 2, 'spacing': 3, 'target_mode': 'recency'}"
interference,interference,full_history_reference_baseline,num_overwrites,2,102991,1.0,0.0,1.326,1,"{'model_name': 'full_history_reference_baseline', 'state_dim': 32, 'seed': 102991, 'num_overwrites': 2, 'spacing': 3, 'target_mode': 'recency'}"
interference,interference,full_history_reference_baseline,num_overwrites,2,110910,1.0,0.0,1.293,1,"{'model_name': 'full_history_reference_baseline', 'state_dim': 32, 'seed': 110910, 'num_overwrites': 2, 'spacing': 3, 'target_mode': 'recency'}"
interference,interference,full_history_reference_baseline,num_overwrites,2,118829,0.0,1.0,1.236,1,"{'model_name': 'full_history_reference_baseline', 'state_dim': 32, 'seed': 118829, 'num_overwrites': 2, 'spacing': 3, 'target_mode': 'recency'}"
interference,interference,full_history_reference_baseline,num_overwrites,2,126748,1.0,0.0,1.323,1,"{'model_name': 'full_history_reference_baseline', 'state_dim': 32, 'seed': 126748, 'num_overwrites': 2, 'spacing': 3, 'target_mode': 'recency'}"
interference,interference,full_history_reference_baseline,num_overwrites,2,134667,0.0,1.0,1.294,1,"{'model_name': 'full_history_reference_baseline', 'state_dim': 32, 'seed': 134667, 'num_overwrites': 2, 'spacing': 3, 'target_mode': 'recency'}"
interference,interference,full_history_reference_baseline,num_overwrites,2,142586,1.0,0.0,1.312,1,"{'model_name': 'full_history_reference_baseline', 'state_dim': 32, 'seed': 142586, 'num_overwrites': 2, 'spacing': 3, 'target_mode': 'recency'}"
interference,interference,full_history_reference_baseline,num_overwrites,2,150505,1.0,0.0,1.323,1,"{'model_name': 'full_history_reference_baseline', 'state_dim': 32, 'seed': 150505, 'num_overwrites': 2, 'spacing': 3, 'target_mode': 'recency'}"
interference,interference,full_history_reference_baseline,num_overwrites,2,158424,0.0,1.0,1.312,1,"{'model_name': 'full_history_reference_baseline', 'state_dim': 32, 'seed': 158424, 'num_overwrites': 2, 'spacing': 3, 'target_mode': 'recency'}"
interference,interference,full_history_reference_baseline,num_overwrites,2,166343,0.0,1.0,1.299,1,"{'model_name': 'full_history_reference_baseline', 'state_dim': 32, 'seed': 166343, 'num_overwrites': 2, 'spacing': 3, 'target_mode': 'recency'}"
interference,interference,full_history_reference_baseline,num_overwrites,2,174262,0.0,1.0,1.255,1,"{'model_name': 'full_history_reference_baseline', 'state_dim': 32, 'seed': 174262, 'num_overwrites': 2, 'spacing': 3, 'target_mode': 'recency'}"
interference,interference,full_history_reference_baseline,num_overwrites,2,182181,1.0,0.0,1.326,1,"{'model_name': 'full_history_reference_baseline', 'state_dim': 32, 'seed': 182181, 'num_overwrites': 2, 'spacing': 3, 'target_mode': 'recency'}"
interference,interference,full_history_reference_baseline,num_overwrites,2,190100,1.0,0.0,1.331,1,"{'model_name': 'full_history_reference_baseline', 'state_dim': 32, 'seed': 190100, 'num_overwrites': 2, 'spacing': 3, 'target_mode': 'recency'}"
interference,interference,full_history_reference_baseline,num_overwrites,2,198019,1.0,0.0,1.318,1,"{'model_name': 'full_history_reference_baseline', 'state_dim': 32, 'seed': 198019, 'num_overwrites': 2, 'spacing': 3, 'target_mode': 'recency'}"
interference,interference,full_history_reference_baseline,num_overwrites,2,205938,0.0,1.0,1.274,1,"{'model_name': 'full_history_reference_baseline', 'state_dim': 32, 'seed': 205938, 'num_overwrites': 2, 'spacing': 3, 'target_mode': 'recency'}"
interference,interference,full_history_reference_baseline,num_overwrites,2,213857,1.0,0.0,1.329,1,"{'model_name': 'full_history_reference_baseline', 'state_dim': 32, 'seed': 213857, 'num_overwrites': 2, 'spacing': 3, 'target_mode': 'recency'}"
interference,interference,full_history_reference_baseline,num_overwrites,2,221776,1.0,0.0,1.368,1,"{'model_name': 'full_history_reference_baseline', 'state_dim': 32, 'seed': 221776, 'num_overwrites': 2, 'spacing': 3, 'target_mode': 'recency'}"
interference,interference,full_history_reference_baseline,num_overwrites,2,229695,0.0,1.0,1.269,1,"{'model_name': 'full_history_reference_baseline', 'state_dim': 32, 'seed': 229695, 'num_overwrites': 2, 'spacing': 3, 'target_mode': 'recency'}"
interference,interference,full_history_reference_baseline,num_overwrites,3,45,0.0,1.0,10.148,1,"{'model_name': 'full_history_reference_baseline', 'state_dim': 32, 'seed': 45, 'num_overwrites': 3, 'spacing': 3, 'target_mode': 'recency'}"
interference,interference,full_history_reference_baseline,num_overwrites,3,7964,0.0,1.0,8.254,1,"{'model_name': 'full_history_reference_baseline', 'state_dim': 32, 'seed': 7964, 'num_overwrites': 3, 'spacing': 3, 'target_mode': 'recency'}"
interference,interference,full_history_reference_baseline,num_overwrites,3,15883,0.0,1.0,8.172,1,"{'model_name': 'full_history_reference_baseline', 'state_dim': 32, 'seed': 15883, 'num_overwrites': 3, 'spacing': 3, 'target_mode': 'recency'}"
interference,interference,full_history_reference_baseline,num_overwrites,3,23802,0.0,1.0,7.892,1,"{'model_name': 'full_history_reference_baseline', 'state_dim': 32, 'seed': 23802, 'num_overwrites': 3, 'spacing': 3, 'target_mode': 'recency'}"
interference,interference,full_history_reference_baseline,num_overwrites,3,31721,1.0,0.0,8.234,1,"{'model_name': 'full_history_reference_baseline', 'state_dim': 32, 'seed': 31721, 'num_overwrites': 3, 'spacing': 3, 'target_mode': 'recency'}"
interference,interference,full_history_reference_baseline,num_overwrites,3,39640,0.0,1.0,8.379,1,"{'model_name': 'full_history_reference_baseline', 'state_dim': 32, 'seed': 39640, 'num_overwrites': 3, 'spacing': 3, 'target_mode': 'recency'}"
interference,interference,full_history_reference_baseline,num_overwrites,3,47559,0.0,1.0,8.025,1,"{'model_name': 'full_history_reference_baseline', 'state_dim': 32, 'seed': 47559, 'num_overwrites': 3, 'spacing': 3, 'target_mode': 'recency'}"
interference,interference,full_history_reference_baseline,num_overwrites,3,55478,0.0,1.0,3.632,1,"{'model_name': 'full_history_reference_baseline', 'state_dim': 32, 'seed': 55478, 'num_overwrites': 3, 'spacing': 3, 'target_mode': 'recency'}"
interference,interference,full_history_reference_baseline,num_overwrites,3,63397,1.0,0.0,1.454,1,"{'model_name': 'full_history_reference_baseline', 'state_dim': 32, 'seed': 63397, 'num_overwrites': 3, 'spacing': 3, 'target_mode': 'recency'}"
interference,interference,full_history_reference_baseline,num_overwrites,3,71316,0.0,1.0,1.867,1,"{'model_name': 'full_history_reference_baseline', 'state_dim': 32, 'seed': 71316, 'num_overwrites': 3, 'spacing': 3, 'target_mode': 'recency'}"
interference,interference,full_history_reference_baseline,num_overwrites,3,79235,1.0,0.0,1.858,1,"{'model_name': 'full_history_reference_baseline', 'state_dim': 32, 'seed': 79235, 'num_overwrites': 3, 'spacing': 3, 'target_mode': 'recency'}"
interference,interference,full_history_reference_baseline,num_overwrites,3,87154,1.0,0.0,1.86,1,"{'model_name': 'full_history_reference_baseline', 'state_dim': 32, 'seed': 87154, 'num_overwrites': 3, 'spacing': 3, 'target_mode': 'recency'}"
interference,interference,full_history_reference_baseline,num_overwrites,3,95073,0.0,1.0,1.812,1,"{'model_name': 'full_history_reference_baseline', 'state_dim': 32, 'seed': 95073, 'num_overwrites': 3, 'spacing': 3, 'target_mode': 'recency'}"
interference,interference,full_history_reference_baseline,num_overwrites,3,102992,0.0,1.0,1.833,1,"{'model_name': 'full_history_reference_baseline', 'state_dim': 32, 'seed': 102992, 'num_overwrites': 3, 'spacing': 3, 'target_mode': 'recency'}"
interference,interference,full_history_reference_baseline,num_overwrites,3,110911,0.0,1.0,1.864,1,"{'model_name': 'full_history_reference_baseline', 'state_dim': 32, 'seed': 110911, 'num_overwrites': 3, 'spacing': 3, 'target_mode': 'recency'}"
interference,interference,full_history_reference_baseline,num_overwrites,3,118830,0.0,1.0,1.898,1,"{'model_name': 'full_history_reference_baseline', 'state_dim': 32, 'seed': 118830, 'num_overwrites': 3, 'spacing': 3, 'target_mode': 'recency'}"
interference,interference,full_history_reference_baseline,num_overwrites,3,126749,1.0,0.0,1.814,1,"{'model_name': 'full_history_reference_baseline', 'state_dim': 32, 'seed': 126749, 'num_overwrites': 3, 'spacing': 3, 'target_mode': 'recency'}"
interference,interference,full_history_reference_baseline,num_overwrites,3,134668,1.0,0.0,1.889,1,"{'model_name': 'full_history_reference_baseline', 'state_dim': 32, 'seed': 134668, 'num_overwrites': 3, 'spacing': 3, 'target_mode': 'recency'}"
interference,interference,full_history_reference_baseline,num_overwrites,3,142587,0.0,1.0,1.858,1,"{'model_name': 'full_history_reference_baseline', 'state_dim': 32, 'seed': 142587, 'num_overwrites': 3, 'spacing': 3, 'target_mode': 'recency'}"
interference,interference,full_history_reference_baseline,num_overwrites,3,150506,0.0,1.0,1.828,1,"{'model_name': 'full_history_reference_baseline', 'state_dim': 32, 'seed': 150506, 'num_overwrites': 3, 'spacing': 3, 'target_mode': 'recency'}"
interference,interference,full_history_reference_baseline,num_overwrites,3,158425,0.0,1.0,1.794,1,"{'model_name': 'full_history_reference_baseline', 'state_dim': 32, 'seed': 158425, 'num_overwrites': 3, 'spacing': 3, 'target_mode': 'recency'}"
interference,interference,full_history_reference_baseline,num_overwrites,3,166344,1.0,0.0,1.806,1,"{'model_name': 'full_history_reference_baseline', 'state_dim': 32, 'seed': 166344, 'num_overwrites': 3, 'spacing': 3, 'target_mode': 'recency'}"
interference,interference,full_history_reference_baseline,num_overwrites,3,174263,1.0,0.0,1.952,1,"{'model_name': 'full_history_reference_baseline', 'state_dim': 32, 'seed': 174263, 'num_overwrites': 3, 'spacing': 3, 'target_mode': 'recency'}"
interference,interference,full_history_reference_baseline,num_overwrites,3,182182,0.0,1.0,2.016,1,"{'model_name': 'full_history_reference_baseline', 'state_dim': 32, 'seed': 182182, 'num_overwrites': 3, 'spacing': 3, 'target_mode': 'recency'}"
interference,interference,full_history_reference_baseline,num_overwrites,3,190101,0.0,1.0,1.852,1,"{'model_name': 'full_history_reference_baseline', 'state_dim': 32, 'seed': 190101, 'num_overwrites': 3, 'spacing': 3, 'target_mode': 'recency'}"
interference,interference,full_history_reference_baseline,num_overwrites,3,198020,0.0,1.0,1.838,1,"{'model_name': 'full_history_reference_baseline', 'state_dim': 32, 'seed': 198020, 'num_overwrites': 3, 'spacing': 3, 'target_mode': 'recency'}"
interference,interference,full_history_reference_baseline,num_overwrites,3,205939,0.0,1.0,1.808,1,"{'model_name': 'full_history_reference_baseline', 'state_dim': 32, 'seed': 205939, 'num_overwrites': 3, 'spacing': 3, 'target_mode': 'recency'}"
interference,interference,full_history_reference_baseline,num_overwrites,3,213858,0.0,1.0,1.836,1,"{'model_name': 'full_history_reference_baseline', 'state_dim': 32, 'seed': 213858, 'num_overwrites': 3, 'spacing': 3, 'target_mode': 'recency'}"
interference,interference,full_history_reference_baseline,num_overwrites,3,221777,0.0,1.0,1.81,1,"{'model_name': 'full_history_reference_baseline', 'state_dim': 32, 'seed': 221777, 'num_overwrites': 3, 'spacing': 3, 'target_mode': 'recency'}"
interference,interference,full_history_reference_baseline,num_overwrites,3,229696,1.0,0.0,1.796,1,"{'model_name': 'full_history_reference_baseline', 'state_dim': 32, 'seed': 229696, 'num_overwrites': 3, 'spacing': 3, 'target_mode': 'recency'}"
interference,interference,full_history_reference_baseline,num_overwrites,4,46,0.0,1.0,2.713,1,"{'model_name': 'full_history_reference_baseline', 'state_dim': 32, 'seed': 46, 'num_overwrites': 4, 'spacing': 3, 'target_mode': 'recency'}"
interference,interference,full_history_reference_baseline,num_overwrites,4,7965,0.0,1.0,2.474,1,"{'model_name': 'full_history_reference_baseline', 'state_dim': 32, 'seed': 7965, 'num_overwrites': 4, 'spacing': 3, 'target_mode': 'recency'}"
interference,interference,full_history_reference_baseline,num_overwrites,4,15884,0.0,1.0,2.361,1,"{'model_name': 'full_history_reference_baseline', 'state_dim': 32, 'seed': 15884, 'num_overwrites': 4, 'spacing': 3, 'target_mode': 'recency'}"
interference,interference,full_history_reference_baseline,num_overwrites,4,23803,0.0,1.0,2.342,1,"{'model_name': 'full_history_reference_baseline', 'state_dim': 32, 'seed': 23803, 'num_overwrites': 4, 'spacing': 3, 'target_mode': 'recency'}"
interference,interference,full_history_reference_baseline,num_overwrites,4,31722,0.0,1.0,2.341,1,"{'model_name': 'full_history_reference_baseline', 'state_dim': 32, 'seed': 31722, 'num_overwrites': 4, 'spacing': 3, 'target_mode': 'recency'}"
interference,interference,full_history_reference_baseline,num_overwrites,4,39641,0.0,1.0,2.466,1,"{'model_name': 'full_history_reference_baseline', 'state_dim': 32, 'seed': 39641, 'num_overwrites': 4, 'spacing': 3, 'target_mode': 'recency'}"
interference,interference,full_history_reference_baseline,num_overwrites,4,47560,0.0,1.0,2.326,1,"{'model_name': 'full_history_reference_baseline', 'state_dim': 32, 'seed': 47560, 'num_overwrites': 4, 'spacing': 3, 'target_mode': 'recency'}"
interference,interference,full_history_reference_baseline,num_overwrites,4,55479,0.0,1.0,2.311,1,"{'model_name': 'full_history_reference_baseline', 'state_dim': 32, 'seed': 55479, 'num_overwrites': 4, 'spacing': 3, 'target_mode': 'recency'}"
interference,interference,full_history_reference_baseline,num_overwrites,4,63398,1.0,0.0,2.374,1,"{'model_name': 'full_history_reference_baseline', 'state_dim': 32, 'seed': 63398, 'num_overwrites': 4, 'spacing': 3, 'target_mode': 'recency'}"
interference,interference,full_history_reference_baseline,num_overwrites,4,71317,0.0,1.0,2.309,1,"{'model_name': 'full_history_reference_baseline', 'state_dim': 32, 'seed': 71317, 'num_overwrites': 4, 'spacing': 3, 'target_mode': 'recency'}"
interference,interference,full_history_reference_baseline,num_overwrites,4,79236,1.0,0.0,2.365,1,"{'model_name': 'full_history_reference_baseline', 'state_dim': 32, 'seed': 79236, 'num_overwrites': 4, 'spacing': 3, 'target_mode': 'recency'}"
interference,interference,full_history_reference_baseline,num_overwrites,4,87155,0.0,1.0,2.323,1,"{'model_name': 'full_history_reference_baseline', 'state_dim': 32, 'seed': 87155, 'num_overwrites': 4, 'spacing': 3, 'target_mode': 'recency'}"
interference,interference,full_history_reference_baseline,num_overwrites,4,95074,1.0,0.0,2.353,1,"{'model_name': 'full_history_reference_baseline', 'state_dim': 32, 'seed': 95074, 'num_overwrites': 4, 'spacing': 3, 'target_mode': 'recency'}"
interference,interference,full_history_reference_baseline,num_overwrites,4,102993,0.0,1.0,2.299,1,"{'model_name': 'full_history_reference_baseline', 'state_dim': 32, 'seed': 102993, 'num_overwrites': 4, 'spacing': 3, 'target_mode': 'recency'}"
interference,interference,full_history_reference_baseline,num_overwrites,4,110912,0.0,1.0,2.317,1,"{'model_name': 'full_history_reference_baseline', 'state_dim': 32, 'seed': 110912, 'num_overwrites': 4, 'spacing': 3, 'target_mode': 'recency'}"
interference,interference,full_history_reference_baseline,num_overwrites,4,118831,0.0,1.0,2.376,1,"{'model_name': 'full_history_reference_baseline', 'state_dim': 32, 'seed': 118831, 'num_overwrites': 4, 'spacing': 3, 'target_mode': 'recency'}"
interference,interference,full_history_reference_baseline,num_overwrites,4,126750,0.0,1.0,2.462,1,"{'model_name': 'full_history_reference_baseline', 'state_dim': 32, 'seed': 126750, 'num_overwrites': 4, 'spacing': 3, 'target_mode': 'recency'}"
interference,interference,full_history_reference_baseline,num_overwrites,4,134669,0.0,1.0,2.491,1,"{'model_name': 'full_history_reference_baseline', 'state_dim': 32, 'seed': 134669, 'num_overwrites': 4, 'spacing': 3, 'target_mode': 'recency'}"
interference,interference,full_history_reference_baseline,num_overwrites,4,142588,0.0,1.0,2.383,1,"{'model_name': 'full_history_reference_baseline', 'state_dim': 32, 'seed': 142588, 'num_overwrites': 4, 'spacing': 3, 'target_mode': 'recency'}"
interference,interference,full_history_reference_baseline,num_overwrites,4,150507,0.0,1.0,2.329,1,"{'model_name': 'full_history_reference_baseline', 'state_dim': 32, 'seed': 150507, 'num_overwrites': 4, 'spacing': 3, 'target_mode': 'recency'}"
interference,interference,full_history_reference_baseline,num_overwrites,4,158426,0.0,1.0,2.341,1,"{'model_name': 'full_history_reference_baseline', 'state_dim': 32, 'seed': 158426, 'num_overwrites': 4, 'spacing': 3, 'target_mode': 'recency'}"
interference,interference,full_history_reference_baseline,num_overwrites,4,166345,1.0,0.0,2.33,1,"{'model_name': 'full_history_reference_baseline', 'state_dim': 32, 'seed': 166345, 'num_overwrites': 4, 'spacing': 3, 'target_mode': 'recency'}"
interference,interference,full_history_reference_baseline,num_overwrites,4,174264,0.0,1.0,2.344,1,"{'model_name': 'full_history_reference_baseline', 'state_dim': 32, 'seed': 174264, 'num_overwrites': 4, 'spacing': 3, 'target_mode': 'recency'}"
interference,interference,full_history_reference_baseline,num_overwrites,4,182183,0.0,1.0,2.321,1,"{'model_name': 'full_history_reference_baseline', 'state_dim': 32, 'seed': 182183, 'num_overwrites': 4, 'spacing': 3, 'target_mode': 'recency'}"
interference,interference,full_history_reference_baseline,num_overwrites,4,190102,0.0,1.0,8.172,1,"{'model_name': 'full_history_reference_baseline', 'state_dim': 32, 'seed': 190102, 'num_overwrites': 4, 'spacing': 3, 'target_mode': 'recency'}"
interference,interference,full_history_reference_baseline,num_overwrites,4,198021,0.0,1.0,10.364,1,"{'model_name': 'full_history_reference_baseline', 'state_dim': 32, 'seed': 198021, 'num_overwrites': 4, 'spacing': 3, 'target_mode': 'recency'}"
interference,interference,full_history_reference_baseline,num_overwrites,4,205940,0.0,1.0,9.845,1,"{'model_name': 'full_history_reference_baseline', 'state_dim': 32, 'seed': 205940, 'num_overwrites': 4, 'spacing': 3, 'target_mode': 'recency'}"
interference,interference,full_history_reference_baseline,num_overwrites,4,213859,1.0,0.0,2.668,1,"{'model_name': 'full_history_reference_baseline', 'state_dim': 32, 'seed': 213859, 'num_overwrites': 4, 'spacing': 3, 'target_mode': 'recency'}"
interference,interference,full_history_reference_baseline,num_overwrites,4,221778,0.0,1.0,2.468,1,"{'model_name': 'full_history_reference_baseline', 'state_dim': 32, 'seed': 221778, 'num_overwrites': 4, 'spacing': 3, 'target_mode': 'recency'}"
interference,interference,full_history_reference_baseline,num_overwrites,4,229697,0.0,1.0,2.417,1,"{'model_name': 'full_history_reference_baseline', 'state_dim': 32, 'seed': 229697, 'num_overwrites': 4, 'spacing': 3, 'target_mode': 'recency'}"
interference,interference,full_history_reference_baseline,num_overwrites,6,48,1.0,0.0,3.762,1,"{'model_name': 'full_history_reference_baseline', 'state_dim': 32, 'seed': 48, 'num_overwrites': 6, 'spacing': 3, 'target_mode': 'recency'}"
interference,interference,full_history_reference_baseline,num_overwrites,6,7967,0.0,1.0,3.54,1,"{'model_name': 'full_history_reference_baseline', 'state_dim': 32, 'seed': 7967, 'num_overwrites': 6, 'spacing': 3, 'target_mode': 'recency'}"
interference,interference,full_history_reference_baseline,num_overwrites,6,15886,0.0,1.0,7.021,1,"{'model_name': 'full_history_reference_baseline', 'state_dim': 32, 'seed': 15886, 'num_overwrites': 6, 'spacing': 3, 'target_mode': 'recency'}"
interference,interference,full_history_reference_baseline,num_overwrites,6,23805,1.0,0.0,15.788,1,"{'model_name': 'full_history_reference_baseline', 'state_dim': 32, 'seed': 23805, 'num_overwrites': 6, 'spacing': 3, 'target_mode': 'recency'}"
interference,interference,full_history_reference_baseline,num_overwrites,6,31724,0.0,1.0,16.447,1,"{'model_name': 'full_history_reference_baseline', 'state_dim': 32, 'seed': 31724, 'num_overwrites': 6, 'spacing': 3, 'target_mode': 'recency'}"
interference,interference,full_history_reference_baseline,num_overwrites,6,39643,1.0,0.0,15.648,1,"{'model_name': 'full_history_reference_baseline', 'state_dim': 32, 'seed': 39643, 'num_overwrites': 6, 'spacing': 3, 'target_mode': 'recency'}"
interference,interference,full_history_reference_baseline,num_overwrites,6,47562,0.0,1.0,15.965,1,"{'model_name': 'full_history_reference_baseline', 'state_dim': 32, 'seed': 47562, 'num_overwrites': 6, 'spacing': 3, 'target_mode': 'recency'}"
interference,interference,full_history_reference_baseline,num_overwrites,6,55481,0.0,1.0,10.255,1,"{'model_name': 'full_history_reference_baseline', 'state_dim': 32, 'seed': 55481, 'num_overwrites': 6, 'spacing': 3, 'target_mode': 'recency'}"
interference,interference,full_history_reference_baseline,num_overwrites,6,63400,0.0,1.0,2.631,1,"{'model_name': 'full_history_reference_baseline', 'state_dim': 32, 'seed': 63400, 'num_overwrites': 6, 'spacing': 3, 'target_mode': 'recency'}"
interference,interference,full_history_reference_baseline,num_overwrites,6,71319,0.0,1.0,2.581,1,"{'model_name': 'full_history_reference_baseline', 'state_dim': 32, 'seed': 71319, 'num_overwrites': 6, 'spacing': 3, 'target_mode': 'recency'}"
interference,interference,full_history_reference_baseline,num_overwrites,6,79238,0.0,1.0,2.491,1,"{'model_name': 'full_history_reference_baseline', 'state_dim': 32, 'seed': 79238, 'num_overwrites': 6, 'spacing': 3, 'target_mode': 'recency'}"
interference,interference,full_history_reference_baseline,num_overwrites,6,87157,0.0,1.0,2.582,1,"{'model_name': 'full_history_reference_baseline', 'state_dim': 32, 'seed': 87157, 'num_overwrites': 6, 'spacing': 3, 'target_mode': 'recency'}"
interference,interference,full_history_reference_baseline,num_overwrites,6,95076,0.0,1.0,2.943,1,"{'model_name': 'full_history_reference_baseline', 'state_dim': 32, 'seed': 95076, 'num_overwrites': 6, 'spacing': 3, 'target_mode': 'recency'}"
interference,interference,full_history_reference_baseline,num_overwrites,6,102995,0.0,1.0,3.458,1,"{'model_name': 'full_history_reference_baseline', 'state_dim': 32, 'seed': 102995, 'num_overwrites': 6, 'spacing': 3, 'target_mode': 'recency'}"
interference,interference,full_history_reference_baseline,num_overwrites,6,110914,0.0,1.0,3.424,1,"{'model_name': 'full_history_reference_baseline', 'state_dim': 32, 'seed': 110914, 'num_overwrites': 6, 'spacing': 3, 'target_mode': 'recency'}"
interference,interference,full_history_reference_baseline,num_overwrites,6,118833,1.0,0.0,3.311,1,"{'model_name': 'full_history_reference_baseline', 'state_dim': 32, 'seed': 118833, 'num_overwrites': 6, 'spacing': 3, 'target_mode': 'recency'}"
interference,interference,full_history_reference_baseline,num_overwrites,6,126752,0.0,1.0,3.277,1,"{'model_name': 'full_history_reference_baseline', 'state_dim': 32, 'seed': 126752, 'num_overwrites': 6, 'spacing': 3, 'target_mode': 'recency'}"
interference,interference,full_history_reference_baseline,num_overwrites,6,134671,0.0,1.0,3.401,1,"{'model_name': 'full_history_reference_baseline', 'state_dim': 32, 'seed': 134671, 'num_overwrites': 6, 'spacing': 3, 'target_mode': 'recency'}"
interference,interference,full_history_reference_baseline,num_overwrites,6,142590,1.0,0.0,3.524,1,"{'model_name': 'full_history_reference_baseline', 'state_dim': 32, 'seed': 142590, 'num_overwrites': 6, 'spacing': 3, 'target_mode': 'recency'}"
interference,interference,full_history_reference_baseline,num_overwrites,6,150509,0.0,1.0,3.395,1,"{'model_name': 'full_history_reference_baseline', 'state_dim': 32, 'seed': 150509, 'num_overwrites': 6, 'spacing': 3, 'target_mode': 'recency'}"
interference,interference,full_history_reference_baseline,num_overwrites,6,158428,0.0,1.0,3.471,1,"{'model_name': 'full_history_reference_baseline', 'state_dim': 32, 'seed': 158428, 'num_overwrites': 6, 'spacing': 3, 'target_mode': 'recency'}"
interference,interference,full_history_reference_baseline,num_overwrites,6,166347,1.0,0.0,5.974,1,"{'model_name': 'full_history_reference_baseline', 'state_dim': 32, 'seed': 166347, 'num_overwrites': 6, 'spacing': 3, 'target_mode': 'recency'}"
interference,interference,full_history_reference_baseline,num_overwrites,6,174266,0.0,1.0,6.691,1,"{'model_name': 'full_history_reference_baseline', 'state_dim': 32, 'seed': 174266, 'num_overwrites': 6, 'spacing': 3, 'target_mode': 'recency'}"
interference,interference,full_history_reference_baseline,num_overwrites,6,182185,0.0,1.0,2.64,1,"{'model_name': 'full_history_reference_baseline', 'state_dim': 32, 'seed': 182185, 'num_overwrites': 6, 'spacing': 3, 'target_mode': 'recency'}"
interference,interference,full_history_reference_baseline,num_overwrites,6,190104,0.0,1.0,2.727,1,"{'model_name': 'full_history_reference_baseline', 'state_dim': 32, 'seed': 190104, 'num_overwrites': 6, 'spacing': 3, 'target_mode': 'recency'}"
interference,interference,full_history_reference_baseline,num_overwrites,6,198023,0.0,1.0,3.498,1,"{'model_name': 'full_history_reference_baseline', 'state_dim': 32, 'seed': 198023, 'num_overwrites': 6, 'spacing': 3, 'target_mode': 'recency'}"
interference,interference,full_history_reference_baseline,num_overwrites,6,205942,0.0,1.0,3.417,1,"{'model_name': 'full_history_reference_baseline', 'state_dim': 32, 'seed': 205942, 'num_overwrites': 6, 'spacing': 3, 'target_mode': 'recency'}"
interference,interference,full_history_reference_baseline,num_overwrites,6,213861,0.0,1.0,3.382,1,"{'model_name': 'full_history_reference_baseline', 'state_dim': 32, 'seed': 213861, 'num_overwrites': 6, 'spacing': 3, 'target_mode': 'recency'}"
interference,interference,full_history_reference_baseline,num_overwrites,6,221780,0.0,1.0,3.363,1,"{'model_name': 'full_history_reference_baseline', 'state_dim': 32, 'seed': 221780, 'num_overwrites': 6, 'spacing': 3, 'target_mode': 'recency'}"
interference,interference,full_history_reference_baseline,num_overwrites,6,229699,0.0,1.0,3.379,1,"{'model_name': 'full_history_reference_baseline', 'state_dim': 32, 'seed': 229699, 'num_overwrites': 6, 'spacing': 3, 'target_mode': 'recency'}"
interference,interference,full_history_reference_baseline,num_overwrites,8,50,1.0,0.0,4.832,1,"{'model_name': 'full_history_reference_baseline', 'state_dim': 32, 'seed': 50, 'num_overwrites': 8, 'spacing': 3, 'target_mode': 'recency'}"
interference,interference,full_history_reference_baseline,num_overwrites,8,7969,0.0,1.0,4.427,1,"{'model_name': 'full_history_reference_baseline', 'state_dim': 32, 'seed': 7969, 'num_overwrites': 8, 'spacing': 3, 'target_mode': 'recency'}"
interference,interference,full_history_reference_baseline,num_overwrites,8,15888,0.0,1.0,10.541,1,"{'model_name': 'full_history_reference_baseline', 'state_dim': 32, 'seed': 15888, 'num_overwrites': 8, 'spacing': 3, 'target_mode': 'recency'}"
interference,interference,full_history_reference_baseline,num_overwrites,8,23807,0.0,1.0,19.81,1,"{'model_name': 'full_history_reference_baseline', 'state_dim': 32, 'seed': 23807, 'num_overwrites': 8, 'spacing': 3, 'target_mode': 'recency'}"
interference,interference,full_history_reference_baseline,num_overwrites,8,31726,0.0,1.0,9.807,1,"{'model_name': 'full_history_reference_baseline', 'state_dim': 32, 'seed': 31726, 'num_overwrites': 8, 'spacing': 3, 'target_mode': 'recency'}"
interference,interference,full_history_reference_baseline,num_overwrites,8,39645,0.0,1.0,4.462,1,"{'model_name': 'full_history_reference_baseline', 'state_dim': 32, 'seed': 39645, 'num_overwrites': 8, 'spacing': 3, 'target_mode': 'recency'}"
interference,interference,full_history_reference_baseline,num_overwrites,8,47564,0.0,1.0,4.418,1,"{'model_name': 'full_history_reference_baseline', 'state_dim': 32, 'seed': 47564, 'num_overwrites': 8, 'spacing': 3, 'target_mode': 'recency'}"
interference,interference,full_history_reference_baseline,num_overwrites,8,55483,0.0,1.0,5.012,1,"{'model_name': 'full_history_reference_baseline', 'state_dim': 32, 'seed': 55483, 'num_overwrites': 8, 'spacing': 3, 'target_mode': 'recency'}"
interference,interference,full_history_reference_baseline,num_overwrites,8,63402,0.0,1.0,4.542,1,"{'model_name': 'full_history_reference_baseline', 'state_dim': 32, 'seed': 63402, 'num_overwrites': 8, 'spacing': 3, 'target_mode': 'recency'}"
interference,interference,full_history_reference_baseline,num_overwrites,8,71321,0.0,1.0,4.429,1,"{'model_name': 'full_history_reference_baseline', 'state_dim': 32, 'seed': 71321, 'num_overwrites': 8, 'spacing': 3, 'target_mode': 'recency'}"
interference,interference,full_history_reference_baseline,num_overwrites,8,79240,0.0,1.0,4.366,1,"{'model_name': 'full_history_reference_baseline', 'state_dim': 32, 'seed': 79240, 'num_overwrites': 8, 'spacing': 3, 'target_mode': 'recency'}"
interference,interference,full_history_reference_baseline,num_overwrites,8,87159,0.0,1.0,4.435,1,"{'model_name': 'full_history_reference_baseline', 'state_dim': 32, 'seed': 87159, 'num_overwrites': 8, 'spacing': 3, 'target_mode': 'recency'}"
interference,interference,full_history_reference_baseline,num_overwrites,8,95078,0.0,1.0,4.321,1,"{'model_name': 'full_history_reference_baseline', 'state_dim': 32, 'seed': 95078, 'num_overwrites': 8, 'spacing': 3, 'target_mode': 'recency'}"
interference,interference,full_history_reference_baseline,num_overwrites,8,102997,0.0,1.0,4.589,1,"{'model_name': 'full_history_reference_baseline', 'state_dim': 32, 'seed': 102997, 'num_overwrites': 8, 'spacing': 3, 'target_mode': 'recency'}"
interference,interference,full_history_reference_baseline,num_overwrites,8,110916,0.0,1.0,4.528,1,"{'model_name': 'full_history_reference_baseline', 'state_dim': 32, 'seed': 110916, 'num_overwrites': 8, 'spacing': 3, 'target_mode': 'recency'}"
interference,interference,full_history_reference_baseline,num_overwrites,8,118835,1.0,0.0,4.312,1,"{'model_name': 'full_history_reference_baseline', 'state_dim': 32, 'seed': 118835, 'num_overwrites': 8, 'spacing': 3, 'target_mode': 'recency'}"
interference,interference,full_history_reference_baseline,num_overwrites,8,126754,0.0,1.0,7.693,1,"{'model_name': 'full_history_reference_baseline', 'state_dim': 32, 'seed': 126754, 'num_overwrites': 8, 'spacing': 3, 'target_mode': 'recency'}"
interference,interference,full_history_reference_baseline,num_overwrites,8,134673,0.0,1.0,20.996,1,"{'model_name': 'full_history_reference_baseline', 'state_dim': 32, 'seed': 134673, 'num_overwrites': 8, 'spacing': 3, 'target_mode': 'recency'}"
interference,interference,full_history_reference_baseline,num_overwrites,8,142592,0.0,1.0,19.206,1,"{'model_name': 'full_history_reference_baseline', 'state_dim': 32, 'seed': 142592, 'num_overwrites': 8, 'spacing': 3, 'target_mode': 'recency'}"
interference,interference,full_history_reference_baseline,num_overwrites,8,150511,0.0,1.0,18.793,1,"{'model_name': 'full_history_reference_baseline', 'state_dim': 32, 'seed': 150511, 'num_overwrites': 8, 'spacing': 3, 'target_mode': 'recency'}"
interference,interference,full_history_reference_baseline,num_overwrites,8,158430,0.0,1.0,19.011,1,"{'model_name': 'full_history_reference_baseline', 'state_dim': 32, 'seed': 158430, 'num_overwrites': 8, 'spacing': 3, 'target_mode': 'recency'}"
interference,interference,full_history_reference_baseline,num_overwrites,8,166349,0.0,1.0,3.848,1,"{'model_name': 'full_history_reference_baseline', 'state_dim': 32, 'seed': 166349, 'num_overwrites': 8, 'spacing': 3, 'target_mode': 'recency'}"
interference,interference,full_history_reference_baseline,num_overwrites,8,174268,0.0,1.0,3.569,1,"{'model_name': 'full_history_reference_baseline', 'state_dim': 32, 'seed': 174268, 'num_overwrites': 8, 'spacing': 3, 'target_mode': 'recency'}"
interference,interference,full_history_reference_baseline,num_overwrites,8,182187,0.0,1.0,3.457,1,"{'model_name': 'full_history_reference_baseline', 'state_dim': 32, 'seed': 182187, 'num_overwrites': 8, 'spacing': 3, 'target_mode': 'recency'}"
interference,interference,full_history_reference_baseline,num_overwrites,8,190106,0.0,1.0,3.426,1,"{'model_name': 'full_history_reference_baseline', 'state_dim': 32, 'seed': 190106, 'num_overwrites': 8, 'spacing': 3, 'target_mode': 'recency'}"
interference,interference,full_history_reference_baseline,num_overwrites,8,198025,0.0,1.0,3.559,1,"{'model_name': 'full_history_reference_baseline', 'state_dim': 32, 'seed': 198025, 'num_overwrites': 8, 'spacing': 3, 'target_mode': 'recency'}"
interference,interference,full_history_reference_baseline,num_overwrites,8,205944,0.0,1.0,3.334,1,"{'model_name': 'full_history_reference_baseline', 'state_dim': 32, 'seed': 205944, 'num_overwrites': 8, 'spacing': 3, 'target_mode': 'recency'}"
interference,interference,full_history_reference_baseline,num_overwrites,8,213863,0.0,1.0,3.372,1,"{'model_name': 'full_history_reference_baseline', 'state_dim': 32, 'seed': 213863, 'num_overwrites': 8, 'spacing': 3, 'target_mode': 'recency'}"
interference,interference,full_history_reference_baseline,num_overwrites,8,221782,0.0,1.0,3.341,1,"{'model_name': 'full_history_reference_baseline', 'state_dim': 32, 'seed': 221782, 'num_overwrites': 8, 'spacing': 3, 'target_mode': 'recency'}"
interference,interference,full_history_reference_baseline,num_overwrites,8,229701,0.0,1.0,3.368,1,"{'model_name': 'full_history_reference_baseline', 'state_dim': 32, 'seed': 229701, 'num_overwrites': 8, 'spacing': 3, 'target_mode': 'recency'}"
interference,interference,full_history_reference_baseline,num_overwrites,10,52,0.0,1.0,6.393,1,"{'model_name': 'full_history_reference_baseline', 'state_dim': 32, 'seed': 52, 'num_overwrites': 10, 'spacing': 3, 'target_mode': 'recency'}"
interference,interference,full_history_reference_baseline,num_overwrites,10,7971,0.0,1.0,5.868,1,"{'model_name': 'full_history_reference_baseline', 'state_dim': 32, 'seed': 7971, 'num_overwrites': 10, 'spacing': 3, 'target_mode': 'recency'}"
interference,interference,full_history_reference_baseline,num_overwrites,10,15890,0.0,1.0,5.531,1,"{'model_name': 'full_history_reference_baseline', 'state_dim': 32, 'seed': 15890, 'num_overwrites': 10, 'spacing': 3, 'target_mode': 'recency'}"
interference,interference,full_history_reference_baseline,num_overwrites,10,23809,0.0,1.0,5.453,1,"{'model_name': 'full_history_reference_baseline', 'state_dim': 32, 'seed': 23809, 'num_overwrites': 10, 'spacing': 3, 'target_mode': 'recency'}"
interference,interference,full_history_reference_baseline,num_overwrites,10,31728,0.0,1.0,12.87,1,"{'model_name': 'full_history_reference_baseline', 'state_dim': 32, 'seed': 31728, 'num_overwrites': 10, 'spacing': 3, 'target_mode': 'recency'}"
interference,interference,full_history_reference_baseline,num_overwrites,10,39647,0.0,1.0,19.369,1,"{'model_name': 'full_history_reference_baseline', 'state_dim': 32, 'seed': 39647, 'num_overwrites': 10, 'spacing': 3, 'target_mode': 'recency'}"
interference,interference,full_history_reference_baseline,num_overwrites,10,47566,0.0,1.0,5.703,1,"{'model_name': 'full_history_reference_baseline', 'state_dim': 32, 'seed': 47566, 'num_overwrites': 10, 'spacing': 3, 'target_mode': 'recency'}"
interference,interference,full_history_reference_baseline,num_overwrites,10,55485,0.0,1.0,6.094,1,"{'model_name': 'full_history_reference_baseline', 'state_dim': 32, 'seed': 55485, 'num_overwrites': 10, 'spacing': 3, 'target_mode': 'recency'}"
interference,interference,full_history_reference_baseline,num_overwrites,10,63404,0.0,1.0,5.542,1,"{'model_name': 'full_history_reference_baseline', 'state_dim': 32, 'seed': 63404, 'num_overwrites': 10, 'spacing': 3, 'target_mode': 'recency'}"
interference,interference,full_history_reference_baseline,num_overwrites,10,71323,0.0,1.0,5.374,1,"{'model_name': 'full_history_reference_baseline', 'state_dim': 32, 'seed': 71323, 'num_overwrites': 10, 'spacing': 3, 'target_mode': 'recency'}"
interference,interference,full_history_reference_baseline,num_overwrites,10,79242,0.0,1.0,5.539,1,"{'model_name': 'full_history_reference_baseline', 'state_dim': 32, 'seed': 79242, 'num_overwrites': 10, 'spacing': 3, 'target_mode': 'recency'}"
interference,interference,full_history_reference_baseline,num_overwrites,10,87161,0.0,1.0,9.995,1,"{'model_name': 'full_history_reference_baseline', 'state_dim': 32, 'seed': 87161, 'num_overwrites': 10, 'spacing': 3, 'target_mode': 'recency'}"
interference,interference,full_history_reference_baseline,num_overwrites,10,95080,0.0,1.0,23.55,1,"{'model_name': 'full_history_reference_baseline', 'state_dim': 32, 'seed': 95080, 'num_overwrites': 10, 'spacing': 3, 'target_mode': 'recency'}"
interference,interference,full_history_reference_baseline,num_overwrites,10,102999,1.0,0.0,22.904,1,"{'model_name': 'full_history_reference_baseline', 'state_dim': 32, 'seed': 102999, 'num_overwrites': 10, 'spacing': 3, 'target_mode': 'recency'}"
interference,interference,full_history_reference_baseline,num_overwrites,10,110918,0.0,1.0,23.1,1,"{'model_name': 'full_history_reference_baseline', 'state_dim': 32, 'seed': 110918, 'num_overwrites': 10, 'spacing': 3, 'target_mode': 'recency'}"
interference,interference,full_history_reference_baseline,num_overwrites,10,118837,0.0,1.0,16.845,1,"{'model_name': 'full_history_reference_baseline', 'state_dim': 32, 'seed': 118837, 'num_overwrites': 10, 'spacing': 3, 'target_mode': 'recency'}"
interference,interference,full_history_reference_baseline,num_overwrites,10,126756,0.0,1.0,4.258,1,"{'model_name': 'full_history_reference_baseline', 'state_dim': 32, 'seed': 126756, 'num_overwrites': 10, 'spacing': 3, 'target_mode': 'recency'}"
interference,interference,full_history_reference_baseline,num_overwrites,10,134675,0.0,1.0,5.466,1,"{'model_name': 'full_history_reference_baseline', 'state_dim': 32, 'seed': 134675, 'num_overwrites': 10, 'spacing': 3, 'target_mode': 'recency'}"
interference,interference,full_history_reference_baseline,num_overwrites,10,142594,0.0,1.0,4.269,1,"{'model_name': 'full_history_reference_baseline', 'state_dim': 32, 'seed': 142594, 'num_overwrites': 10, 'spacing': 3, 'target_mode': 'recency'}"
interference,interference,full_history_reference_baseline,num_overwrites,10,150513,0.0,1.0,4.102,1,"{'model_name': 'full_history_reference_baseline', 'state_dim': 32, 'seed': 150513, 'num_overwrites': 10, 'spacing': 3, 'target_mode': 'recency'}"
interference,interference,full_history_reference_baseline,num_overwrites,10,158432,0.0,1.0,4.439,1,"{'model_name': 'full_history_reference_baseline', 'state_dim': 32, 'seed': 158432, 'num_overwrites': 10, 'spacing': 3, 'target_mode': 'recency'}"
interference,interference,full_history_reference_baseline,num_overwrites,10,166351,0.0,1.0,3.988,1,"{'model_name': 'full_history_reference_baseline', 'state_dim': 32, 'seed': 166351, 'num_overwrites': 10, 'spacing': 3, 'target_mode': 'recency'}"
interference,interference,full_history_reference_baseline,num_overwrites,10,174270,1.0,0.0,4.028,1,"{'model_name': 'full_history_reference_baseline', 'state_dim': 32, 'seed': 174270, 'num_overwrites': 10, 'spacing': 3, 'target_mode': 'recency'}"
interference,interference,full_history_reference_baseline,num_overwrites,10,182189,1.0,0.0,4.038,1,"{'model_name': 'full_history_reference_baseline', 'state_dim': 32, 'seed': 182189, 'num_overwrites': 10, 'spacing': 3, 'target_mode': 'recency'}"
interference,interference,full_history_reference_baseline,num_overwrites,10,190108,0.0,1.0,4.062,1,"{'model_name': 'full_history_reference_baseline', 'state_dim': 32, 'seed': 190108, 'num_overwrites': 10, 'spacing': 3, 'target_mode': 'recency'}"
interference,interference,full_history_reference_baseline,num_overwrites,10,198027,0.0,1.0,4.169,1,"{'model_name': 'full_history_reference_baseline', 'state_dim': 32, 'seed': 198027, 'num_overwrites': 10, 'spacing': 3, 'target_mode': 'recency'}"
interference,interference,full_history_reference_baseline,num_overwrites,10,205946,0.0,1.0,4.254,1,"{'model_name': 'full_history_reference_baseline', 'state_dim': 32, 'seed': 205946, 'num_overwrites': 10, 'spacing': 3, 'target_mode': 'recency'}"
interference,interference,full_history_reference_baseline,num_overwrites,10,213865,0.0,1.0,4.023,1,"{'model_name': 'full_history_reference_baseline', 'state_dim': 32, 'seed': 213865, 'num_overwrites': 10, 'spacing': 3, 'target_mode': 'recency'}"
interference,interference,full_history_reference_baseline,num_overwrites,10,221784,0.0,1.0,3.987,1,"{'model_name': 'full_history_reference_baseline', 'state_dim': 32, 'seed': 221784, 'num_overwrites': 10, 'spacing': 3, 'target_mode': 'recency'}"
interference,interference,full_history_reference_baseline,num_overwrites,10,229703,0.0,1.0,4.266,1,"{'model_name': 'full_history_reference_baseline', 'state_dim': 32, 'seed': 229703, 'num_overwrites': 10, 'spacing': 3, 'target_mode': 'recency'}"
interference,interference,fixed_size_recurrent_memory,num_overwrites,1,43,0.0,1.0,1.614,1,"{'model_name': 'fixed_size_recurrent_memory', 'state_dim': 32, 'seed': 43, 'num_overwrites': 1, 'spacing': 3, 'target_mode': 'recency'}"
interference,interference,fixed_size_recurrent_memory,num_overwrites,1,7962,0.0,1.0,1.254,1,"{'model_name': 'fixed_size_recurrent_memory', 'state_dim': 32, 'seed': 7962, 'num_overwrites': 1, 'spacing': 3, 'target_mode': 'recency'}"
interference,interference,fixed_size_recurrent_memory,num_overwrites,1,15881,0.0,1.0,1.087,1,"{'model_name': 'fixed_size_recurrent_memory', 'state_dim': 32, 'seed': 15881, 'num_overwrites': 1, 'spacing': 3, 'target_mode': 'recency'}"
interference,interference,fixed_size_recurrent_memory,num_overwrites,1,23800,1.0,0.0,1.235,1,"{'model_name': 'fixed_size_recurrent_memory', 'state_dim': 32, 'seed': 23800, 'num_overwrites': 1, 'spacing': 3, 'target_mode': 'recency'}"
interference,interference,fixed_size_recurrent_memory,num_overwrites,1,31719,0.0,1.0,1.144,1,"{'model_name': 'fixed_size_recurrent_memory', 'state_dim': 32, 'seed': 31719, 'num_overwrites': 1, 'spacing': 3, 'target_mode': 'recency'}"
interference,interference,fixed_size_recurrent_memory,num_overwrites,1,39638,0.0,1.0,1.095,1,"{'model_name': 'fixed_size_recurrent_memory', 'state_dim': 32, 'seed': 39638, 'num_overwrites': 1, 'spacing': 3, 'target_mode': 'recency'}"
interference,interference,fixed_size_recurrent_memory,num_overwrites,1,47557,0.0,1.0,1.206,1,"{'model_name': 'fixed_size_recurrent_memory', 'state_dim': 32, 'seed': 47557, 'num_overwrites': 1, 'spacing': 3, 'target_mode': 'recency'}"
interference,interference,fixed_size_recurrent_memory,num_overwrites,1,55476,0.0,1.0,1.092,1,"{'model_name': 'fixed_size_recurrent_memory', 'state_dim': 32, 'seed': 55476, 'num_overwrites': 1, 'spacing': 3, 'target_mode': 'recency'}"
interference,interference,fixed_size_recurrent_memory,num_overwrites,1,63395,0.0,1.0,1.116,1,"{'model_name': 'fixed_size_recurrent_memory', 'state_dim': 32, 'seed': 63395, 'num_overwrites': 1, 'spacing': 3, 'target_mode': 'recency'}"
interference,interference,fixed_size_recurrent_memory,num_overwrites,1,71314,0.0,1.0,1.109,1,"{'model_name': 'fixed_size_recurrent_memory', 'state_dim': 32, 'seed': 71314, 'num_overwrites': 1, 'spacing': 3, 'target_mode': 'recency'}"
interference,interference,fixed_size_recurrent_memory,num_overwrites,1,79233,0.0,1.0,1.035,1,"{'model_name': 'fixed_size_recurrent_memory', 'state_dim': 32, 'seed': 79233, 'num_overwrites': 1, 'spacing': 3, 'target_mode': 'recency'}"
interference,interference,fixed_size_recurrent_memory,num_overwrites,1,87152,0.0,1.0,1.106,1,"{'model_name': 'fixed_size_recurrent_memory', 'state_dim': 32, 'seed': 87152, 'num_overwrites': 1, 'spacing': 3, 'target_mode': 'recency'}"
interference,interference,fixed_size_recurrent_memory,num_overwrites,1,95071,0.0,1.0,1.188,1,"{'model_name': 'fixed_size_recurrent_memory', 'state_dim': 32, 'seed': 95071, 'num_overwrites': 1, 'spacing': 3, 'target_mode': 'recency'}"
interference,interference,fixed_size_recurrent_memory,num_overwrites,1,102990,0.0,1.0,1.139,1,"{'model_name': 'fixed_size_recurrent_memory', 'state_dim': 32, 'seed': 102990, 'num_overwrites': 1, 'spacing': 3, 'target_mode': 'recency'}"
interference,interference,fixed_size_recurrent_memory,num_overwrites,1,110909,0.0,1.0,2.63,1,"{'model_name': 'fixed_size_recurrent_memory', 'state_dim': 32, 'seed': 110909, 'num_overwrites': 1, 'spacing': 3, 'target_mode': 'recency'}"
interference,interference,fixed_size_recurrent_memory,num_overwrites,1,118828,0.0,1.0,4.271,1,"{'model_name': 'fixed_size_recurrent_memory', 'state_dim': 32, 'seed': 118828, 'num_overwrites': 1, 'spacing': 3, 'target_mode': 'recency'}"
interference,interference,fixed_size_recurrent_memory,num_overwrites,1,126747,0.0,1.0,4.327,1,"{'model_name': 'fixed_size_recurrent_memory', 'state_dim': 32, 'seed': 126747, 'num_overwrites': 1, 'spacing': 3, 'target_mode': 'recency'}"
interference,interference,fixed_size_recurrent_memory,num_overwrites,1,134666,0.0,1.0,4.36,1,"{'model_name': 'fixed_size_recurrent_memory', 'state_dim': 32, 'seed': 134666, 'num_overwrites': 1, 'spacing': 3, 'target_mode': 'recency'}"
interference,interference,fixed_size_recurrent_memory,num_overwrites,1,142585,0.0,1.0,4.259,1,"{'model_name': 'fixed_size_recurrent_memory', 'state_dim': 32, 'seed': 142585, 'num_overwrites': 1, 'spacing': 3, 'target_mode': 'recency'}"
interference,interference,fixed_size_recurrent_memory,num_overwrites,1,150504,0.0,1.0,4.148,1,"{'model_name': 'fixed_size_recurrent_memory', 'state_dim': 32, 'seed': 150504, 'num_overwrites': 1, 'spacing': 3, 'target_mode': 'recency'}"
interference,interference,fixed_size_recurrent_memory,num_overwrites,1,158423,0.0,1.0,4.238,1,"{'model_name': 'fixed_size_recurrent_memory', 'state_dim': 32, 'seed': 158423, 'num_overwrites': 1, 'spacing': 3, 'target_mode': 'recency'}"
interference,interference,fixed_size_recurrent_memory,num_overwrites,1,166342,0.0,1.0,4.459,1,"{'model_name': 'fixed_size_recurrent_memory', 'state_dim': 32, 'seed': 166342, 'num_overwrites': 1, 'spacing': 3, 'target_mode': 'recency'}"
interference,interference,fixed_size_recurrent_memory,num_overwrites,1,174261,0.0,1.0,4.403,1,"{'model_name': 'fixed_size_recurrent_memory', 'state_dim': 32, 'seed': 174261, 'num_overwrites': 1, 'spacing': 3, 'target_mode': 'recency'}"
interference,interference,fixed_size_recurrent_memory,num_overwrites,1,182180,0.0,1.0,4.228,1,"{'model_name': 'fixed_size_recurrent_memory', 'state_dim': 32, 'seed': 182180, 'num_overwrites': 1, 'spacing': 3, 'target_mode': 'recency'}"
interference,interference,fixed_size_recurrent_memory,num_overwrites,1,190099,0.0,1.0,4.386,1,"{'model_name': 'fixed_size_recurrent_memory', 'state_dim': 32, 'seed': 190099, 'num_overwrites': 1, 'spacing': 3, 'target_mode': 'recency'}"
interference,interference,fixed_size_recurrent_memory,num_overwrites,1,198018,0.0,1.0,4.737,1,"{'model_name': 'fixed_size_recurrent_memory', 'state_dim': 32, 'seed': 198018, 'num_overwrites': 1, 'spacing': 3, 'target_mode': 'recency'}"
interference,interference,fixed_size_recurrent_memory,num_overwrites,1,205937,0.0,1.0,4.559,1,"{'model_name': 'fixed_size_recurrent_memory', 'state_dim': 32, 'seed': 205937, 'num_overwrites': 1, 'spacing': 3, 'target_mode': 'recency'}"
interference,interference,fixed_size_recurrent_memory,num_overwrites,1,213856,0.0,1.0,4.498,1,"{'model_name': 'fixed_size_recurrent_memory', 'state_dim': 32, 'seed': 213856, 'num_overwrites': 1, 'spacing': 3, 'target_mode': 'recency'}"
interference,interference,fixed_size_recurrent_memory,num_overwrites,1,221775,0.0,1.0,5.074,1,"{'model_name': 'fixed_size_recurrent_memory', 'state_dim': 32, 'seed': 221775, 'num_overwrites': 1, 'spacing': 3, 'target_mode': 'recency'}"
interference,interference,fixed_size_recurrent_memory,num_overwrites,1,229694,0.0,1.0,4.744,1,"{'model_name': 'fixed_size_recurrent_memory', 'state_dim': 32, 'seed': 229694, 'num_overwrites': 1, 'spacing': 3, 'target_mode': 'recency'}"
interference,interference,fixed_size_recurrent_memory,num_overwrites,2,44,0.0,1.0,2.454,1,"{'model_name': 'fixed_size_recurrent_memory', 'state_dim': 32, 'seed': 44, 'num_overwrites': 2, 'spacing': 3, 'target_mode': 'recency'}"
interference,interference,fixed_size_recurrent_memory,num_overwrites,2,7963,0.0,1.0,1.923,1,"{'model_name': 'fixed_size_recurrent_memory', 'state_dim': 32, 'seed': 7963, 'num_overwrites': 2, 'spacing': 3, 'target_mode': 'recency'}"
interference,interference,fixed_size_recurrent_memory,num_overwrites,2,15882,0.0,1.0,1.763,1,"{'model_name': 'fixed_size_recurrent_memory', 'state_dim': 32, 'seed': 15882, 'num_overwrites': 2, 'spacing': 3, 'target_mode': 'recency'}"
interference,interference,fixed_size_recurrent_memory,num_overwrites,2,23801,0.0,1.0,1.82,1,"{'model_name': 'fixed_size_recurrent_memory', 'state_dim': 32, 'seed': 23801, 'num_overwrites': 2, 'spacing': 3, 'target_mode': 'recency'}"
interference,interference,fixed_size_recurrent_memory,num_overwrites,2,31720,0.0,1.0,1.742,1,"{'model_name': 'fixed_size_recurrent_memory', 'state_dim': 32, 'seed': 31720, 'num_overwrites': 2, 'spacing': 3, 'target_mode': 'recency'}"
interference,interference,fixed_size_recurrent_memory,num_overwrites,2,39639,0.0,1.0,1.751,1,"{'model_name': 'fixed_size_recurrent_memory', 'state_dim': 32, 'seed': 39639, 'num_overwrites': 2, 'spacing': 3, 'target_mode': 'recency'}"
interference,interference,fixed_size_recurrent_memory,num_overwrites,2,47558,0.0,1.0,1.724,1,"{'model_name': 'fixed_size_recurrent_memory', 'state_dim': 32, 'seed': 47558, 'num_overwrites': 2, 'spacing': 3, 'target_mode': 'recency'}"
interference,interference,fixed_size_recurrent_memory,num_overwrites,2,55477,0.0,1.0,1.73,1,"{'model_name': 'fixed_size_recurrent_memory', 'state_dim': 32, 'seed': 55477, 'num_overwrites': 2, 'spacing': 3, 'target_mode': 'recency'}"
interference,interference,fixed_size_recurrent_memory,num_overwrites,2,63396,0.0,1.0,1.971,1,"{'model_name': 'fixed_size_recurrent_memory', 'state_dim': 32, 'seed': 63396, 'num_overwrites': 2, 'spacing': 3, 'target_mode': 'recency'}"
interference,interference,fixed_size_recurrent_memory,num_overwrites,2,71315,0.0,1.0,1.702,1,"{'model_name': 'fixed_size_recurrent_memory', 'state_dim': 32, 'seed': 71315, 'num_overwrites': 2, 'spacing': 3, 'target_mode': 'recency'}"
interference,interference,fixed_size_recurrent_memory,num_overwrites,2,79234,0.0,1.0,1.783,1,"{'model_name': 'fixed_size_recurrent_memory', 'state_dim': 32, 'seed': 79234, 'num_overwrites': 2, 'spacing': 3, 'target_mode': 'recency'}"
interference,interference,fixed_size_recurrent_memory,num_overwrites,2,87153,0.0,1.0,1.646,1,"{'model_name': 'fixed_size_recurrent_memory', 'state_dim': 32, 'seed': 87153, 'num_overwrites': 2, 'spacing': 3, 'target_mode': 'recency'}"
interference,interference,fixed_size_recurrent_memory,num_overwrites,2,95072,0.0,1.0,1.706,1,"{'model_name': 'fixed_size_recurrent_memory', 'state_dim': 32, 'seed': 95072, 'num_overwrites': 2, 'spacing': 3, 'target_mode': 'recency'}"
interference,interference,fixed_size_recurrent_memory,num_overwrites,2,102991,0.0,1.0,1.722,1,"{'model_name': 'fixed_size_recurrent_memory', 'state_dim': 32, 'seed': 102991, 'num_overwrites': 2, 'spacing': 3, 'target_mode': 'recency'}"
interference,interference,fixed_size_recurrent_memory,num_overwrites,2,110910,0.0,1.0,1.71,1,"{'model_name': 'fixed_size_recurrent_memory', 'state_dim': 32, 'seed': 110910, 'num_overwrites': 2, 'spacing': 3, 'target_mode': 'recency'}"
interference,interference,fixed_size_recurrent_memory,num_overwrites,2,118829,0.0,1.0,1.761,1,"{'model_name': 'fixed_size_recurrent_memory', 'state_dim': 32, 'seed': 118829, 'num_overwrites': 2, 'spacing': 3, 'target_mode': 'recency'}"
interference,interference,fixed_size_recurrent_memory,num_overwrites,2,126748,0.0,1.0,1.823,1,"{'model_name': 'fixed_size_recurrent_memory', 'state_dim': 32, 'seed': 126748, 'num_overwrites': 2, 'spacing': 3, 'target_mode': 'recency'}"
interference,interference,fixed_size_recurrent_memory,num_overwrites,2,134667,0.0,1.0,3.188,1,"{'model_name': 'fixed_size_recurrent_memory', 'state_dim': 32, 'seed': 134667, 'num_overwrites': 2, 'spacing': 3, 'target_mode': 'recency'}"
interference,interference,fixed_size_recurrent_memory,num_overwrites,2,142586,0.0,1.0,7.293,1,"{'model_name': 'fixed_size_recurrent_memory', 'state_dim': 32, 'seed': 142586, 'num_overwrites': 2, 'spacing': 3, 'target_mode': 'recency'}"
interference,interference,fixed_size_recurrent_memory,num_overwrites,2,150505,0.0,1.0,7.168,1,"{'model_name': 'fixed_size_recurrent_memory', 'state_dim': 32, 'seed': 150505, 'num_overwrites': 2, 'spacing': 3, 'target_mode': 'recency'}"
interference,interference,fixed_size_recurrent_memory,num_overwrites,2,158424,0.0,1.0,6.858,1,"{'model_name': 'fixed_size_recurrent_memory', 'state_dim': 32, 'seed': 158424, 'num_overwrites': 2, 'spacing': 3, 'target_mode': 'recency'}"
interference,interference,fixed_size_recurrent_memory,num_overwrites,2,166343,0.0,1.0,6.98,1,"{'model_name': 'fixed_size_recurrent_memory', 'state_dim': 32, 'seed': 166343, 'num_overwrites': 2, 'spacing': 3, 'target_mode': 'recency'}"
interference,interference,fixed_size_recurrent_memory,num_overwrites,2,174262,0.0,1.0,7.009,1,"{'model_name': 'fixed_size_recurrent_memory', 'state_dim': 32, 'seed': 174262, 'num_overwrites': 2, 'spacing': 3, 'target_mode': 'recency'}"
interference,interference,fixed_size_recurrent_memory,num_overwrites,2,182181,0.0,1.0,7.012,1,"{'model_name': 'fixed_size_recurrent_memory', 'state_dim': 32, 'seed': 182181, 'num_overwrites': 2, 'spacing': 3, 'target_mode': 'recency'}"
interference,interference,fixed_size_recurrent_memory,num_overwrites,2,190100,0.0,1.0,6.82,1,"{'model_name': 'fixed_size_recurrent_memory', 'state_dim': 32, 'seed': 190100, 'num_overwrites': 2, 'spacing': 3, 'target_mode': 'recency'}"
interference,interference,fixed_size_recurrent_memory,num_overwrites,2,198019,0.0,1.0,7.395,1,"{'model_name': 'fixed_size_recurrent_memory', 'state_dim': 32, 'seed': 198019, 'num_overwrites': 2, 'spacing': 3, 'target_mode': 'recency'}"
interference,interference,fixed_size_recurrent_memory,num_overwrites,2,205938,0.0,1.0,8.74,1,"{'model_name': 'fixed_size_recurrent_memory', 'state_dim': 32, 'seed': 205938, 'num_overwrites': 2, 'spacing': 3, 'target_mode': 'recency'}"
interference,interference,fixed_size_recurrent_memory,num_overwrites,2,213857,0.0,1.0,6.208,1,"{'model_name': 'fixed_size_recurrent_memory', 'state_dim': 32, 'seed': 213857, 'num_overwrites': 2, 'spacing': 3, 'target_mode': 'recency'}"
interference,interference,fixed_size_recurrent_memory,num_overwrites,2,221776,0.0,1.0,2.678,1,"{'model_name': 'fixed_size_recurrent_memory', 'state_dim': 32, 'seed': 221776, 'num_overwrites': 2, 'spacing': 3, 'target_mode': 'recency'}"
interference,interference,fixed_size_recurrent_memory,num_overwrites,2,229695,0.0,1.0,2.91,1,"{'model_name': 'fixed_size_recurrent_memory', 'state_dim': 32, 'seed': 229695, 'num_overwrites': 2, 'spacing': 3, 'target_mode': 'recency'}"
interference,interference,fixed_size_recurrent_memory,num_overwrites,3,45,0.0,1.0,2.821,1,"{'model_name': 'fixed_size_recurrent_memory', 'state_dim': 32, 'seed': 45, 'num_overwrites': 3, 'spacing': 3, 'target_mode': 'recency'}"
interference,interference,fixed_size_recurrent_memory,num_overwrites,3,7964,0.0,1.0,2.545,1,"{'model_name': 'fixed_size_recurrent_memory', 'state_dim': 32, 'seed': 7964, 'num_overwrites': 3, 'spacing': 3, 'target_mode': 'recency'}"
interference,interference,fixed_size_recurrent_memory,num_overwrites,3,15883,0.0,1.0,2.385,1,"{'model_name': 'fixed_size_recurrent_memory', 'state_dim': 32, 'seed': 15883, 'num_overwrites': 3, 'spacing': 3, 'target_mode': 'recency'}"
interference,interference,fixed_size_recurrent_memory,num_overwrites,3,23802,0.0,1.0,2.373,1,"{'model_name': 'fixed_size_recurrent_memory', 'state_dim': 32, 'seed': 23802, 'num_overwrites': 3, 'spacing': 3, 'target_mode': 'recency'}"
interference,interference,fixed_size_recurrent_memory,num_overwrites,3,31721,0.0,1.0,2.966,1,"{'model_name': 'fixed_size_recurrent_memory', 'state_dim': 32, 'seed': 31721, 'num_overwrites': 3, 'spacing': 3, 'target_mode': 'recency'}"
interference,interference,fixed_size_recurrent_memory,num_overwrites,3,39640,0.0,1.0,2.475,1,"{'model_name': 'fixed_size_recurrent_memory', 'state_dim': 32, 'seed': 39640, 'num_overwrites': 3, 'spacing': 3, 'target_mode': 'recency'}"
interference,interference,fixed_size_recurrent_memory,num_overwrites,3,47559,0.0,1.0,3.071,1,"{'model_name': 'fixed_size_recurrent_memory', 'state_dim': 32, 'seed': 47559, 'num_overwrites': 3, 'spacing': 3, 'target_mode': 'recency'}"
interference,interference,fixed_size_recurrent_memory,num_overwrites,3,55478,0.0,1.0,2.734,1,"{'model_name': 'fixed_size_recurrent_memory', 'state_dim': 32, 'seed': 55478, 'num_overwrites': 3, 'spacing': 3, 'target_mode': 'recency'}"
interference,interference,fixed_size_recurrent_memory,num_overwrites,3,63397,0.0,1.0,2.44,1,"{'model_name': 'fixed_size_recurrent_memory', 'state_dim': 32, 'seed': 63397, 'num_overwrites': 3, 'spacing': 3, 'target_mode': 'recency'}"
interference,interference,fixed_size_recurrent_memory,num_overwrites,3,71316,0.0,1.0,2.478,1,"{'model_name': 'fixed_size_recurrent_memory', 'state_dim': 32, 'seed': 71316, 'num_overwrites': 3, 'spacing': 3, 'target_mode': 'recency'}"
interference,interference,fixed_size_recurrent_memory,num_overwrites,3,79235,0.0,1.0,2.385,1,"{'model_name': 'fixed_size_recurrent_memory', 'state_dim': 32, 'seed': 79235, 'num_overwrites': 3, 'spacing': 3, 'target_mode': 'recency'}"
interference,interference,fixed_size_recurrent_memory,num_overwrites,3,87154,0.0,1.0,2.401,1,"{'model_name': 'fixed_size_recurrent_memory', 'state_dim': 32, 'seed': 87154, 'num_overwrites': 3, 'spacing': 3, 'target_mode': 'recency'}"
interference,interference,fixed_size_recurrent_memory,num_overwrites,3,95073,1.0,0.0,2.685,1,"{'model_name': 'fixed_size_recurrent_memory', 'state_dim': 32, 'seed': 95073, 'num_overwrites': 3, 'spacing': 3, 'target_mode': 'recency'}"
interference,interference,fixed_size_recurrent_memory,num_overwrites,3,102992,0.0,1.0,2.337,1,"{'model_name': 'fixed_size_recurrent_memory', 'state_dim': 32, 'seed': 102992, 'num_overwrites': 3, 'spacing': 3, 'target_mode': 'recency'}"
interference,interference,fixed_size_recurrent_memory,num_overwrites,3,110911,0.0,1.0,2.396,1,"{'model_name': 'fixed_size_recurrent_memory', 'state_dim': 32, 'seed': 110911, 'num_overwrites': 3, 'spacing': 3, 'target_mode': 'recency'}"
interference,interference,fixed_size_recurrent_memory,num_overwrites,3,118830,0.0,1.0,2.363,1,"{'model_name': 'fixed_size_recurrent_memory', 'state_dim': 32, 'seed': 118830, 'num_overwrites': 3, 'spacing': 3, 'target_mode': 'recency'}"
interference,interference,fixed_size_recurrent_memory,num_overwrites,3,126749,0.0,1.0,2.492,1,"{'model_name': 'fixed_size_recurrent_memory', 'state_dim': 32, 'seed': 126749, 'num_overwrites': 3, 'spacing': 3, 'target_mode': 'recency'}"
interference,interference,fixed_size_recurrent_memory,num_overwrites,3,134668,0.0,1.0,2.399,1,"{'model_name': 'fixed_size_recurrent_memory', 'state_dim': 32, 'seed': 134668, 'num_overwrites': 3, 'spacing': 3, 'target_mode': 'recency'}"
interference,interference,fixed_size_recurrent_memory,num_overwrites,3,142587,0.0,1.0,2.438,1,"{'model_name': 'fixed_size_recurrent_memory', 'state_dim': 32, 'seed': 142587, 'num_overwrites': 3, 'spacing': 3, 'target_mode': 'recency'}"
interference,interference,fixed_size_recurrent_memory,num_overwrites,3,150506,0.0,1.0,2.48,1,"{'model_name': 'fixed_size_recurrent_memory', 'state_dim': 32, 'seed': 150506, 'num_overwrites': 3, 'spacing': 3, 'target_mode': 'recency'}"
interference,interference,fixed_size_recurrent_memory,num_overwrites,3,158425,0.0,1.0,2.342,1,"{'model_name': 'fixed_size_recurrent_memory', 'state_dim': 32, 'seed': 158425, 'num_overwrites': 3, 'spacing': 3, 'target_mode': 'recency'}"
interference,interference,fixed_size_recurrent_memory,num_overwrites,3,166344,0.0,1.0,2.386,1,"{'model_name': 'fixed_size_recurrent_memory', 'state_dim': 32, 'seed': 166344, 'num_overwrites': 3, 'spacing': 3, 'target_mode': 'recency'}"
interference,interference,fixed_size_recurrent_memory,num_overwrites,3,174263,0.0,1.0,2.397,1,"{'model_name': 'fixed_size_recurrent_memory', 'state_dim': 32, 'seed': 174263, 'num_overwrites': 3, 'spacing': 3, 'target_mode': 'recency'}"
interference,interference,fixed_size_recurrent_memory,num_overwrites,3,182182,0.0,1.0,2.355,1,"{'model_name': 'fixed_size_recurrent_memory', 'state_dim': 32, 'seed': 182182, 'num_overwrites': 3, 'spacing': 3, 'target_mode': 'recency'}"
interference,interference,fixed_size_recurrent_memory,num_overwrites,3,190101,0.0,1.0,2.401,1,"{'model_name': 'fixed_size_recurrent_memory', 'state_dim': 32, 'seed': 190101, 'num_overwrites': 3, 'spacing': 3, 'target_mode': 'recency'}"
interference,interference,fixed_size_recurrent_memory,num_overwrites,3,198020,0.0,1.0,2.426,1,"{'model_name': 'fixed_size_recurrent_memory', 'state_dim': 32, 'seed': 198020, 'num_overwrites': 3, 'spacing': 3, 'target_mode': 'recency'}"
interference,interference,fixed_size_recurrent_memory,num_overwrites,3,205939,0.0,1.0,2.323,1,"{'model_name': 'fixed_size_recurrent_memory', 'state_dim': 32, 'seed': 205939, 'num_overwrites': 3, 'spacing': 3, 'target_mode': 'recency'}"
interference,interference,fixed_size_recurrent_memory,num_overwrites,3,213858,0.0,1.0,2.45,1,"{'model_name': 'fixed_size_recurrent_memory', 'state_dim': 32, 'seed': 213858, 'num_overwrites': 3, 'spacing': 3, 'target_mode': 'recency'}"
interference,interference,fixed_size_recurrent_memory,num_overwrites,3,221777,0.0,1.0,2.395,1,"{'model_name': 'fixed_size_recurrent_memory', 'state_dim': 32, 'seed': 221777, 'num_overwrites': 3, 'spacing': 3, 'target_mode': 'recency'}"
interference,interference,fixed_size_recurrent_memory,num_overwrites,3,229696,0.0,1.0,2.374,1,"{'model_name': 'fixed_size_recurrent_memory', 'state_dim': 32, 'seed': 229696, 'num_overwrites': 3, 'spacing': 3, 'target_mode': 'recency'}"
interference,interference,fixed_size_recurrent_memory,num_overwrites,4,46,0.0,1.0,3.45,1,"{'model_name': 'fixed_size_recurrent_memory', 'state_dim': 32, 'seed': 46, 'num_overwrites': 4, 'spacing': 3, 'target_mode': 'recency'}"
interference,interference,fixed_size_recurrent_memory,num_overwrites,4,7965,0.0,1.0,3.224,1,"{'model_name': 'fixed_size_recurrent_memory', 'state_dim': 32, 'seed': 7965, 'num_overwrites': 4, 'spacing': 3, 'target_mode': 'recency'}"
interference,interference,fixed_size_recurrent_memory,num_overwrites,4,15884,0.0,1.0,3.04,1,"{'model_name': 'fixed_size_recurrent_memory', 'state_dim': 32, 'seed': 15884, 'num_overwrites': 4, 'spacing': 3, 'target_mode': 'recency'}"
interference,interference,fixed_size_recurrent_memory,num_overwrites,4,23803,0.0,1.0,2.962,1,"{'model_name': 'fixed_size_recurrent_memory', 'state_dim': 32, 'seed': 23803, 'num_overwrites': 4, 'spacing': 3, 'target_mode': 'recency'}"
interference,interference,fixed_size_recurrent_memory,num_overwrites,4,31722,0.0,1.0,6.125,1,"{'model_name': 'fixed_size_recurrent_memory', 'state_dim': 32, 'seed': 31722, 'num_overwrites': 4, 'spacing': 3, 'target_mode': 'recency'}"
interference,interference,fixed_size_recurrent_memory,num_overwrites,4,39641,0.0,1.0,13.644,1,"{'model_name': 'fixed_size_recurrent_memory', 'state_dim': 32, 'seed': 39641, 'num_overwrites': 4, 'spacing': 3, 'target_mode': 'recency'}"
interference,interference,fixed_size_recurrent_memory,num_overwrites,4,47560,0.0,1.0,13.463,1,"{'model_name': 'fixed_size_recurrent_memory', 'state_dim': 32, 'seed': 47560, 'num_overwrites': 4, 'spacing': 3, 'target_mode': 'recency'}"
interference,interference,fixed_size_recurrent_memory,num_overwrites,4,55479,0.0,1.0,11.977,1,"{'model_name': 'fixed_size_recurrent_memory', 'state_dim': 32, 'seed': 55479, 'num_overwrites': 4, 'spacing': 3, 'target_mode': 'recency'}"
interference,interference,fixed_size_recurrent_memory,num_overwrites,4,63398,0.0,1.0,12.885,1,"{'model_name': 'fixed_size_recurrent_memory', 'state_dim': 32, 'seed': 63398, 'num_overwrites': 4, 'spacing': 3, 'target_mode': 'recency'}"
interference,interference,fixed_size_recurrent_memory,num_overwrites,4,71317,0.0,1.0,13.806,1,"{'model_name': 'fixed_size_recurrent_memory', 'state_dim': 32, 'seed': 71317, 'num_overwrites': 4, 'spacing': 3, 'target_mode': 'recency'}"
interference,interference,fixed_size_recurrent_memory,num_overwrites,4,79236,0.0,1.0,13.067,1,"{'model_name': 'fixed_size_recurrent_memory', 'state_dim': 32, 'seed': 79236, 'num_overwrites': 4, 'spacing': 3, 'target_mode': 'recency'}"
interference,interference,fixed_size_recurrent_memory,num_overwrites,4,87155,0.0,1.0,12.591,1,"{'model_name': 'fixed_size_recurrent_memory', 'state_dim': 32, 'seed': 87155, 'num_overwrites': 4, 'spacing': 3, 'target_mode': 'recency'}"
interference,interference,fixed_size_recurrent_memory,num_overwrites,4,95074,0.0,1.0,6.143,1,"{'model_name': 'fixed_size_recurrent_memory', 'state_dim': 32, 'seed': 95074, 'num_overwrites': 4, 'spacing': 3, 'target_mode': 'recency'}"
interference,interference,fixed_size_recurrent_memory,num_overwrites,4,102993,0.0,1.0,2.305,1,"{'model_name': 'fixed_size_recurrent_memory', 'state_dim': 32, 'seed': 102993, 'num_overwrites': 4, 'spacing': 3, 'target_mode': 'recency'}"
interference,interference,fixed_size_recurrent_memory,num_overwrites,4,110912,0.0,1.0,3.169,1,"{'model_name': 'fixed_size_recurrent_memory', 'state_dim': 32, 'seed': 110912, 'num_overwrites': 4, 'spacing': 3, 'target_mode': 'recency'}"
interference,interference,fixed_size_recurrent_memory,num_overwrites,4,118831,0.0,1.0,3.023,1,"{'model_name': 'fixed_size_recurrent_memory', 'state_dim': 32, 'seed': 118831, 'num_overwrites': 4, 'spacing': 3, 'target_mode': 'recency'}"
interference,interference,fixed_size_recurrent_memory,num_overwrites,4,126750,0.0,1.0,2.902,1,"{'model_name': 'fixed_size_recurrent_memory', 'state_dim': 32, 'seed': 126750, 'num_overwrites': 4, 'spacing': 3, 'target_mode': 'recency'}"
interference,interference,fixed_size_recurrent_memory,num_overwrites,4,134669,0.0,1.0,2.974,1,"{'model_name': 'fixed_size_recurrent_memory', 'state_dim': 32, 'seed': 134669, 'num_overwrites': 4, 'spacing': 3, 'target_mode': 'recency'}"
interference,interference,fixed_size_recurrent_memory,num_overwrites,4,142588,0.0,1.0,2.897,1,"{'model_name': 'fixed_size_recurrent_memory', 'state_dim': 32, 'seed': 142588, 'num_overwrites': 4, 'spacing': 3, 'target_mode': 'recency'}"
interference,interference,fixed_size_recurrent_memory,num_overwrites,4,150507,0.0,1.0,3.063,1,"{'model_name': 'fixed_size_recurrent_memory', 'state_dim': 32, 'seed': 150507, 'num_overwrites': 4, 'spacing': 3, 'target_mode': 'recency'}"
interference,interference,fixed_size_recurrent_memory,num_overwrites,4,158426,0.0,1.0,3.002,1,"{'model_name': 'fixed_size_recurrent_memory', 'state_dim': 32, 'seed': 158426, 'num_overwrites': 4, 'spacing': 3, 'target_mode': 'recency'}"
interference,interference,fixed_size_recurrent_memory,num_overwrites,4,166345,0.0,1.0,2.91,1,"{'model_name': 'fixed_size_recurrent_memory', 'state_dim': 32, 'seed': 166345, 'num_overwrites': 4, 'spacing': 3, 'target_mode': 'recency'}"
interference,interference,fixed_size_recurrent_memory,num_overwrites,4,174264,0.0,1.0,2.955,1,"{'model_name': 'fixed_size_recurrent_memory', 'state_dim': 32, 'seed': 174264, 'num_overwrites': 4, 'spacing': 3, 'target_mode': 'recency'}"
interference,interference,fixed_size_recurrent_memory,num_overwrites,4,182183,0.0,1.0,3.306,1,"{'model_name': 'fixed_size_recurrent_memory', 'state_dim': 32, 'seed': 182183, 'num_overwrites': 4, 'spacing': 3, 'target_mode': 'recency'}"
interference,interference,fixed_size_recurrent_memory,num_overwrites,4,190102,0.0,1.0,5.514,1,"{'model_name': 'fixed_size_recurrent_memory', 'state_dim': 32, 'seed': 190102, 'num_overwrites': 4, 'spacing': 3, 'target_mode': 'recency'}"
interference,interference,fixed_size_recurrent_memory,num_overwrites,4,198021,0.0,1.0,4.792,1,"{'model_name': 'fixed_size_recurrent_memory', 'state_dim': 32, 'seed': 198021, 'num_overwrites': 4, 'spacing': 3, 'target_mode': 'recency'}"
interference,interference,fixed_size_recurrent_memory,num_overwrites,4,205940,0.0,1.0,4.322,1,"{'model_name': 'fixed_size_recurrent_memory', 'state_dim': 32, 'seed': 205940, 'num_overwrites': 4, 'spacing': 3, 'target_mode': 'recency'}"
interference,interference,fixed_size_recurrent_memory,num_overwrites,4,213859,0.0,1.0,3.46,1,"{'model_name': 'fixed_size_recurrent_memory', 'state_dim': 32, 'seed': 213859, 'num_overwrites': 4, 'spacing': 3, 'target_mode': 'recency'}"
interference,interference,fixed_size_recurrent_memory,num_overwrites,4,221778,0.0,1.0,3.323,1,"{'model_name': 'fixed_size_recurrent_memory', 'state_dim': 32, 'seed': 221778, 'num_overwrites': 4, 'spacing': 3, 'target_mode': 'recency'}"
interference,interference,fixed_size_recurrent_memory,num_overwrites,4,229697,0.0,1.0,3.101,1,"{'model_name': 'fixed_size_recurrent_memory', 'state_dim': 32, 'seed': 229697, 'num_overwrites': 4, 'spacing': 3, 'target_mode': 'recency'}"
interference,interference,fixed_size_recurrent_memory,num_overwrites,6,48,0.0,1.0,4.774,1,"{'model_name': 'fixed_size_recurrent_memory', 'state_dim': 32, 'seed': 48, 'num_overwrites': 6, 'spacing': 3, 'target_mode': 'recency'}"
interference,interference,fixed_size_recurrent_memory,num_overwrites,6,7967,0.0,1.0,4.28,1,"{'model_name': 'fixed_size_recurrent_memory', 'state_dim': 32, 'seed': 7967, 'num_overwrites': 6, 'spacing': 3, 'target_mode': 'recency'}"
interference,interference,fixed_size_recurrent_memory,num_overwrites,6,15886,0.0,1.0,4.302,1,"{'model_name': 'fixed_size_recurrent_memory', 'state_dim': 32, 'seed': 15886, 'num_overwrites': 6, 'spacing': 3, 'target_mode': 'recency'}"
interference,interference,fixed_size_recurrent_memory,num_overwrites,6,23805,0.0,1.0,5.881,1,"{'model_name': 'fixed_size_recurrent_memory', 'state_dim': 32, 'seed': 23805, 'num_overwrites': 6, 'spacing': 3, 'target_mode': 'recency'}"
interference,interference,fixed_size_recurrent_memory,num_overwrites,6,31724,0.0,1.0,8.543,1,"{'model_name': 'fixed_size_recurrent_memory', 'state_dim': 32, 'seed': 31724, 'num_overwrites': 6, 'spacing': 3, 'target_mode': 'recency'}"
interference,interference,fixed_size_recurrent_memory,num_overwrites,6,39643,0.0,1.0,5.154,1,"{'model_name': 'fixed_size_recurrent_memory', 'state_dim': 32, 'seed': 39643, 'num_overwrites': 6, 'spacing': 3, 'target_mode': 'recency'}"
interference,interference,fixed_size_recurrent_memory,num_overwrites,6,47562,0.0,1.0,4.375,1,"{'model_name': 'fixed_size_recurrent_memory', 'state_dim': 32, 'seed': 47562, 'num_overwrites': 6, 'spacing': 3, 'target_mode': 'recency'}"
interference,interference,fixed_size_recurrent_memory,num_overwrites,6,55481,0.0,1.0,4.595,1,"{'model_name': 'fixed_size_recurrent_memory', 'state_dim': 32, 'seed': 55481, 'num_overwrites': 6, 'spacing': 3, 'target_mode': 'recency'}"
interference,interference,fixed_size_recurrent_memory,num_overwrites,6,63400,0.0,1.0,4.513,1,"{'model_name': 'fixed_size_recurrent_memory', 'state_dim': 32, 'seed': 63400, 'num_overwrites': 6, 'spacing': 3, 'target_mode': 'recency'}"
interference,interference,fixed_size_recurrent_memory,num_overwrites,6,71319,0.0,1.0,4.827,1,"{'model_name': 'fixed_size_recurrent_memory', 'state_dim': 32, 'seed': 71319, 'num_overwrites': 6, 'spacing': 3, 'target_mode': 'recency'}"
interference,interference,fixed_size_recurrent_memory,num_overwrites,6,79238,0.0,1.0,4.483,1,"{'model_name': 'fixed_size_recurrent_memory', 'state_dim': 32, 'seed': 79238, 'num_overwrites': 6, 'spacing': 3, 'target_mode': 'recency'}"
interference,interference,fixed_size_recurrent_memory,num_overwrites,6,87157,0.0,1.0,4.303,1,"{'model_name': 'fixed_size_recurrent_memory', 'state_dim': 32, 'seed': 87157, 'num_overwrites': 6, 'spacing': 3, 'target_mode': 'recency'}"
interference,interference,fixed_size_recurrent_memory,num_overwrites,6,95076,0.0,1.0,4.278,1,"{'model_name': 'fixed_size_recurrent_memory', 'state_dim': 32, 'seed': 95076, 'num_overwrites': 6, 'spacing': 3, 'target_mode': 'recency'}"
interference,interference,fixed_size_recurrent_memory,num_overwrites,6,102995,0.0,1.0,4.289,1,"{'model_name': 'fixed_size_recurrent_memory', 'state_dim': 32, 'seed': 102995, 'num_overwrites': 6, 'spacing': 3, 'target_mode': 'recency'}"
interference,interference,fixed_size_recurrent_memory,num_overwrites,6,110914,0.0,1.0,4.208,1,"{'model_name': 'fixed_size_recurrent_memory', 'state_dim': 32, 'seed': 110914, 'num_overwrites': 6, 'spacing': 3, 'target_mode': 'recency'}"
interference,interference,fixed_size_recurrent_memory,num_overwrites,6,118833,0.0,1.0,5.855,1,"{'model_name': 'fixed_size_recurrent_memory', 'state_dim': 32, 'seed': 118833, 'num_overwrites': 6, 'spacing': 3, 'target_mode': 'recency'}"
interference,interference,fixed_size_recurrent_memory,num_overwrites,6,126752,0.0,1.0,19.303,1,"{'model_name': 'fixed_size_recurrent_memory', 'state_dim': 32, 'seed': 126752, 'num_overwrites': 6, 'spacing': 3, 'target_mode': 'recency'}"
interference,interference,fixed_size_recurrent_memory,num_overwrites,6,134671,0.0,1.0,19.263,1,"{'model_name': 'fixed_size_recurrent_memory', 'state_dim': 32, 'seed': 134671, 'num_overwrites': 6, 'spacing': 3, 'target_mode': 'recency'}"
interference,interference,fixed_size_recurrent_memory,num_overwrites,6,142590,0.0,1.0,18.279,1,"{'model_name': 'fixed_size_recurrent_memory', 'state_dim': 32, 'seed': 142590, 'num_overwrites': 6, 'spacing': 3, 'target_mode': 'recency'}"
interference,interference,fixed_size_recurrent_memory,num_overwrites,6,150509,0.0,1.0,17.744,1,"{'model_name': 'fixed_size_recurrent_memory', 'state_dim': 32, 'seed': 150509, 'num_overwrites': 6, 'spacing': 3, 'target_mode': 'recency'}"
interference,interference,fixed_size_recurrent_memory,num_overwrites,6,158428,0.0,1.0,17.389,1,"{'model_name': 'fixed_size_recurrent_memory', 'state_dim': 32, 'seed': 158428, 'num_overwrites': 6, 'spacing': 3, 'target_mode': 'recency'}"
interference,interference,fixed_size_recurrent_memory,num_overwrites,6,166347,0.0,1.0,3.465,1,"{'model_name': 'fixed_size_recurrent_memory', 'state_dim': 32, 'seed': 166347, 'num_overwrites': 6, 'spacing': 3, 'target_mode': 'recency'}"
interference,interference,fixed_size_recurrent_memory,num_overwrites,6,174266,0.0,1.0,3.208,1,"{'model_name': 'fixed_size_recurrent_memory', 'state_dim': 32, 'seed': 174266, 'num_overwrites': 6, 'spacing': 3, 'target_mode': 'recency'}"
interference,interference,fixed_size_recurrent_memory,num_overwrites,6,182185,0.0,1.0,3.093,1,"{'model_name': 'fixed_size_recurrent_memory', 'state_dim': 32, 'seed': 182185, 'num_overwrites': 6, 'spacing': 3, 'target_mode': 'recency'}"
interference,interference,fixed_size_recurrent_memory,num_overwrites,6,190104,0.0,1.0,3.917,1,"{'model_name': 'fixed_size_recurrent_memory', 'state_dim': 32, 'seed': 190104, 'num_overwrites': 6, 'spacing': 3, 'target_mode': 'recency'}"
interference,interference,fixed_size_recurrent_memory,num_overwrites,6,198023,0.0,1.0,4.228,1,"{'model_name': 'fixed_size_recurrent_memory', 'state_dim': 32, 'seed': 198023, 'num_overwrites': 6, 'spacing': 3, 'target_mode': 'recency'}"
interference,interference,fixed_size_recurrent_memory,num_overwrites,6,205942,0.0,1.0,4.153,1,"{'model_name': 'fixed_size_recurrent_memory', 'state_dim': 32, 'seed': 205942, 'num_overwrites': 6, 'spacing': 3, 'target_mode': 'recency'}"
interference,interference,fixed_size_recurrent_memory,num_overwrites,6,213861,0.0,1.0,4.313,1,"{'model_name': 'fixed_size_recurrent_memory', 'state_dim': 32, 'seed': 213861, 'num_overwrites': 6, 'spacing': 3, 'target_mode': 'recency'}"
interference,interference,fixed_size_recurrent_memory,num_overwrites,6,221780,0.0,1.0,4.727,1,"{'model_name': 'fixed_size_recurrent_memory', 'state_dim': 32, 'seed': 221780, 'num_overwrites': 6, 'spacing': 3, 'target_mode': 'recency'}"
interference,interference,fixed_size_recurrent_memory,num_overwrites,6,229699,0.0,1.0,4.418,1,"{'model_name': 'fixed_size_recurrent_memory', 'state_dim': 32, 'seed': 229699, 'num_overwrites': 6, 'spacing': 3, 'target_mode': 'recency'}"
interference,interference,fixed_size_recurrent_memory,num_overwrites,8,50,0.0,1.0,6.784,1,"{'model_name': 'fixed_size_recurrent_memory', 'state_dim': 32, 'seed': 50, 'num_overwrites': 8, 'spacing': 3, 'target_mode': 'recency'}"
interference,interference,fixed_size_recurrent_memory,num_overwrites,8,7969,0.0,1.0,24.369,1,"{'model_name': 'fixed_size_recurrent_memory', 'state_dim': 32, 'seed': 7969, 'num_overwrites': 8, 'spacing': 3, 'target_mode': 'recency'}"
interference,interference,fixed_size_recurrent_memory,num_overwrites,8,15888,0.0,1.0,23.477,1,"{'model_name': 'fixed_size_recurrent_memory', 'state_dim': 32, 'seed': 15888, 'num_overwrites': 8, 'spacing': 3, 'target_mode': 'recency'}"
interference,interference,fixed_size_recurrent_memory,num_overwrites,8,23807,0.0,1.0,23.054,1,"{'model_name': 'fixed_size_recurrent_memory', 'state_dim': 32, 'seed': 23807, 'num_overwrites': 8, 'spacing': 3, 'target_mode': 'recency'}"
interference,interference,fixed_size_recurrent_memory,num_overwrites,8,31726,0.0,1.0,19.251,1,"{'model_name': 'fixed_size_recurrent_memory', 'state_dim': 32, 'seed': 31726, 'num_overwrites': 8, 'spacing': 3, 'target_mode': 'recency'}"
interference,interference,fixed_size_recurrent_memory,num_overwrites,8,39645,0.0,1.0,5.193,1,"{'model_name': 'fixed_size_recurrent_memory', 'state_dim': 32, 'seed': 39645, 'num_overwrites': 8, 'spacing': 3, 'target_mode': 'recency'}"
interference,interference,fixed_size_recurrent_memory,num_overwrites,8,47564,0.0,1.0,5.62,1,"{'model_name': 'fixed_size_recurrent_memory', 'state_dim': 32, 'seed': 47564, 'num_overwrites': 8, 'spacing': 3, 'target_mode': 'recency'}"
interference,interference,fixed_size_recurrent_memory,num_overwrites,8,55483,0.0,1.0,5.764,1,"{'model_name': 'fixed_size_recurrent_memory', 'state_dim': 32, 'seed': 55483, 'num_overwrites': 8, 'spacing': 3, 'target_mode': 'recency'}"
interference,interference,fixed_size_recurrent_memory,num_overwrites,8,63402,0.0,1.0,5.828,1,"{'model_name': 'fixed_size_recurrent_memory', 'state_dim': 32, 'seed': 63402, 'num_overwrites': 8, 'spacing': 3, 'target_mode': 'recency'}"
interference,interference,fixed_size_recurrent_memory,num_overwrites,8,71321,0.0,1.0,5.49,1,"{'model_name': 'fixed_size_recurrent_memory', 'state_dim': 32, 'seed': 71321, 'num_overwrites': 8, 'spacing': 3, 'target_mode': 'recency'}"
interference,interference,fixed_size_recurrent_memory,num_overwrites,8,79240,0.0,1.0,7.379,1,"{'model_name': 'fixed_size_recurrent_memory', 'state_dim': 32, 'seed': 79240, 'num_overwrites': 8, 'spacing': 3, 'target_mode': 'recency'}"
interference,interference,fixed_size_recurrent_memory,num_overwrites,8,87159,0.0,1.0,25.484,1,"{'model_name': 'fixed_size_recurrent_memory', 'state_dim': 32, 'seed': 87159, 'num_overwrites': 8, 'spacing': 3, 'target_mode': 'recency'}"
interference,interference,fixed_size_recurrent_memory,num_overwrites,8,95078,0.0,1.0,25.404,1,"{'model_name': 'fixed_size_recurrent_memory', 'state_dim': 32, 'seed': 95078, 'num_overwrites': 8, 'spacing': 3, 'target_mode': 'recency'}"
interference,interference,fixed_size_recurrent_memory,num_overwrites,8,102997,0.0,1.0,23.651,1,"{'model_name': 'fixed_size_recurrent_memory', 'state_dim': 32, 'seed': 102997, 'num_overwrites': 8, 'spacing': 3, 'target_mode': 'recency'}"
interference,interference,fixed_size_recurrent_memory,num_overwrites,8,110916,0.0,1.0,11.914,1,"{'model_name': 'fixed_size_recurrent_memory', 'state_dim': 32, 'seed': 110916, 'num_overwrites': 8, 'spacing': 3, 'target_mode': 'recency'}"
interference,interference,fixed_size_recurrent_memory,num_overwrites,8,118835,0.0,1.0,5.503,1,"{'model_name': 'fixed_size_recurrent_memory', 'state_dim': 32, 'seed': 118835, 'num_overwrites': 8, 'spacing': 3, 'target_mode': 'recency'}"
interference,interference,fixed_size_recurrent_memory,num_overwrites,8,126754,0.0,1.0,5.707,1,"{'model_name': 'fixed_size_recurrent_memory', 'state_dim': 32, 'seed': 126754, 'num_overwrites': 8, 'spacing': 3, 'target_mode': 'recency'}"
interference,interference,fixed_size_recurrent_memory,num_overwrites,8,134673,0.0,1.0,5.437,1,"{'model_name': 'fixed_size_recurrent_memory', 'state_dim': 32, 'seed': 134673, 'num_overwrites': 8, 'spacing': 3, 'target_mode': 'recency'}"
interference,interference,fixed_size_recurrent_memory,num_overwrites,8,142592,0.0,1.0,5.442,1,"{'model_name': 'fixed_size_recurrent_memory', 'state_dim': 32, 'seed': 142592, 'num_overwrites': 8, 'spacing': 3, 'target_mode': 'recency'}"
interference,interference,fixed_size_recurrent_memory,num_overwrites,8,150511,0.0,1.0,5.64,1,"{'model_name': 'fixed_size_recurrent_memory', 'state_dim': 32, 'seed': 150511, 'num_overwrites': 8, 'spacing': 3, 'target_mode': 'recency'}"
interference,interference,fixed_size_recurrent_memory,num_overwrites,8,158430,0.0,1.0,5.862,1,"{'model_name': 'fixed_size_recurrent_memory', 'state_dim': 32, 'seed': 158430, 'num_overwrites': 8, 'spacing': 3, 'target_mode': 'recency'}"
interference,interference,fixed_size_recurrent_memory,num_overwrites,8,166349,0.0,1.0,24.37,1,"{'model_name': 'fixed_size_recurrent_memory', 'state_dim': 32, 'seed': 166349, 'num_overwrites': 8, 'spacing': 3, 'target_mode': 'recency'}"
interference,interference,fixed_size_recurrent_memory,num_overwrites,8,174268,0.0,1.0,24.317,1,"{'model_name': 'fixed_size_recurrent_memory', 'state_dim': 32, 'seed': 174268, 'num_overwrites': 8, 'spacing': 3, 'target_mode': 'recency'}"
interference,interference,fixed_size_recurrent_memory,num_overwrites,8,182187,0.0,1.0,23.901,1,"{'model_name': 'fixed_size_recurrent_memory', 'state_dim': 32, 'seed': 182187, 'num_overwrites': 8, 'spacing': 3, 'target_mode': 'recency'}"
interference,interference,fixed_size_recurrent_memory,num_overwrites,8,190106,0.0,1.0,4.487,1,"{'model_name': 'fixed_size_recurrent_memory', 'state_dim': 32, 'seed': 190106, 'num_overwrites': 8, 'spacing': 3, 'target_mode': 'recency'}"
interference,interference,fixed_size_recurrent_memory,num_overwrites,8,198025,0.0,1.0,4.722,1,"{'model_name': 'fixed_size_recurrent_memory', 'state_dim': 32, 'seed': 198025, 'num_overwrites': 8, 'spacing': 3, 'target_mode': 'recency'}"
interference,interference,fixed_size_recurrent_memory,num_overwrites,8,205944,0.0,1.0,5.526,1,"{'model_name': 'fixed_size_recurrent_memory', 'state_dim': 32, 'seed': 205944, 'num_overwrites': 8, 'spacing': 3, 'target_mode': 'recency'}"
interference,interference,fixed_size_recurrent_memory,num_overwrites,8,213863,0.0,1.0,5.4,1,"{'model_name': 'fixed_size_recurrent_memory', 'state_dim': 32, 'seed': 213863, 'num_overwrites': 8, 'spacing': 3, 'target_mode': 'recency'}"
interference,interference,fixed_size_recurrent_memory,num_overwrites,8,221782,0.0,1.0,5.467,1,"{'model_name': 'fixed_size_recurrent_memory', 'state_dim': 32, 'seed': 221782, 'num_overwrites': 8, 'spacing': 3, 'target_mode': 'recency'}"
interference,interference,fixed_size_recurrent_memory,num_overwrites,8,229701,0.0,1.0,6.488,1,"{'model_name': 'fixed_size_recurrent_memory', 'state_dim': 32, 'seed': 229701, 'num_overwrites': 8, 'spacing': 3, 'target_mode': 'recency'}"
interference,interference,fixed_size_recurrent_memory,num_overwrites,10,52,0.0,1.0,31.618,1,"{'model_name': 'fixed_size_recurrent_memory', 'state_dim': 32, 'seed': 52, 'num_overwrites': 10, 'spacing': 3, 'target_mode': 'recency'}"
interference,interference,fixed_size_recurrent_memory,num_overwrites,10,7971,0.0,1.0,30.141,1,"{'model_name': 'fixed_size_recurrent_memory', 'state_dim': 32, 'seed': 7971, 'num_overwrites': 10, 'spacing': 3, 'target_mode': 'recency'}"
interference,interference,fixed_size_recurrent_memory,num_overwrites,10,15890,0.0,1.0,5.795,1,"{'model_name': 'fixed_size_recurrent_memory', 'state_dim': 32, 'seed': 15890, 'num_overwrites': 10, 'spacing': 3, 'target_mode': 'recency'}"
interference,interference,fixed_size_recurrent_memory,num_overwrites,10,23809,0.0,1.0,6.652,1,"{'model_name': 'fixed_size_recurrent_memory', 'state_dim': 32, 'seed': 23809, 'num_overwrites': 10, 'spacing': 3, 'target_mode': 'recency'}"
interference,interference,fixed_size_recurrent_memory,num_overwrites,10,31728,0.0,1.0,5.672,1,"{'model_name': 'fixed_size_recurrent_memory', 'state_dim': 32, 'seed': 31728, 'num_overwrites': 10, 'spacing': 3, 'target_mode': 'recency'}"
interference,interference,fixed_size_recurrent_memory,num_overwrites,10,39647,0.0,1.0,6.82,1,"{'model_name': 'fixed_size_recurrent_memory', 'state_dim': 32, 'seed': 39647, 'num_overwrites': 10, 'spacing': 3, 'target_mode': 'recency'}"
interference,interference,fixed_size_recurrent_memory,num_overwrites,10,47566,0.0,1.0,6.77,1,"{'model_name': 'fixed_size_recurrent_memory', 'state_dim': 32, 'seed': 47566, 'num_overwrites': 10, 'spacing': 3, 'target_mode': 'recency'}"
interference,interference,fixed_size_recurrent_memory,num_overwrites,10,55485,0.0,1.0,6.724,1,"{'model_name': 'fixed_size_recurrent_memory', 'state_dim': 32, 'seed': 55485, 'num_overwrites': 10, 'spacing': 3, 'target_mode': 'recency'}"
interference,interference,fixed_size_recurrent_memory,num_overwrites,10,63404,0.0,1.0,6.839,1,"{'model_name': 'fixed_size_recurrent_memory', 'state_dim': 32, 'seed': 63404, 'num_overwrites': 10, 'spacing': 3, 'target_mode': 'recency'}"
interference,interference,fixed_size_recurrent_memory,num_overwrites,10,71323,0.0,1.0,25.612,1,"{'model_name': 'fixed_size_recurrent_memory', 'state_dim': 32, 'seed': 71323, 'num_overwrites': 10, 'spacing': 3, 'target_mode': 'recency'}"
interference,interference,fixed_size_recurrent_memory,num_overwrites,10,79242,0.0,1.0,28.821,1,"{'model_name': 'fixed_size_recurrent_memory', 'state_dim': 32, 'seed': 79242, 'num_overwrites': 10, 'spacing': 3, 'target_mode': 'recency'}"
interference,interference,fixed_size_recurrent_memory,num_overwrites,10,87161,0.0,1.0,28.197,1,"{'model_name': 'fixed_size_recurrent_memory', 'state_dim': 32, 'seed': 87161, 'num_overwrites': 10, 'spacing': 3, 'target_mode': 'recency'}"
interference,interference,fixed_size_recurrent_memory,num_overwrites,10,95080,0.0,1.0,12.81,1,"{'model_name': 'fixed_size_recurrent_memory', 'state_dim': 32, 'seed': 95080, 'num_overwrites': 10, 'spacing': 3, 'target_mode': 'recency'}"
interference,interference,fixed_size_recurrent_memory,num_overwrites,10,102999,0.0,1.0,7.342,1,"{'model_name': 'fixed_size_recurrent_memory', 'state_dim': 32, 'seed': 102999, 'num_overwrites': 10, 'spacing': 3, 'target_mode': 'recency'}"
interference,interference,fixed_size_recurrent_memory,num_overwrites,10,110918,0.0,1.0,6.975,1,"{'model_name': 'fixed_size_recurrent_memory', 'state_dim': 32, 'seed': 110918, 'num_overwrites': 10, 'spacing': 3, 'target_mode': 'recency'}"
interference,interference,fixed_size_recurrent_memory,num_overwrites,10,118837,0.0,1.0,6.994,1,"{'model_name': 'fixed_size_recurrent_memory', 'state_dim': 32, 'seed': 118837, 'num_overwrites': 10, 'spacing': 3, 'target_mode': 'recency'}"
interference,interference,fixed_size_recurrent_memory,num_overwrites,10,126756,0.0,1.0,6.714,1,"{'model_name': 'fixed_size_recurrent_memory', 'state_dim': 32, 'seed': 126756, 'num_overwrites': 10, 'spacing': 3, 'target_mode': 'recency'}"
interference,interference,fixed_size_recurrent_memory,num_overwrites,10,134675,0.0,1.0,22.036,1,"{'model_name': 'fixed_size_recurrent_memory', 'state_dim': 32, 'seed': 134675, 'num_overwrites': 10, 'spacing': 3, 'target_mode': 'recency'}"
interference,interference,fixed_size_recurrent_memory,num_overwrites,10,142594,0.0,1.0,5.39,1,"{'model_name': 'fixed_size_recurrent_memory', 'state_dim': 32, 'seed': 142594, 'num_overwrites': 10, 'spacing': 3, 'target_mode': 'recency'}"
interference,interference,fixed_size_recurrent_memory,num_overwrites,10,150513,0.0,1.0,6.46,1,"{'model_name': 'fixed_size_recurrent_memory', 'state_dim': 32, 'seed': 150513, 'num_overwrites': 10, 'spacing': 3, 'target_mode': 'recency'}"
interference,interference,fixed_size_recurrent_memory,num_overwrites,10,158432,0.0,1.0,7.067,1,"{'model_name': 'fixed_size_recurrent_memory', 'state_dim': 32, 'seed': 158432, 'num_overwrites': 10, 'spacing': 3, 'target_mode': 'recency'}"
interference,interference,fixed_size_recurrent_memory,num_overwrites,10,166351,0.0,1.0,6.644,1,"{'model_name': 'fixed_size_recurrent_memory', 'state_dim': 32, 'seed': 166351, 'num_overwrites': 10, 'spacing': 3, 'target_mode': 'recency'}"
interference,interference,fixed_size_recurrent_memory,num_overwrites,10,174270,0.0,1.0,6.874,1,"{'model_name': 'fixed_size_recurrent_memory', 'state_dim': 32, 'seed': 174270, 'num_overwrites': 10, 'spacing': 3, 'target_mode': 'recency'}"
interference,interference,fixed_size_recurrent_memory,num_overwrites,10,182189,0.0,1.0,6.831,1,"{'model_name': 'fixed_size_recurrent_memory', 'state_dim': 32, 'seed': 182189, 'num_overwrites': 10, 'spacing': 3, 'target_mode': 'recency'}"
interference,interference,fixed_size_recurrent_memory,num_overwrites,10,190108,0.0,1.0,25.751,1,"{'model_name': 'fixed_size_recurrent_memory', 'state_dim': 32, 'seed': 190108, 'num_overwrites': 10, 'spacing': 3, 'target_mode': 'recency'}"
interference,interference,fixed_size_recurrent_memory,num_overwrites,10,198027,0.0,1.0,28.791,1,"{'model_name': 'fixed_size_recurrent_memory', 'state_dim': 32, 'seed': 198027, 'num_overwrites': 10, 'spacing': 3, 'target_mode': 'recency'}"
interference,interference,fixed_size_recurrent_memory,num_overwrites,10,205946,0.0,1.0,30.333,1,"{'model_name': 'fixed_size_recurrent_memory', 'state_dim': 32, 'seed': 205946, 'num_overwrites': 10, 'spacing': 3, 'target_mode': 'recency'}"
interference,interference,fixed_size_recurrent_memory,num_overwrites,10,213865,0.0,1.0,7.288,1,"{'model_name': 'fixed_size_recurrent_memory', 'state_dim': 32, 'seed': 213865, 'num_overwrites': 10, 'spacing': 3, 'target_mode': 'recency'}"
interference,interference,fixed_size_recurrent_memory,num_overwrites,10,221784,0.0,1.0,6.768,1,"{'model_name': 'fixed_size_recurrent_memory', 'state_dim': 32, 'seed': 221784, 'num_overwrites': 10, 'spacing': 3, 'target_mode': 'recency'}"
interference,interference,fixed_size_recurrent_memory,num_overwrites,10,229703,0.0,1.0,7.032,1,"{'model_name': 'fixed_size_recurrent_memory', 'state_dim': 32, 'seed': 229703, 'num_overwrites': 10, 'spacing': 3, 'target_mode': 'recency'}"
interference,interference,educational_evolving_memory_toy,num_overwrites,1,43,1.0,0.0,1.569,1,"{'model_name': 'educational_evolving_memory_toy', 'state_dim': 32, 'seed': 43, 'num_overwrites': 1, 'spacing': 3, 'target_mode': 'recency'}"
interference,interference,educational_evolving_memory_toy,num_overwrites,1,7962,1.0,0.0,5.086,1,"{'model_name': 'educational_evolving_memory_toy', 'state_dim': 32, 'seed': 7962, 'num_overwrites': 1, 'spacing': 3, 'target_mode': 'recency'}"
interference,interference,educational_evolving_memory_toy,num_overwrites,1,15881,1.0,0.0,4.413,1,"{'model_name': 'educational_evolving_memory_toy', 'state_dim': 32, 'seed': 15881, 'num_overwrites': 1, 'spacing': 3, 'target_mode': 'recency'}"
interference,interference,educational_evolving_memory_toy,num_overwrites,1,23800,1.0,0.0,1.523,1,"{'model_name': 'educational_evolving_memory_toy', 'state_dim': 32, 'seed': 23800, 'num_overwrites': 1, 'spacing': 3, 'target_mode': 'recency'}"
interference,interference,educational_evolving_memory_toy,num_overwrites,1,31719,1.0,0.0,1.609,1,"{'model_name': 'educational_evolving_memory_toy', 'state_dim': 32, 'seed': 31719, 'num_overwrites': 1, 'spacing': 3, 'target_mode': 'recency'}"
interference,interference,educational_evolving_memory_toy,num_overwrites,1,39638,1.0,0.0,1.289,1,"{'model_name': 'educational_evolving_memory_toy', 'state_dim': 32, 'seed': 39638, 'num_overwrites': 1, 'spacing': 3, 'target_mode': 'recency'}"
interference,interference,educational_evolving_memory_toy,num_overwrites,1,47557,1.0,0.0,1.306,1,"{'model_name': 'educational_evolving_memory_toy', 'state_dim': 32, 'seed': 47557, 'num_overwrites': 1, 'spacing': 3, 'target_mode': 'recency'}"
interference,interference,educational_evolving_memory_toy,num_overwrites,1,55476,1.0,0.0,1.273,1,"{'model_name': 'educational_evolving_memory_toy', 'state_dim': 32, 'seed': 55476, 'num_overwrites': 1, 'spacing': 3, 'target_mode': 'recency'}"
interference,interference,educational_evolving_memory_toy,num_overwrites,1,63395,1.0,0.0,1.185,1,"{'model_name': 'educational_evolving_memory_toy', 'state_dim': 32, 'seed': 63395, 'num_overwrites': 1, 'spacing': 3, 'target_mode': 'recency'}"
interference,interference,educational_evolving_memory_toy,num_overwrites,1,71314,1.0,0.0,1.24,1,"{'model_name': 'educational_evolving_memory_toy', 'state_dim': 32, 'seed': 71314, 'num_overwrites': 1, 'spacing': 3, 'target_mode': 'recency'}"
interference,interference,educational_evolving_memory_toy,num_overwrites,1,79233,1.0,0.0,1.216,1,"{'model_name': 'educational_evolving_memory_toy', 'state_dim': 32, 'seed': 79233, 'num_overwrites': 1, 'spacing': 3, 'target_mode': 'recency'}"
interference,interference,educational_evolving_memory_toy,num_overwrites,1,87152,1.0,0.0,1.142,1,"{'model_name': 'educational_evolving_memory_toy', 'state_dim': 32, 'seed': 87152, 'num_overwrites': 1, 'spacing': 3, 'target_mode': 'recency'}"
interference,interference,educational_evolving_memory_toy,num_overwrites,1,95071,1.0,0.0,1.234,1,"{'model_name': 'educational_evolving_memory_toy', 'state_dim': 32, 'seed': 95071, 'num_overwrites': 1, 'spacing': 3, 'target_mode': 'recency'}"
interference,interference,educational_evolving_memory_toy,num_overwrites,1,102990,1.0,0.0,1.697,1,"{'model_name': 'educational_evolving_memory_toy', 'state_dim': 32, 'seed': 102990, 'num_overwrites': 1, 'spacing': 3, 'target_mode': 'recency'}"
interference,interference,educational_evolving_memory_toy,num_overwrites,1,110909,1.0,0.0,1.333,1,"{'model_name': 'educational_evolving_memory_toy', 'state_dim': 32, 'seed': 110909, 'num_overwrites': 1, 'spacing': 3, 'target_mode': 'recency'}"
interference,interference,educational_evolving_memory_toy,num_overwrites,1,118828,1.0,0.0,1.306,1,"{'model_name': 'educational_evolving_memory_toy', 'state_dim': 32, 'seed': 118828, 'num_overwrites': 1, 'spacing': 3, 'target_mode': 'recency'}"
interference,interference,educational_evolving_memory_toy,num_overwrites,1,126747,1.0,0.0,1.207,1,"{'model_name': 'educational_evolving_memory_toy', 'state_dim': 32, 'seed': 126747, 'num_overwrites': 1, 'spacing': 3, 'target_mode': 'recency'}"
interference,interference,educational_evolving_memory_toy,num_overwrites,1,134666,1.0,0.0,1.187,1,"{'model_name': 'educational_evolving_memory_toy', 'state_dim': 32, 'seed': 134666, 'num_overwrites': 1, 'spacing': 3, 'target_mode': 'recency'}"
interference,interference,educational_evolving_memory_toy,num_overwrites,1,142585,1.0,0.0,1.204,1,"{'model_name': 'educational_evolving_memory_toy', 'state_dim': 32, 'seed': 142585, 'num_overwrites': 1, 'spacing': 3, 'target_mode': 'recency'}"
interference,interference,educational_evolving_memory_toy,num_overwrites,1,150504,1.0,0.0,1.177,1,"{'model_name': 'educational_evolving_memory_toy', 'state_dim': 32, 'seed': 150504, 'num_overwrites': 1, 'spacing': 3, 'target_mode': 'recency'}"
interference,interference,educational_evolving_memory_toy,num_overwrites,1,158423,1.0,0.0,1.203,1,"{'model_name': 'educational_evolving_memory_toy', 'state_dim': 32, 'seed': 158423, 'num_overwrites': 1, 'spacing': 3, 'target_mode': 'recency'}"
interference,interference,educational_evolving_memory_toy,num_overwrites,1,166342,1.0,0.0,1.217,1,"{'model_name': 'educational_evolving_memory_toy', 'state_dim': 32, 'seed': 166342, 'num_overwrites': 1, 'spacing': 3, 'target_mode': 'recency'}"
interference,interference,educational_evolving_memory_toy,num_overwrites,1,174261,1.0,0.0,1.174,1,"{'model_name': 'educational_evolving_memory_toy', 'state_dim': 32, 'seed': 174261, 'num_overwrites': 1, 'spacing': 3, 'target_mode': 'recency'}"
interference,interference,educational_evolving_memory_toy,num_overwrites,1,182180,1.0,0.0,1.275,1,"{'model_name': 'educational_evolving_memory_toy', 'state_dim': 32, 'seed': 182180, 'num_overwrites': 1, 'spacing': 3, 'target_mode': 'recency'}"
interference,interference,educational_evolving_memory_toy,num_overwrites,1,190099,1.0,0.0,1.206,1,"{'model_name': 'educational_evolving_memory_toy', 'state_dim': 32, 'seed': 190099, 'num_overwrites': 1, 'spacing': 3, 'target_mode': 'recency'}"
interference,interference,educational_evolving_memory_toy,num_overwrites,1,198018,1.0,0.0,1.417,1,"{'model_name': 'educational_evolving_memory_toy', 'state_dim': 32, 'seed': 198018, 'num_overwrites': 1, 'spacing': 3, 'target_mode': 'recency'}"
interference,interference,educational_evolving_memory_toy,num_overwrites,1,205937,1.0,0.0,1.309,1,"{'model_name': 'educational_evolving_memory_toy', 'state_dim': 32, 'seed': 205937, 'num_overwrites': 1, 'spacing': 3, 'target_mode': 'recency'}"
interference,interference,educational_evolving_memory_toy,num_overwrites,1,213856,1.0,0.0,1.294,1,"{'model_name': 'educational_evolving_memory_toy', 'state_dim': 32, 'seed': 213856, 'num_overwrites': 1, 'spacing': 3, 'target_mode': 'recency'}"
interference,interference,educational_evolving_memory_toy,num_overwrites,1,221775,1.0,0.0,1.205,1,"{'model_name': 'educational_evolving_memory_toy', 'state_dim': 32, 'seed': 221775, 'num_overwrites': 1, 'spacing': 3, 'target_mode': 'recency'}"
interference,interference,educational_evolving_memory_toy,num_overwrites,1,229694,1.0,0.0,1.211,1,"{'model_name': 'educational_evolving_memory_toy', 'state_dim': 32, 'seed': 229694, 'num_overwrites': 1, 'spacing': 3, 'target_mode': 'recency'}"
interference,interference,educational_evolving_memory_toy,num_overwrites,2,44,1.0,0.0,2.352,1,"{'model_name': 'educational_evolving_memory_toy', 'state_dim': 32, 'seed': 44, 'num_overwrites': 2, 'spacing': 3, 'target_mode': 'recency'}"
interference,interference,educational_evolving_memory_toy,num_overwrites,2,7963,1.0,0.0,6.917,1,"{'model_name': 'educational_evolving_memory_toy', 'state_dim': 32, 'seed': 7963, 'num_overwrites': 2, 'spacing': 3, 'target_mode': 'recency'}"
interference,interference,educational_evolving_memory_toy,num_overwrites,2,15882,1.0,0.0,1.963,1,"{'model_name': 'educational_evolving_memory_toy', 'state_dim': 32, 'seed': 15882, 'num_overwrites': 2, 'spacing': 3, 'target_mode': 'recency'}"
interference,interference,educational_evolving_memory_toy,num_overwrites,2,23801,1.0,0.0,2.171,1,"{'model_name': 'educational_evolving_memory_toy', 'state_dim': 32, 'seed': 23801, 'num_overwrites': 2, 'spacing': 3, 'target_mode': 'recency'}"
interference,interference,educational_evolving_memory_toy,num_overwrites,2,31720,1.0,0.0,1.993,1,"{'model_name': 'educational_evolving_memory_toy', 'state_dim': 32, 'seed': 31720, 'num_overwrites': 2, 'spacing': 3, 'target_mode': 'recency'}"
interference,interference,educational_evolving_memory_toy,num_overwrites,2,39639,1.0,0.0,1.984,1,"{'model_name': 'educational_evolving_memory_toy', 'state_dim': 32, 'seed': 39639, 'num_overwrites': 2, 'spacing': 3, 'target_mode': 'recency'}"
interference,interference,educational_evolving_memory_toy,num_overwrites,2,47558,1.0,0.0,1.968,1,"{'model_name': 'educational_evolving_memory_toy', 'state_dim': 32, 'seed': 47558, 'num_overwrites': 2, 'spacing': 3, 'target_mode': 'recency'}"
interference,interference,educational_evolving_memory_toy,num_overwrites,2,55477,1.0,0.0,1.936,1,"{'model_name': 'educational_evolving_memory_toy', 'state_dim': 32, 'seed': 55477, 'num_overwrites': 2, 'spacing': 3, 'target_mode': 'recency'}"
interference,interference,educational_evolving_memory_toy,num_overwrites,2,63396,1.0,0.0,1.978,1,"{'model_name': 'educational_evolving_memory_toy', 'state_dim': 32, 'seed': 63396, 'num_overwrites': 2, 'spacing': 3, 'target_mode': 'recency'}"
interference,interference,educational_evolving_memory_toy,num_overwrites,2,71315,1.0,0.0,2.014,1,"{'model_name': 'educational_evolving_memory_toy', 'state_dim': 32, 'seed': 71315, 'num_overwrites': 2, 'spacing': 3, 'target_mode': 'recency'}"
interference,interference,educational_evolving_memory_toy,num_overwrites,2,79234,1.0,0.0,1.97,1,"{'model_name': 'educational_evolving_memory_toy', 'state_dim': 32, 'seed': 79234, 'num_overwrites': 2, 'spacing': 3, 'target_mode': 'recency'}"
interference,interference,educational_evolving_memory_toy,num_overwrites,2,87153,1.0,0.0,1.983,1,"{'model_name': 'educational_evolving_memory_toy', 'state_dim': 32, 'seed': 87153, 'num_overwrites': 2, 'spacing': 3, 'target_mode': 'recency'}"
interference,interference,educational_evolving_memory_toy,num_overwrites,2,95072,1.0,0.0,1.97,1,"{'model_name': 'educational_evolving_memory_toy', 'state_dim': 32, 'seed': 95072, 'num_overwrites': 2, 'spacing': 3, 'target_mode': 'recency'}"
interference,interference,educational_evolving_memory_toy,num_overwrites,2,102991,1.0,0.0,2.054,1,"{'model_name': 'educational_evolving_memory_toy', 'state_dim': 32, 'seed': 102991, 'num_overwrites': 2, 'spacing': 3, 'target_mode': 'recency'}"
interference,interference,educational_evolving_memory_toy,num_overwrites,2,110910,1.0,0.0,2.01,1,"{'model_name': 'educational_evolving_memory_toy', 'state_dim': 32, 'seed': 110910, 'num_overwrites': 2, 'spacing': 3, 'target_mode': 'recency'}"
interference,interference,educational_evolving_memory_toy,num_overwrites,2,118829,1.0,0.0,1.998,1,"{'model_name': 'educational_evolving_memory_toy', 'state_dim': 32, 'seed': 118829, 'num_overwrites': 2, 'spacing': 3, 'target_mode': 'recency'}"
interference,interference,educational_evolving_memory_toy,num_overwrites,2,126748,1.0,0.0,1.989,1,"{'model_name': 'educational_evolving_memory_toy', 'state_dim': 32, 'seed': 126748, 'num_overwrites': 2, 'spacing': 3, 'target_mode': 'recency'}"
interference,interference,educational_evolving_memory_toy,num_overwrites,2,134667,1.0,0.0,1.947,1,"{'model_name': 'educational_evolving_memory_toy', 'state_dim': 32, 'seed': 134667, 'num_overwrites': 2, 'spacing': 3, 'target_mode': 'recency'}"
interference,interference,educational_evolving_memory_toy,num_overwrites,2,142586,1.0,0.0,1.982,1,"{'model_name': 'educational_evolving_memory_toy', 'state_dim': 32, 'seed': 142586, 'num_overwrites': 2, 'spacing': 3, 'target_mode': 'recency'}"
interference,interference,educational_evolving_memory_toy,num_overwrites,2,150505,1.0,0.0,1.989,1,"{'model_name': 'educational_evolving_memory_toy', 'state_dim': 32, 'seed': 150505, 'num_overwrites': 2, 'spacing': 3, 'target_mode': 'recency'}"
interference,interference,educational_evolving_memory_toy,num_overwrites,2,158424,1.0,0.0,1.966,1,"{'model_name': 'educational_evolving_memory_toy', 'state_dim': 32, 'seed': 158424, 'num_overwrites': 2, 'spacing': 3, 'target_mode': 'recency'}"
interference,interference,educational_evolving_memory_toy,num_overwrites,2,166343,1.0,0.0,1.943,1,"{'model_name': 'educational_evolving_memory_toy', 'state_dim': 32, 'seed': 166343, 'num_overwrites': 2, 'spacing': 3, 'target_mode': 'recency'}"
interference,interference,educational_evolving_memory_toy,num_overwrites,2,174262,1.0,0.0,1.991,1,"{'model_name': 'educational_evolving_memory_toy', 'state_dim': 32, 'seed': 174262, 'num_overwrites': 2, 'spacing': 3, 'target_mode': 'recency'}"
interference,interference,educational_evolving_memory_toy,num_overwrites,2,182181,1.0,0.0,2.694,1,"{'model_name': 'educational_evolving_memory_toy', 'state_dim': 32, 'seed': 182181, 'num_overwrites': 2, 'spacing': 3, 'target_mode': 'recency'}"
interference,interference,educational_evolving_memory_toy,num_overwrites,2,190100,1.0,0.0,3.306,1,"{'model_name': 'educational_evolving_memory_toy', 'state_dim': 32, 'seed': 190100, 'num_overwrites': 2, 'spacing': 3, 'target_mode': 'recency'}"
interference,interference,educational_evolving_memory_toy,num_overwrites,2,198019,1.0,0.0,2.066,1,"{'model_name': 'educational_evolving_memory_toy', 'state_dim': 32, 'seed': 198019, 'num_overwrites': 2, 'spacing': 3, 'target_mode': 'recency'}"
interference,interference,educational_evolving_memory_toy,num_overwrites,2,205938,1.0,0.0,2.036,1,"{'model_name': 'educational_evolving_memory_toy', 'state_dim': 32, 'seed': 205938, 'num_overwrites': 2, 'spacing': 3, 'target_mode': 'recency'}"
interference,interference,educational_evolving_memory_toy,num_overwrites,2,213857,1.0,0.0,1.973,1,"{'model_name': 'educational_evolving_memory_toy', 'state_dim': 32, 'seed': 213857, 'num_overwrites': 2, 'spacing': 3, 'target_mode': 'recency'}"
interference,interference,educational_evolving_memory_toy,num_overwrites,2,221776,1.0,0.0,5.565,1,"{'model_name': 'educational_evolving_memory_toy', 'state_dim': 32, 'seed': 221776, 'num_overwrites': 2, 'spacing': 3, 'target_mode': 'recency'}"
interference,interference,educational_evolving_memory_toy,num_overwrites,2,229695,1.0,0.0,2.273,1,"{'model_name': 'educational_evolving_memory_toy', 'state_dim': 32, 'seed': 229695, 'num_overwrites': 2, 'spacing': 3, 'target_mode': 'recency'}"
interference,interference,educational_evolving_memory_toy,num_overwrites,3,45,0.0,1.0,3.228,1,"{'model_name': 'educational_evolving_memory_toy', 'state_dim': 32, 'seed': 45, 'num_overwrites': 3, 'spacing': 3, 'target_mode': 'recency'}"
interference,interference,educational_evolving_memory_toy,num_overwrites,3,7964,0.0,1.0,2.84,1,"{'model_name': 'educational_evolving_memory_toy', 'state_dim': 32, 'seed': 7964, 'num_overwrites': 3, 'spacing': 3, 'target_mode': 'recency'}"
interference,interference,educational_evolving_memory_toy,num_overwrites,3,15883,1.0,0.0,2.751,1,"{'model_name': 'educational_evolving_memory_toy', 'state_dim': 32, 'seed': 15883, 'num_overwrites': 3, 'spacing': 3, 'target_mode': 'recency'}"
interference,interference,educational_evolving_memory_toy,num_overwrites,3,23802,0.0,1.0,2.827,1,"{'model_name': 'educational_evolving_memory_toy', 'state_dim': 32, 'seed': 23802, 'num_overwrites': 3, 'spacing': 3, 'target_mode': 'recency'}"
interference,interference,educational_evolving_memory_toy,num_overwrites,3,31721,1.0,0.0,2.745,1,"{'model_name': 'educational_evolving_memory_toy', 'state_dim': 32, 'seed': 31721, 'num_overwrites': 3, 'spacing': 3, 'target_mode': 'recency'}"
interference,interference,educational_evolving_memory_toy,num_overwrites,3,39640,0.0,1.0,2.822,1,"{'model_name': 'educational_evolving_memory_toy', 'state_dim': 32, 'seed': 39640, 'num_overwrites': 3, 'spacing': 3, 'target_mode': 'recency'}"
interference,interference,educational_evolving_memory_toy,num_overwrites,3,47559,1.0,0.0,2.717,1,"{'model_name': 'educational_evolving_memory_toy', 'state_dim': 32, 'seed': 47559, 'num_overwrites': 3, 'spacing': 3, 'target_mode': 'recency'}"
interference,interference,educational_evolving_memory_toy,num_overwrites,3,55478,1.0,0.0,2.753,1,"{'model_name': 'educational_evolving_memory_toy', 'state_dim': 32, 'seed': 55478, 'num_overwrites': 3, 'spacing': 3, 'target_mode': 'recency'}"
interference,interference,educational_evolving_memory_toy,num_overwrites,3,63397,0.0,1.0,2.692,1,"{'model_name': 'educational_evolving_memory_toy', 'state_dim': 32, 'seed': 63397, 'num_overwrites': 3, 'spacing': 3, 'target_mode': 'recency'}"
interference,interference,educational_evolving_memory_toy,num_overwrites,3,71316,1.0,0.0,2.756,1,"{'model_name': 'educational_evolving_memory_toy', 'state_dim': 32, 'seed': 71316, 'num_overwrites': 3, 'spacing': 3, 'target_mode': 'recency'}"
interference,interference,educational_evolving_memory_toy,num_overwrites,3,79235,0.0,1.0,2.688,1,"{'model_name': 'educational_evolving_memory_toy', 'state_dim': 32, 'seed': 79235, 'num_overwrites': 3, 'spacing': 3, 'target_mode': 'recency'}"
interference,interference,educational_evolving_memory_toy,num_overwrites,3,87154,1.0,0.0,2.78,1,"{'model_name': 'educational_evolving_memory_toy', 'state_dim': 32, 'seed': 87154, 'num_overwrites': 3, 'spacing': 3, 'target_mode': 'recency'}"
interference,interference,educational_evolving_memory_toy,num_overwrites,3,95073,1.0,0.0,2.743,1,"{'model_name': 'educational_evolving_memory_toy', 'state_dim': 32, 'seed': 95073, 'num_overwrites': 3, 'spacing': 3, 'target_mode': 'recency'}"
interference,interference,educational_evolving_memory_toy,num_overwrites,3,102992,0.0,1.0,11.76,1,"{'model_name': 'educational_evolving_memory_toy', 'state_dim': 32, 'seed': 102992, 'num_overwrites': 3, 'spacing': 3, 'target_mode': 'recency'}"
interference,interference,educational_evolving_memory_toy,num_overwrites,3,110911,0.0,1.0,12.203,1,"{'model_name': 'educational_evolving_memory_toy', 'state_dim': 32, 'seed': 110911, 'num_overwrites': 3, 'spacing': 3, 'target_mode': 'recency'}"
interference,interference,educational_evolving_memory_toy,num_overwrites,3,118830,1.0,0.0,11.7,1,"{'model_name': 'educational_evolving_memory_toy', 'state_dim': 32, 'seed': 118830, 'num_overwrites': 3, 'spacing': 3, 'target_mode': 'recency'}"
interference,interference,educational_evolving_memory_toy,num_overwrites,3,126749,1.0,0.0,12.005,1,"{'model_name': 'educational_evolving_memory_toy', 'state_dim': 32, 'seed': 126749, 'num_overwrites': 3, 'spacing': 3, 'target_mode': 'recency'}"
interference,interference,educational_evolving_memory_toy,num_overwrites,3,134668,1.0,0.0,12.714,1,"{'model_name': 'educational_evolving_memory_toy', 'state_dim': 32, 'seed': 134668, 'num_overwrites': 3, 'spacing': 3, 'target_mode': 'recency'}"
interference,interference,educational_evolving_memory_toy,num_overwrites,3,142587,1.0,0.0,4.56,1,"{'model_name': 'educational_evolving_memory_toy', 'state_dim': 32, 'seed': 142587, 'num_overwrites': 3, 'spacing': 3, 'target_mode': 'recency'}"
interference,interference,educational_evolving_memory_toy,num_overwrites,3,150506,1.0,0.0,2.846,1,"{'model_name': 'educational_evolving_memory_toy', 'state_dim': 32, 'seed': 150506, 'num_overwrites': 3, 'spacing': 3, 'target_mode': 'recency'}"
interference,interference,educational_evolving_memory_toy,num_overwrites,3,158425,1.0,0.0,2.807,1,"{'model_name': 'educational_evolving_memory_toy', 'state_dim': 32, 'seed': 158425, 'num_overwrites': 3, 'spacing': 3, 'target_mode': 'recency'}"
interference,interference,educational_evolving_memory_toy,num_overwrites,3,166344,1.0,0.0,2.779,1,"{'model_name': 'educational_evolving_memory_toy', 'state_dim': 32, 'seed': 166344, 'num_overwrites': 3, 'spacing': 3, 'target_mode': 'recency'}"
interference,interference,educational_evolving_memory_toy,num_overwrites,3,174263,0.0,1.0,3.12,1,"{'model_name': 'educational_evolving_memory_toy', 'state_dim': 32, 'seed': 174263, 'num_overwrites': 3, 'spacing': 3, 'target_mode': 'recency'}"
interference,interference,educational_evolving_memory_toy,num_overwrites,3,182182,1.0,0.0,3.41,1,"{'model_name': 'educational_evolving_memory_toy', 'state_dim': 32, 'seed': 182182, 'num_overwrites': 3, 'spacing': 3, 'target_mode': 'recency'}"
interference,interference,educational_evolving_memory_toy,num_overwrites,3,190101,0.0,1.0,2.216,1,"{'model_name': 'educational_evolving_memory_toy', 'state_dim': 32, 'seed': 190101, 'num_overwrites': 3, 'spacing': 3, 'target_mode': 'recency'}"
interference,interference,educational_evolving_memory_toy,num_overwrites,3,198020,0.0,1.0,2.078,1,"{'model_name': 'educational_evolving_memory_toy', 'state_dim': 32, 'seed': 198020, 'num_overwrites': 3, 'spacing': 3, 'target_mode': 'recency'}"
interference,interference,educational_evolving_memory_toy,num_overwrites,3,205939,0.0,1.0,2.065,1,"{'model_name': 'educational_evolving_memory_toy', 'state_dim': 32, 'seed': 205939, 'num_overwrites': 3, 'spacing': 3, 'target_mode': 'recency'}"
interference,interference,educational_evolving_memory_toy,num_overwrites,3,213858,1.0,0.0,2.116,1,"{'model_name': 'educational_evolving_memory_toy', 'state_dim': 32, 'seed': 213858, 'num_overwrites': 3, 'spacing': 3, 'target_mode': 'recency'}"
interference,interference,educational_evolving_memory_toy,num_overwrites,3,221777,0.0,1.0,2.086,1,"{'model_name': 'educational_evolving_memory_toy', 'state_dim': 32, 'seed': 221777, 'num_overwrites': 3, 'spacing': 3, 'target_mode': 'recency'}"
interference,interference,educational_evolving_memory_toy,num_overwrites,3,229696,0.0,1.0,2.46,1,"{'model_name': 'educational_evolving_memory_toy', 'state_dim': 32, 'seed': 229696, 'num_overwrites': 3, 'spacing': 3, 'target_mode': 'recency'}"
interference,interference,educational_evolving_memory_toy,num_overwrites,4,46,0.0,1.0,3.997,1,"{'model_name': 'educational_evolving_memory_toy', 'state_dim': 32, 'seed': 46, 'num_overwrites': 4, 'spacing': 3, 'target_mode': 'recency'}"
interference,interference,educational_evolving_memory_toy,num_overwrites,4,7965,0.0,1.0,3.519,1,"{'model_name': 'educational_evolving_memory_toy', 'state_dim': 32, 'seed': 7965, 'num_overwrites': 4, 'spacing': 3, 'target_mode': 'recency'}"
interference,interference,educational_evolving_memory_toy,num_overwrites,4,15884,0.0,1.0,3.484,1,"{'model_name': 'educational_evolving_memory_toy', 'state_dim': 32, 'seed': 15884, 'num_overwrites': 4, 'spacing': 3, 'target_mode': 'recency'}"
interference,interference,educational_evolving_memory_toy,num_overwrites,4,23803,0.0,1.0,3.512,1,"{'model_name': 'educational_evolving_memory_toy', 'state_dim': 32, 'seed': 23803, 'num_overwrites': 4, 'spacing': 3, 'target_mode': 'recency'}"
interference,interference,educational_evolving_memory_toy,num_overwrites,4,31722,0.0,1.0,3.492,1,"{'model_name': 'educational_evolving_memory_toy', 'state_dim': 32, 'seed': 31722, 'num_overwrites': 4, 'spacing': 3, 'target_mode': 'recency'}"
interference,interference,educational_evolving_memory_toy,num_overwrites,4,39641,0.0,1.0,3.5,1,"{'model_name': 'educational_evolving_memory_toy', 'state_dim': 32, 'seed': 39641, 'num_overwrites': 4, 'spacing': 3, 'target_mode': 'recency'}"
interference,interference,educational_evolving_memory_toy,num_overwrites,4,47560,1.0,0.0,3.48,1,"{'model_name': 'educational_evolving_memory_toy', 'state_dim': 32, 'seed': 47560, 'num_overwrites': 4, 'spacing': 3, 'target_mode': 'recency'}"
interference,interference,educational_evolving_memory_toy,num_overwrites,4,55479,1.0,0.0,3.462,1,"{'model_name': 'educational_evolving_memory_toy', 'state_dim': 32, 'seed': 55479, 'num_overwrites': 4, 'spacing': 3, 'target_mode': 'recency'}"
interference,interference,educational_evolving_memory_toy,num_overwrites,4,63398,0.0,1.0,3.66,1,"{'model_name': 'educational_evolving_memory_toy', 'state_dim': 32, 'seed': 63398, 'num_overwrites': 4, 'spacing': 3, 'target_mode': 'recency'}"
interference,interference,educational_evolving_memory_toy,num_overwrites,4,71317,0.0,1.0,3.516,1,"{'model_name': 'educational_evolving_memory_toy', 'state_dim': 32, 'seed': 71317, 'num_overwrites': 4, 'spacing': 3, 'target_mode': 'recency'}"
interference,interference,educational_evolving_memory_toy,num_overwrites,4,79236,1.0,0.0,3.522,1,"{'model_name': 'educational_evolving_memory_toy', 'state_dim': 32, 'seed': 79236, 'num_overwrites': 4, 'spacing': 3, 'target_mode': 'recency'}"
interference,interference,educational_evolving_memory_toy,num_overwrites,4,87155,0.0,1.0,3.486,1,"{'model_name': 'educational_evolving_memory_toy', 'state_dim': 32, 'seed': 87155, 'num_overwrites': 4, 'spacing': 3, 'target_mode': 'recency'}"
interference,interference,educational_evolving_memory_toy,num_overwrites,4,95074,1.0,0.0,13.004,1,"{'model_name': 'educational_evolving_memory_toy', 'state_dim': 32, 'seed': 95074, 'num_overwrites': 4, 'spacing': 3, 'target_mode': 'recency'}"
interference,interference,educational_evolving_memory_toy,num_overwrites,4,102993,1.0,0.0,15.039,1,"{'model_name': 'educational_evolving_memory_toy', 'state_dim': 32, 'seed': 102993, 'num_overwrites': 4, 'spacing': 3, 'target_mode': 'recency'}"
interference,interference,educational_evolving_memory_toy,num_overwrites,4,110912,1.0,0.0,11.151,1,"{'model_name': 'educational_evolving_memory_toy', 'state_dim': 32, 'seed': 110912, 'num_overwrites': 4, 'spacing': 3, 'target_mode': 'recency'}"
interference,interference,educational_evolving_memory_toy,num_overwrites,4,118831,0.0,1.0,3.623,1,"{'model_name': 'educational_evolving_memory_toy', 'state_dim': 32, 'seed': 118831, 'num_overwrites': 4, 'spacing': 3, 'target_mode': 'recency'}"
interference,interference,educational_evolving_memory_toy,num_overwrites,4,126750,0.0,1.0,3.526,1,"{'model_name': 'educational_evolving_memory_toy', 'state_dim': 32, 'seed': 126750, 'num_overwrites': 4, 'spacing': 3, 'target_mode': 'recency'}"
interference,interference,educational_evolving_memory_toy,num_overwrites,4,134669,0.0,1.0,3.503,1,"{'model_name': 'educational_evolving_memory_toy', 'state_dim': 32, 'seed': 134669, 'num_overwrites': 4, 'spacing': 3, 'target_mode': 'recency'}"
interference,interference,educational_evolving_memory_toy,num_overwrites,4,142588,0.0,1.0,3.527,1,"{'model_name': 'educational_evolving_memory_toy', 'state_dim': 32, 'seed': 142588, 'num_overwrites': 4, 'spacing': 3, 'target_mode': 'recency'}"
interference,interference,educational_evolving_memory_toy,num_overwrites,4,150507,1.0,0.0,3.494,1,"{'model_name': 'educational_evolving_memory_toy', 'state_dim': 32, 'seed': 150507, 'num_overwrites': 4, 'spacing': 3, 'target_mode': 'recency'}"
interference,interference,educational_evolving_memory_toy,num_overwrites,4,158426,1.0,0.0,3.511,1,"{'model_name': 'educational_evolving_memory_toy', 'state_dim': 32, 'seed': 158426, 'num_overwrites': 4, 'spacing': 3, 'target_mode': 'recency'}"
interference,interference,educational_evolving_memory_toy,num_overwrites,4,166345,0.0,1.0,3.485,1,"{'model_name': 'educational_evolving_memory_toy', 'state_dim': 32, 'seed': 166345, 'num_overwrites': 4, 'spacing': 3, 'target_mode': 'recency'}"
interference,interference,educational_evolving_memory_toy,num_overwrites,4,174264,0.0,1.0,3.461,1,"{'model_name': 'educational_evolving_memory_toy', 'state_dim': 32, 'seed': 174264, 'num_overwrites': 4, 'spacing': 3, 'target_mode': 'recency'}"
interference,interference,educational_evolving_memory_toy,num_overwrites,4,182183,0.0,1.0,3.462,1,"{'model_name': 'educational_evolving_memory_toy', 'state_dim': 32, 'seed': 182183, 'num_overwrites': 4, 'spacing': 3, 'target_mode': 'recency'}"
interference,interference,educational_evolving_memory_toy,num_overwrites,4,190102,0.0,1.0,3.527,1,"{'model_name': 'educational_evolving_memory_toy', 'state_dim': 32, 'seed': 190102, 'num_overwrites': 4, 'spacing': 3, 'target_mode': 'recency'}"
interference,interference,educational_evolving_memory_toy,num_overwrites,4,198021,1.0,0.0,3.493,1,"{'model_name': 'educational_evolving_memory_toy', 'state_dim': 32, 'seed': 198021, 'num_overwrites': 4, 'spacing': 3, 'target_mode': 'recency'}"
interference,interference,educational_evolving_memory_toy,num_overwrites,4,205940,0.0,1.0,3.46,1,"{'model_name': 'educational_evolving_memory_toy', 'state_dim': 32, 'seed': 205940, 'num_overwrites': 4, 'spacing': 3, 'target_mode': 'recency'}"
interference,interference,educational_evolving_memory_toy,num_overwrites,4,213859,1.0,0.0,3.466,1,"{'model_name': 'educational_evolving_memory_toy', 'state_dim': 32, 'seed': 213859, 'num_overwrites': 4, 'spacing': 3, 'target_mode': 'recency'}"
interference,interference,educational_evolving_memory_toy,num_overwrites,4,221778,0.0,1.0,3.471,1,"{'model_name': 'educational_evolving_memory_toy', 'state_dim': 32, 'seed': 221778, 'num_overwrites': 4, 'spacing': 3, 'target_mode': 'recency'}"
interference,interference,educational_evolving_memory_toy,num_overwrites,4,229697,0.0,1.0,3.458,1,"{'model_name': 'educational_evolving_memory_toy', 'state_dim': 32, 'seed': 229697, 'num_overwrites': 4, 'spacing': 3, 'target_mode': 'recency'}"
interference,interference,educational_evolving_memory_toy,num_overwrites,6,48,0.0,1.0,5.523,1,"{'model_name': 'educational_evolving_memory_toy', 'state_dim': 32, 'seed': 48, 'num_overwrites': 6, 'spacing': 3, 'target_mode': 'recency'}"
interference,interference,educational_evolving_memory_toy,num_overwrites,6,7967,1.0,0.0,5.137,1,"{'model_name': 'educational_evolving_memory_toy', 'state_dim': 32, 'seed': 7967, 'num_overwrites': 6, 'spacing': 3, 'target_mode': 'recency'}"
interference,interference,educational_evolving_memory_toy,num_overwrites,6,15886,1.0,0.0,5.378,1,"{'model_name': 'educational_evolving_memory_toy', 'state_dim': 32, 'seed': 15886, 'num_overwrites': 6, 'spacing': 3, 'target_mode': 'recency'}"
interference,interference,educational_evolving_memory_toy,num_overwrites,6,23805,1.0,0.0,5.131,1,"{'model_name': 'educational_evolving_memory_toy', 'state_dim': 32, 'seed': 23805, 'num_overwrites': 6, 'spacing': 3, 'target_mode': 'recency'}"
interference,interference,educational_evolving_memory_toy,num_overwrites,6,31724,0.0,1.0,5.032,1,"{'model_name': 'educational_evolving_memory_toy', 'state_dim': 32, 'seed': 31724, 'num_overwrites': 6, 'spacing': 3, 'target_mode': 'recency'}"
interference,interference,educational_evolving_memory_toy,num_overwrites,6,39643,0.0,1.0,5.056,1,"{'model_name': 'educational_evolving_memory_toy', 'state_dim': 32, 'seed': 39643, 'num_overwrites': 6, 'spacing': 3, 'target_mode': 'recency'}"
interference,interference,educational_evolving_memory_toy,num_overwrites,6,47562,0.0,1.0,5.039,1,"{'model_name': 'educational_evolving_memory_toy', 'state_dim': 32, 'seed': 47562, 'num_overwrites': 6, 'spacing': 3, 'target_mode': 'recency'}"
interference,interference,educational_evolving_memory_toy,num_overwrites,6,55481,0.0,1.0,5.004,1,"{'model_name': 'educational_evolving_memory_toy', 'state_dim': 32, 'seed': 55481, 'num_overwrites': 6, 'spacing': 3, 'target_mode': 'recency'}"
interference,interference,educational_evolving_memory_toy,num_overwrites,6,63400,0.0,1.0,15.739,1,"{'model_name': 'educational_evolving_memory_toy', 'state_dim': 32, 'seed': 63400, 'num_overwrites': 6, 'spacing': 3, 'target_mode': 'recency'}"
interference,interference,educational_evolving_memory_toy,num_overwrites,6,71319,0.0,1.0,21.34,1,"{'model_name': 'educational_evolving_memory_toy', 'state_dim': 32, 'seed': 71319, 'num_overwrites': 6, 'spacing': 3, 'target_mode': 'recency'}"
interference,interference,educational_evolving_memory_toy,num_overwrites,6,79238,0.0,1.0,21.681,1,"{'model_name': 'educational_evolving_memory_toy', 'state_dim': 32, 'seed': 79238, 'num_overwrites': 6, 'spacing': 3, 'target_mode': 'recency'}"
interference,interference,educational_evolving_memory_toy,num_overwrites,6,87157,0.0,1.0,9.667,1,"{'model_name': 'educational_evolving_memory_toy', 'state_dim': 32, 'seed': 87157, 'num_overwrites': 6, 'spacing': 3, 'target_mode': 'recency'}"
interference,interference,educational_evolving_memory_toy,num_overwrites,6,95076,0.0,1.0,3.992,1,"{'model_name': 'educational_evolving_memory_toy', 'state_dim': 32, 'seed': 95076, 'num_overwrites': 6, 'spacing': 3, 'target_mode': 'recency'}"
interference,interference,educational_evolving_memory_toy,num_overwrites,6,102995,0.0,1.0,18.386,1,"{'model_name': 'educational_evolving_memory_toy', 'state_dim': 32, 'seed': 102995, 'num_overwrites': 6, 'spacing': 3, 'target_mode': 'recency'}"
interference,interference,educational_evolving_memory_toy,num_overwrites,6,110914,1.0,0.0,22.498,1,"{'model_name': 'educational_evolving_memory_toy', 'state_dim': 32, 'seed': 110914, 'num_overwrites': 6, 'spacing': 3, 'target_mode': 'recency'}"
interference,interference,educational_evolving_memory_toy,num_overwrites,6,118833,1.0,0.0,21.841,1,"{'model_name': 'educational_evolving_memory_toy', 'state_dim': 32, 'seed': 118833, 'num_overwrites': 6, 'spacing': 3, 'target_mode': 'recency'}"
interference,interference,educational_evolving_memory_toy,num_overwrites,6,126752,0.0,1.0,6.23,1,"{'model_name': 'educational_evolving_memory_toy', 'state_dim': 32, 'seed': 126752, 'num_overwrites': 6, 'spacing': 3, 'target_mode': 'recency'}"
interference,interference,educational_evolving_memory_toy,num_overwrites,6,134671,0.0,1.0,5.258,1,"{'model_name': 'educational_evolving_memory_toy', 'state_dim': 32, 'seed': 134671, 'num_overwrites': 6, 'spacing': 3, 'target_mode': 'recency'}"
interference,interference,educational_evolving_memory_toy,num_overwrites,6,142590,0.0,1.0,4.954,1,"{'model_name': 'educational_evolving_memory_toy', 'state_dim': 32, 'seed': 142590, 'num_overwrites': 6, 'spacing': 3, 'target_mode': 'recency'}"
interference,interference,educational_evolving_memory_toy,num_overwrites,6,150509,1.0,0.0,4.379,1,"{'model_name': 'educational_evolving_memory_toy', 'state_dim': 32, 'seed': 150509, 'num_overwrites': 6, 'spacing': 3, 'target_mode': 'recency'}"
interference,interference,educational_evolving_memory_toy,num_overwrites,6,158428,0.0,1.0,3.97,1,"{'model_name': 'educational_evolving_memory_toy', 'state_dim': 32, 'seed': 158428, 'num_overwrites': 6, 'spacing': 3, 'target_mode': 'recency'}"
interference,interference,educational_evolving_memory_toy,num_overwrites,6,166347,0.0,1.0,3.948,1,"{'model_name': 'educational_evolving_memory_toy', 'state_dim': 32, 'seed': 166347, 'num_overwrites': 6, 'spacing': 3, 'target_mode': 'recency'}"
interference,interference,educational_evolving_memory_toy,num_overwrites,6,174266,1.0,0.0,3.981,1,"{'model_name': 'educational_evolving_memory_toy', 'state_dim': 32, 'seed': 174266, 'num_overwrites': 6, 'spacing': 3, 'target_mode': 'recency'}"
interference,interference,educational_evolving_memory_toy,num_overwrites,6,182185,1.0,0.0,3.854,1,"{'model_name': 'educational_evolving_memory_toy', 'state_dim': 32, 'seed': 182185, 'num_overwrites': 6, 'spacing': 3, 'target_mode': 'recency'}"
interference,interference,educational_evolving_memory_toy,num_overwrites,6,190104,0.0,1.0,4.019,1,"{'model_name': 'educational_evolving_memory_toy', 'state_dim': 32, 'seed': 190104, 'num_overwrites': 6, 'spacing': 3, 'target_mode': 'recency'}"
interference,interference,educational_evolving_memory_toy,num_overwrites,6,198023,0.0,1.0,4.44,1,"{'model_name': 'educational_evolving_memory_toy', 'state_dim': 32, 'seed': 198023, 'num_overwrites': 6, 'spacing': 3, 'target_mode': 'recency'}"
interference,interference,educational_evolving_memory_toy,num_overwrites,6,205942,1.0,0.0,3.977,1,"{'model_name': 'educational_evolving_memory_toy', 'state_dim': 32, 'seed': 205942, 'num_overwrites': 6, 'spacing': 3, 'target_mode': 'recency'}"
interference,interference,educational_evolving_memory_toy,num_overwrites,6,213861,0.0,1.0,4.05,1,"{'model_name': 'educational_evolving_memory_toy', 'state_dim': 32, 'seed': 213861, 'num_overwrites': 6, 'spacing': 3, 'target_mode': 'recency'}"
interference,interference,educational_evolving_memory_toy,num_overwrites,6,221780,1.0,0.0,3.993,1,"{'model_name': 'educational_evolving_memory_toy', 'state_dim': 32, 'seed': 221780, 'num_overwrites': 6, 'spacing': 3, 'target_mode': 'recency'}"
interference,interference,educational_evolving_memory_toy,num_overwrites,6,229699,0.0,1.0,4.197,1,"{'model_name': 'educational_evolving_memory_toy', 'state_dim': 32, 'seed': 229699, 'num_overwrites': 6, 'spacing': 3, 'target_mode': 'recency'}"
interference,interference,educational_evolving_memory_toy,num_overwrites,8,50,1.0,0.0,7.208,1,"{'model_name': 'educational_evolving_memory_toy', 'state_dim': 32, 'seed': 50, 'num_overwrites': 8, 'spacing': 3, 'target_mode': 'recency'}"
interference,interference,educational_evolving_memory_toy,num_overwrites,8,7969,0.0,1.0,8.677,1,"{'model_name': 'educational_evolving_memory_toy', 'state_dim': 32, 'seed': 7969, 'num_overwrites': 8, 'spacing': 3, 'target_mode': 'recency'}"
interference,interference,educational_evolving_memory_toy,num_overwrites,8,15888,0.0,1.0,6.429,1,"{'model_name': 'educational_evolving_memory_toy', 'state_dim': 32, 'seed': 15888, 'num_overwrites': 8, 'spacing': 3, 'target_mode': 'recency'}"
interference,interference,educational_evolving_memory_toy,num_overwrites,8,23807,1.0,0.0,6.43,1,"{'model_name': 'educational_evolving_memory_toy', 'state_dim': 32, 'seed': 23807, 'num_overwrites': 8, 'spacing': 3, 'target_mode': 'recency'}"
interference,interference,educational_evolving_memory_toy,num_overwrites,8,31726,0.0,1.0,26.862,1,"{'model_name': 'educational_evolving_memory_toy', 'state_dim': 32, 'seed': 31726, 'num_overwrites': 8, 'spacing': 3, 'target_mode': 'recency'}"
interference,interference,educational_evolving_memory_toy,num_overwrites,8,39645,0.0,1.0,27.392,1,"{'model_name': 'educational_evolving_memory_toy', 'state_dim': 32, 'seed': 39645, 'num_overwrites': 8, 'spacing': 3, 'target_mode': 'recency'}"
interference,interference,educational_evolving_memory_toy,num_overwrites,8,47564,0.0,1.0,30.789,1,"{'model_name': 'educational_evolving_memory_toy', 'state_dim': 32, 'seed': 47564, 'num_overwrites': 8, 'spacing': 3, 'target_mode': 'recency'}"
interference,interference,educational_evolving_memory_toy,num_overwrites,8,55483,0.0,1.0,11.413,1,"{'model_name': 'educational_evolving_memory_toy', 'state_dim': 32, 'seed': 55483, 'num_overwrites': 8, 'spacing': 3, 'target_mode': 'recency'}"
interference,interference,educational_evolving_memory_toy,num_overwrites,8,63402,0.0,1.0,6.831,1,"{'model_name': 'educational_evolving_memory_toy', 'state_dim': 32, 'seed': 63402, 'num_overwrites': 8, 'spacing': 3, 'target_mode': 'recency'}"
interference,interference,educational_evolving_memory_toy,num_overwrites,8,71321,0.0,1.0,6.554,1,"{'model_name': 'educational_evolving_memory_toy', 'state_dim': 32, 'seed': 71321, 'num_overwrites': 8, 'spacing': 3, 'target_mode': 'recency'}"
interference,interference,educational_evolving_memory_toy,num_overwrites,8,79240,0.0,1.0,6.664,1,"{'model_name': 'educational_evolving_memory_toy', 'state_dim': 32, 'seed': 79240, 'num_overwrites': 8, 'spacing': 3, 'target_mode': 'recency'}"
interference,interference,educational_evolving_memory_toy,num_overwrites,8,87159,0.0,1.0,6.693,1,"{'model_name': 'educational_evolving_memory_toy', 'state_dim': 32, 'seed': 87159, 'num_overwrites': 8, 'spacing': 3, 'target_mode': 'recency'}"
interference,interference,educational_evolving_memory_toy,num_overwrites,8,95078,0.0,1.0,23.74,1,"{'model_name': 'educational_evolving_memory_toy', 'state_dim': 32, 'seed': 95078, 'num_overwrites': 8, 'spacing': 3, 'target_mode': 'recency'}"
interference,interference,educational_evolving_memory_toy,num_overwrites,8,102997,0.0,1.0,19.314,1,"{'model_name': 'educational_evolving_memory_toy', 'state_dim': 32, 'seed': 102997, 'num_overwrites': 8, 'spacing': 3, 'target_mode': 'recency'}"
interference,interference,educational_evolving_memory_toy,num_overwrites,8,110916,0.0,1.0,5.38,1,"{'model_name': 'educational_evolving_memory_toy', 'state_dim': 32, 'seed': 110916, 'num_overwrites': 8, 'spacing': 3, 'target_mode': 'recency'}"
interference,interference,educational_evolving_memory_toy,num_overwrites,8,118835,0.0,1.0,4.907,1,"{'model_name': 'educational_evolving_memory_toy', 'state_dim': 32, 'seed': 118835, 'num_overwrites': 8, 'spacing': 3, 'target_mode': 'recency'}"
interference,interference,educational_evolving_memory_toy,num_overwrites,8,126754,0.0,1.0,4.81,1,"{'model_name': 'educational_evolving_memory_toy', 'state_dim': 32, 'seed': 126754, 'num_overwrites': 8, 'spacing': 3, 'target_mode': 'recency'}"
interference,interference,educational_evolving_memory_toy,num_overwrites,8,134673,0.0,1.0,4.887,1,"{'model_name': 'educational_evolving_memory_toy', 'state_dim': 32, 'seed': 134673, 'num_overwrites': 8, 'spacing': 3, 'target_mode': 'recency'}"
interference,interference,educational_evolving_memory_toy,num_overwrites,8,142592,0.0,1.0,4.887,1,"{'model_name': 'educational_evolving_memory_toy', 'state_dim': 32, 'seed': 142592, 'num_overwrites': 8, 'spacing': 3, 'target_mode': 'recency'}"
interference,interference,educational_evolving_memory_toy,num_overwrites,8,150511,0.0,1.0,4.974,1,"{'model_name': 'educational_evolving_memory_toy', 'state_dim': 32, 'seed': 150511, 'num_overwrites': 8, 'spacing': 3, 'target_mode': 'recency'}"
interference,interference,educational_evolving_memory_toy,num_overwrites,8,158430,0.0,1.0,5.629,1,"{'model_name': 'educational_evolving_memory_toy', 'state_dim': 32, 'seed': 158430, 'num_overwrites': 8, 'spacing': 3, 'target_mode': 'recency'}"
interference,interference,educational_evolving_memory_toy,num_overwrites,8,166349,0.0,1.0,5.974,1,"{'model_name': 'educational_evolving_memory_toy', 'state_dim': 32, 'seed': 166349, 'num_overwrites': 8, 'spacing': 3, 'target_mode': 'recency'}"
interference,interference,educational_evolving_memory_toy,num_overwrites,8,174268,0.0,1.0,5.723,1,"{'model_name': 'educational_evolving_memory_toy', 'state_dim': 32, 'seed': 174268, 'num_overwrites': 8, 'spacing': 3, 'target_mode': 'recency'}"
interference,interference,educational_evolving_memory_toy,num_overwrites,8,182187,0.0,1.0,5.46,1,"{'model_name': 'educational_evolving_memory_toy', 'state_dim': 32, 'seed': 182187, 'num_overwrites': 8, 'spacing': 3, 'target_mode': 'recency'}"
interference,interference,educational_evolving_memory_toy,num_overwrites,8,190106,0.0,1.0,6.237,1,"{'model_name': 'educational_evolving_memory_toy', 'state_dim': 32, 'seed': 190106, 'num_overwrites': 8, 'spacing': 3, 'target_mode': 'recency'}"
interference,interference,educational_evolving_memory_toy,num_overwrites,8,198025,0.0,1.0,6.044,1,"{'model_name': 'educational_evolving_memory_toy', 'state_dim': 32, 'seed': 198025, 'num_overwrites': 8, 'spacing': 3, 'target_mode': 'recency'}"
interference,interference,educational_evolving_memory_toy,num_overwrites,8,205944,0.0,1.0,6.008,1,"{'model_name': 'educational_evolving_memory_toy', 'state_dim': 32, 'seed': 205944, 'num_overwrites': 8, 'spacing': 3, 'target_mode': 'recency'}"
interference,interference,educational_evolving_memory_toy,num_overwrites,8,213863,1.0,0.0,5.344,1,"{'model_name': 'educational_evolving_memory_toy', 'state_dim': 32, 'seed': 213863, 'num_overwrites': 8, 'spacing': 3, 'target_mode': 'recency'}"
interference,interference,educational_evolving_memory_toy,num_overwrites,8,221782,0.0,1.0,5.59,1,"{'model_name': 'educational_evolving_memory_toy', 'state_dim': 32, 'seed': 221782, 'num_overwrites': 8, 'spacing': 3, 'target_mode': 'recency'}"
interference,interference,educational_evolving_memory_toy,num_overwrites,8,229701,0.0,1.0,5.809,1,"{'model_name': 'educational_evolving_memory_toy', 'state_dim': 32, 'seed': 229701, 'num_overwrites': 8, 'spacing': 3, 'target_mode': 'recency'}"
interference,interference,educational_evolving_memory_toy,num_overwrites,10,52,0.0,1.0,8.475,1,"{'model_name': 'educational_evolving_memory_toy', 'state_dim': 32, 'seed': 52, 'num_overwrites': 10, 'spacing': 3, 'target_mode': 'recency'}"
interference,interference,educational_evolving_memory_toy,num_overwrites,10,7971,0.0,1.0,8.078,1,"{'model_name': 'educational_evolving_memory_toy', 'state_dim': 32, 'seed': 7971, 'num_overwrites': 10, 'spacing': 3, 'target_mode': 'recency'}"
interference,interference,educational_evolving_memory_toy,num_overwrites,10,15890,1.0,0.0,7.892,1,"{'model_name': 'educational_evolving_memory_toy', 'state_dim': 32, 'seed': 15890, 'num_overwrites': 10, 'spacing': 3, 'target_mode': 'recency'}"
interference,interference,educational_evolving_memory_toy,num_overwrites,10,23809,0.0,1.0,13.576,1,"{'model_name': 'educational_evolving_memory_toy', 'state_dim': 32, 'seed': 23809, 'num_overwrites': 10, 'spacing': 3, 'target_mode': 'recency'}"
interference,interference,educational_evolving_memory_toy,num_overwrites,10,31728,0.0,1.0,6.011,1,"{'model_name': 'educational_evolving_memory_toy', 'state_dim': 32, 'seed': 31728, 'num_overwrites': 10, 'spacing': 3, 'target_mode': 'recency'}"
interference,interference,educational_evolving_memory_toy,num_overwrites,10,39647,0.0,1.0,25.378,1,"{'model_name': 'educational_evolving_memory_toy', 'state_dim': 32, 'seed': 39647, 'num_overwrites': 10, 'spacing': 3, 'target_mode': 'recency'}"
interference,interference,educational_evolving_memory_toy,num_overwrites,10,47566,1.0,0.0,34.454,1,"{'model_name': 'educational_evolving_memory_toy', 'state_dim': 32, 'seed': 47566, 'num_overwrites': 10, 'spacing': 3, 'target_mode': 'recency'}"
interference,interference,educational_evolving_memory_toy,num_overwrites,10,55485,1.0,0.0,32.639,1,"{'model_name': 'educational_evolving_memory_toy', 'state_dim': 32, 'seed': 55485, 'num_overwrites': 10, 'spacing': 3, 'target_mode': 'recency'}"
interference,interference,educational_evolving_memory_toy,num_overwrites,10,63404,0.0,1.0,7.036,1,"{'model_name': 'educational_evolving_memory_toy', 'state_dim': 32, 'seed': 63404, 'num_overwrites': 10, 'spacing': 3, 'target_mode': 'recency'}"
interference,interference,educational_evolving_memory_toy,num_overwrites,10,71323,1.0,0.0,6.467,1,"{'model_name': 'educational_evolving_memory_toy', 'state_dim': 32, 'seed': 71323, 'num_overwrites': 10, 'spacing': 3, 'target_mode': 'recency'}"
interference,interference,educational_evolving_memory_toy,num_overwrites,10,79242,0.0,1.0,7.121,1,"{'model_name': 'educational_evolving_memory_toy', 'state_dim': 32, 'seed': 79242, 'num_overwrites': 10, 'spacing': 3, 'target_mode': 'recency'}"
interference,interference,educational_evolving_memory_toy,num_overwrites,10,87161,0.0,1.0,8.26,1,"{'model_name': 'educational_evolving_memory_toy', 'state_dim': 32, 'seed': 87161, 'num_overwrites': 10, 'spacing': 3, 'target_mode': 'recency'}"
interference,interference,educational_evolving_memory_toy,num_overwrites,10,95080,0.0,1.0,8.175,1,"{'model_name': 'educational_evolving_memory_toy', 'state_dim': 32, 'seed': 95080, 'num_overwrites': 10, 'spacing': 3, 'target_mode': 'recency'}"
interference,interference,educational_evolving_memory_toy,num_overwrites,10,102999,1.0,0.0,6.779,1,"{'model_name': 'educational_evolving_memory_toy', 'state_dim': 32, 'seed': 102999, 'num_overwrites': 10, 'spacing': 3, 'target_mode': 'recency'}"
interference,interference,educational_evolving_memory_toy,num_overwrites,10,110918,0.0,1.0,7.191,1,"{'model_name': 'educational_evolving_memory_toy', 'state_dim': 32, 'seed': 110918, 'num_overwrites': 10, 'spacing': 3, 'target_mode': 'recency'}"
interference,interference,educational_evolving_memory_toy,num_overwrites,10,118837,0.0,1.0,7.379,1,"{'model_name': 'educational_evolving_memory_toy', 'state_dim': 32, 'seed': 118837, 'num_overwrites': 10, 'spacing': 3, 'target_mode': 'recency'}"
interference,interference,educational_evolving_memory_toy,num_overwrites,10,126756,0.0,1.0,6.517,1,"{'model_name': 'educational_evolving_memory_toy', 'state_dim': 32, 'seed': 126756, 'num_overwrites': 10, 'spacing': 3, 'target_mode': 'recency'}"
interference,interference,educational_evolving_memory_toy,num_overwrites,10,134675,0.0,1.0,6.336,1,"{'model_name': 'educational_evolving_memory_toy', 'state_dim': 32, 'seed': 134675, 'num_overwrites': 10, 'spacing': 3, 'target_mode': 'recency'}"
interference,interference,educational_evolving_memory_toy,num_overwrites,10,142594,0.0,1.0,6.42,1,"{'model_name': 'educational_evolving_memory_toy', 'state_dim': 32, 'seed': 142594, 'num_overwrites': 10, 'spacing': 3, 'target_mode': 'recency'}"
interference,interference,educational_evolving_memory_toy,num_overwrites,10,150513,0.0,1.0,6.676,1,"{'model_name': 'educational_evolving_memory_toy', 'state_dim': 32, 'seed': 150513, 'num_overwrites': 10, 'spacing': 3, 'target_mode': 'recency'}"
interference,interference,educational_evolving_memory_toy,num_overwrites,10,158432,0.0,1.0,6.333,1,"{'model_name': 'educational_evolving_memory_toy', 'state_dim': 32, 'seed': 158432, 'num_overwrites': 10, 'spacing': 3, 'target_mode': 'recency'}"
interference,interference,educational_evolving_memory_toy,num_overwrites,10,166351,1.0,0.0,6.443,1,"{'model_name': 'educational_evolving_memory_toy', 'state_dim': 32, 'seed': 166351, 'num_overwrites': 10, 'spacing': 3, 'target_mode': 'recency'}"
interference,interference,educational_evolving_memory_toy,num_overwrites,10,174270,0.0,1.0,6.264,1,"{'model_name': 'educational_evolving_memory_toy', 'state_dim': 32, 'seed': 174270, 'num_overwrites': 10, 'spacing': 3, 'target_mode': 'recency'}"
interference,interference,educational_evolving_memory_toy,num_overwrites,10,182189,1.0,0.0,6.75,1,"{'model_name': 'educational_evolving_memory_toy', 'state_dim': 32, 'seed': 182189, 'num_overwrites': 10, 'spacing': 3, 'target_mode': 'recency'}"
interference,interference,educational_evolving_memory_toy,num_overwrites,10,190108,0.0,1.0,6.35,1,"{'model_name': 'educational_evolving_memory_toy', 'state_dim': 32, 'seed': 190108, 'num_overwrites': 10, 'spacing': 3, 'target_mode': 'recency'}"
interference,interference,educational_evolving_memory_toy,num_overwrites,10,198027,1.0,0.0,6.376,1,"{'model_name': 'educational_evolving_memory_toy', 'state_dim': 32, 'seed': 198027, 'num_overwrites': 10, 'spacing': 3, 'target_mode': 'recency'}"
interference,interference,educational_evolving_memory_toy,num_overwrites,10,205946,1.0,0.0,6.306,1,"{'model_name': 'educational_evolving_memory_toy', 'state_dim': 32, 'seed': 205946, 'num_overwrites': 10, 'spacing': 3, 'target_mode': 'recency'}"
interference,interference,educational_evolving_memory_toy,num_overwrites,10,213865,0.0,1.0,6.435,1,"{'model_name': 'educational_evolving_memory_toy', 'state_dim': 32, 'seed': 213865, 'num_overwrites': 10, 'spacing': 3, 'target_mode': 'recency'}"
interference,interference,educational_evolving_memory_toy,num_overwrites,10,221784,0.0,1.0,6.455,1,"{'model_name': 'educational_evolving_memory_toy', 'state_dim': 32, 'seed': 221784, 'num_overwrites': 10, 'spacing': 3, 'target_mode': 'recency'}"
interference,interference,educational_evolving_memory_toy,num_overwrites,10,229703,0.0,1.0,6.316,1,"{'model_name': 'educational_evolving_memory_toy', 'state_dim': 32, 'seed': 229703, 'num_overwrites': 10, 'spacing': 3, 'target_mode': 'recency'}"
inference_effort,inference_recovery,full_history_reference_baseline,inference_budget,1,43,1.0,0.0,4.22,1,"{'model_name': 'full_history_reference_baseline', 'state_dim': 32, 'seed': 43, 'clutter_pairs': 4, 'noise_steps': 6, 'inference_budget': 1}"
inference_effort,inference_recovery,full_history_reference_baseline,inference_budget,1,7962,1.0,0.0,11.109,1,"{'model_name': 'full_history_reference_baseline', 'state_dim': 32, 'seed': 7962, 'clutter_pairs': 4, 'noise_steps': 6, 'inference_budget': 1}"
inference_effort,inference_recovery,full_history_reference_baseline,inference_budget,1,15881,1.0,0.0,12.243,1,"{'model_name': 'full_history_reference_baseline', 'state_dim': 32, 'seed': 15881, 'clutter_pairs': 4, 'noise_steps': 6, 'inference_budget': 1}"
inference_effort,inference_recovery,full_history_reference_baseline,inference_budget,1,23800,1.0,0.0,12.966,1,"{'model_name': 'full_history_reference_baseline', 'state_dim': 32, 'seed': 23800, 'clutter_pairs': 4, 'noise_steps': 6, 'inference_budget': 1}"
inference_effort,inference_recovery,full_history_reference_baseline,inference_budget,1,31719,1.0,0.0,12.375,1,"{'model_name': 'full_history_reference_baseline', 'state_dim': 32, 'seed': 31719, 'clutter_pairs': 4, 'noise_steps': 6, 'inference_budget': 1}"
inference_effort,inference_recovery,full_history_reference_baseline,inference_budget,1,39638,1.0,0.0,11.696,1,"{'model_name': 'full_history_reference_baseline', 'state_dim': 32, 'seed': 39638, 'clutter_pairs': 4, 'noise_steps': 6, 'inference_budget': 1}"
inference_effort,inference_recovery,full_history_reference_baseline,inference_budget,1,47557,1.0,0.0,10.722,1,"{'model_name': 'full_history_reference_baseline', 'state_dim': 32, 'seed': 47557, 'clutter_pairs': 4, 'noise_steps': 6, 'inference_budget': 1}"
inference_effort,inference_recovery,full_history_reference_baseline,inference_budget,1,55476,1.0,0.0,11.85,1,"{'model_name': 'full_history_reference_baseline', 'state_dim': 32, 'seed': 55476, 'clutter_pairs': 4, 'noise_steps': 6, 'inference_budget': 1}"
inference_effort,inference_recovery,full_history_reference_baseline,inference_budget,1,63395,1.0,0.0,10.565,1,"{'model_name': 'full_history_reference_baseline', 'state_dim': 32, 'seed': 63395, 'clutter_pairs': 4, 'noise_steps': 6, 'inference_budget': 1}"
inference_effort,inference_recovery,full_history_reference_baseline,inference_budget,1,71314,1.0,0.0,2.927,1,"{'model_name': 'full_history_reference_baseline', 'state_dim': 32, 'seed': 71314, 'clutter_pairs': 4, 'noise_steps': 6, 'inference_budget': 1}"
inference_effort,inference_recovery,full_history_reference_baseline,inference_budget,1,79233,1.0,0.0,2.101,1,"{'model_name': 'full_history_reference_baseline', 'state_dim': 32, 'seed': 79233, 'clutter_pairs': 4, 'noise_steps': 6, 'inference_budget': 1}"
inference_effort,inference_recovery,full_history_reference_baseline,inference_budget,1,87152,1.0,0.0,1.715,1,"{'model_name': 'full_history_reference_baseline', 'state_dim': 32, 'seed': 87152, 'clutter_pairs': 4, 'noise_steps': 6, 'inference_budget': 1}"
inference_effort,inference_recovery,full_history_reference_baseline,inference_budget,1,95071,1.0,0.0,1.757,1,"{'model_name': 'full_history_reference_baseline', 'state_dim': 32, 'seed': 95071, 'clutter_pairs': 4, 'noise_steps': 6, 'inference_budget': 1}"
inference_effort,inference_recovery,full_history_reference_baseline,inference_budget,1,102990,1.0,0.0,1.744,1,"{'model_name': 'full_history_reference_baseline', 'state_dim': 32, 'seed': 102990, 'clutter_pairs': 4, 'noise_steps': 6, 'inference_budget': 1}"
inference_effort,inference_recovery,full_history_reference_baseline,inference_budget,1,110909,1.0,0.0,2.252,1,"{'model_name': 'full_history_reference_baseline', 'state_dim': 32, 'seed': 110909, 'clutter_pairs': 4, 'noise_steps': 6, 'inference_budget': 1}"
inference_effort,inference_recovery,full_history_reference_baseline,inference_budget,1,118828,1.0,0.0,2.479,1,"{'model_name': 'full_history_reference_baseline', 'state_dim': 32, 'seed': 118828, 'clutter_pairs': 4, 'noise_steps': 6, 'inference_budget': 1}"
inference_effort,inference_recovery,full_history_reference_baseline,inference_budget,1,126747,1.0,0.0,2.837,1,"{'model_name': 'full_history_reference_baseline', 'state_dim': 32, 'seed': 126747, 'clutter_pairs': 4, 'noise_steps': 6, 'inference_budget': 1}"
inference_effort,inference_recovery,full_history_reference_baseline,inference_budget,1,134666,1.0,0.0,2.632,1,"{'model_name': 'full_history_reference_baseline', 'state_dim': 32, 'seed': 134666, 'clutter_pairs': 4, 'noise_steps': 6, 'inference_budget': 1}"
inference_effort,inference_recovery,full_history_reference_baseline,inference_budget,1,142585,1.0,0.0,2.433,1,"{'model_name': 'full_history_reference_baseline', 'state_dim': 32, 'seed': 142585, 'clutter_pairs': 4, 'noise_steps': 6, 'inference_budget': 1}"
inference_effort,inference_recovery,full_history_reference_baseline,inference_budget,1,150504,1.0,0.0,3.988,1,"{'model_name': 'full_history_reference_baseline', 'state_dim': 32, 'seed': 150504, 'clutter_pairs': 4, 'noise_steps': 6, 'inference_budget': 1}"
inference_effort,inference_recovery,full_history_reference_baseline,inference_budget,1,158423,1.0,0.0,10.429,1,"{'model_name': 'full_history_reference_baseline', 'state_dim': 32, 'seed': 158423, 'clutter_pairs': 4, 'noise_steps': 6, 'inference_budget': 1}"
inference_effort,inference_recovery,full_history_reference_baseline,inference_budget,1,166342,1.0,0.0,9.791,1,"{'model_name': 'full_history_reference_baseline', 'state_dim': 32, 'seed': 166342, 'clutter_pairs': 4, 'noise_steps': 6, 'inference_budget': 1}"
inference_effort,inference_recovery,full_history_reference_baseline,inference_budget,1,174261,1.0,0.0,2.006,1,"{'model_name': 'full_history_reference_baseline', 'state_dim': 32, 'seed': 174261, 'clutter_pairs': 4, 'noise_steps': 6, 'inference_budget': 1}"
inference_effort,inference_recovery,full_history_reference_baseline,inference_budget,1,182180,1.0,0.0,2.809,1,"{'model_name': 'full_history_reference_baseline', 'state_dim': 32, 'seed': 182180, 'clutter_pairs': 4, 'noise_steps': 6, 'inference_budget': 1}"
inference_effort,inference_recovery,full_history_reference_baseline,inference_budget,1,190099,1.0,0.0,2.093,1,"{'model_name': 'full_history_reference_baseline', 'state_dim': 32, 'seed': 190099, 'clutter_pairs': 4, 'noise_steps': 6, 'inference_budget': 1}"
inference_effort,inference_recovery,full_history_reference_baseline,inference_budget,1,198018,1.0,0.0,2.477,1,"{'model_name': 'full_history_reference_baseline', 'state_dim': 32, 'seed': 198018, 'clutter_pairs': 4, 'noise_steps': 6, 'inference_budget': 1}"
inference_effort,inference_recovery,full_history_reference_baseline,inference_budget,1,205937,1.0,0.0,2.75,1,"{'model_name': 'full_history_reference_baseline', 'state_dim': 32, 'seed': 205937, 'clutter_pairs': 4, 'noise_steps': 6, 'inference_budget': 1}"
inference_effort,inference_recovery,full_history_reference_baseline,inference_budget,1,213856,1.0,0.0,11.734,1,"{'model_name': 'full_history_reference_baseline', 'state_dim': 32, 'seed': 213856, 'clutter_pairs': 4, 'noise_steps': 6, 'inference_budget': 1}"
inference_effort,inference_recovery,full_history_reference_baseline,inference_budget,1,221775,1.0,0.0,12.027,1,"{'model_name': 'full_history_reference_baseline', 'state_dim': 32, 'seed': 221775, 'clutter_pairs': 4, 'noise_steps': 6, 'inference_budget': 1}"
inference_effort,inference_recovery,full_history_reference_baseline,inference_budget,1,229694,1.0,0.0,7.466,1,"{'model_name': 'full_history_reference_baseline', 'state_dim': 32, 'seed': 229694, 'clutter_pairs': 4, 'noise_steps': 6, 'inference_budget': 1}"
inference_effort,inference_recovery,full_history_reference_baseline,inference_budget,2,44,1.0,0.0,2.87,1,"{'model_name': 'full_history_reference_baseline', 'state_dim': 32, 'seed': 44, 'clutter_pairs': 4, 'noise_steps': 6, 'inference_budget': 2}"
inference_effort,inference_recovery,full_history_reference_baseline,inference_budget,2,7963,1.0,0.0,2.139,1,"{'model_name': 'full_history_reference_baseline', 'state_dim': 32, 'seed': 7963, 'clutter_pairs': 4, 'noise_steps': 6, 'inference_budget': 2}"
inference_effort,inference_recovery,full_history_reference_baseline,inference_budget,2,15882,1.0,0.0,2.093,1,"{'model_name': 'full_history_reference_baseline', 'state_dim': 32, 'seed': 15882, 'clutter_pairs': 4, 'noise_steps': 6, 'inference_budget': 2}"
inference_effort,inference_recovery,full_history_reference_baseline,inference_budget,2,23801,1.0,0.0,2.045,1,"{'model_name': 'full_history_reference_baseline', 'state_dim': 32, 'seed': 23801, 'clutter_pairs': 4, 'noise_steps': 6, 'inference_budget': 2}"
inference_effort,inference_recovery,full_history_reference_baseline,inference_budget,2,31720,1.0,0.0,1.873,1,"{'model_name': 'full_history_reference_baseline', 'state_dim': 32, 'seed': 31720, 'clutter_pairs': 4, 'noise_steps': 6, 'inference_budget': 2}"
inference_effort,inference_recovery,full_history_reference_baseline,inference_budget,2,39639,1.0,0.0,2.065,1,"{'model_name': 'full_history_reference_baseline', 'state_dim': 32, 'seed': 39639, 'clutter_pairs': 4, 'noise_steps': 6, 'inference_budget': 2}"
inference_effort,inference_recovery,full_history_reference_baseline,inference_budget,2,47558,1.0,0.0,1.996,1,"{'model_name': 'full_history_reference_baseline', 'state_dim': 32, 'seed': 47558, 'clutter_pairs': 4, 'noise_steps': 6, 'inference_budget': 2}"
inference_effort,inference_recovery,full_history_reference_baseline,inference_budget,2,55477,1.0,0.0,1.857,1,"{'model_name': 'full_history_reference_baseline', 'state_dim': 32, 'seed': 55477, 'clutter_pairs': 4, 'noise_steps': 6, 'inference_budget': 2}"
inference_effort,inference_recovery,full_history_reference_baseline,inference_budget,2,63396,1.0,0.0,1.617,1,"{'model_name': 'full_history_reference_baseline', 'state_dim': 32, 'seed': 63396, 'clutter_pairs': 4, 'noise_steps': 6, 'inference_budget': 2}"
inference_effort,inference_recovery,full_history_reference_baseline,inference_budget,2,71315,1.0,0.0,1.898,1,"{'model_name': 'full_history_reference_baseline', 'state_dim': 32, 'seed': 71315, 'clutter_pairs': 4, 'noise_steps': 6, 'inference_budget': 2}"
inference_effort,inference_recovery,full_history_reference_baseline,inference_budget,2,79234,1.0,0.0,1.79,1,"{'model_name': 'full_history_reference_baseline', 'state_dim': 32, 'seed': 79234, 'clutter_pairs': 4, 'noise_steps': 6, 'inference_budget': 2}"
inference_effort,inference_recovery,full_history_reference_baseline,inference_budget,2,87153,1.0,0.0,2.47,1,"{'model_name': 'full_history_reference_baseline', 'state_dim': 32, 'seed': 87153, 'clutter_pairs': 4, 'noise_steps': 6, 'inference_budget': 2}"
inference_effort,inference_recovery,full_history_reference_baseline,inference_budget,2,95072,1.0,0.0,2.722,1,"{'model_name': 'full_history_reference_baseline', 'state_dim': 32, 'seed': 95072, 'clutter_pairs': 4, 'noise_steps': 6, 'inference_budget': 2}"
inference_effort,inference_recovery,full_history_reference_baseline,inference_budget,2,102991,1.0,0.0,2.565,1,"{'model_name': 'full_history_reference_baseline', 'state_dim': 32, 'seed': 102991, 'clutter_pairs': 4, 'noise_steps': 6, 'inference_budget': 2}"
inference_effort,inference_recovery,full_history_reference_baseline,inference_budget,2,110910,1.0,0.0,2.429,1,"{'model_name': 'full_history_reference_baseline', 'state_dim': 32, 'seed': 110910, 'clutter_pairs': 4, 'noise_steps': 6, 'inference_budget': 2}"
inference_effort,inference_recovery,full_history_reference_baseline,inference_budget,2,118829,1.0,0.0,2.428,1,"{'model_name': 'full_history_reference_baseline', 'state_dim': 32, 'seed': 118829, 'clutter_pairs': 4, 'noise_steps': 6, 'inference_budget': 2}"
inference_effort,inference_recovery,full_history_reference_baseline,inference_budget,2,126748,1.0,0.0,2.659,1,"{'model_name': 'full_history_reference_baseline', 'state_dim': 32, 'seed': 126748, 'clutter_pairs': 4, 'noise_steps': 6, 'inference_budget': 2}"
inference_effort,inference_recovery,full_history_reference_baseline,inference_budget,2,134667,1.0,0.0,2.581,1,"{'model_name': 'full_history_reference_baseline', 'state_dim': 32, 'seed': 134667, 'clutter_pairs': 4, 'noise_steps': 6, 'inference_budget': 2}"
inference_effort,inference_recovery,full_history_reference_baseline,inference_budget,2,142586,1.0,0.0,2.069,1,"{'model_name': 'full_history_reference_baseline', 'state_dim': 32, 'seed': 142586, 'clutter_pairs': 4, 'noise_steps': 6, 'inference_budget': 2}"
inference_effort,inference_recovery,full_history_reference_baseline,inference_budget,2,150505,1.0,0.0,4.065,1,"{'model_name': 'full_history_reference_baseline', 'state_dim': 32, 'seed': 150505, 'clutter_pairs': 4, 'noise_steps': 6, 'inference_budget': 2}"
inference_effort,inference_recovery,full_history_reference_baseline,inference_budget,2,158424,1.0,0.0,12.65,1,"{'model_name': 'full_history_reference_baseline', 'state_dim': 32, 'seed': 158424, 'clutter_pairs': 4, 'noise_steps': 6, 'inference_budget': 2}"
inference_effort,inference_recovery,full_history_reference_baseline,inference_budget,2,166343,1.0,0.0,9.763,1,"{'model_name': 'full_history_reference_baseline', 'state_dim': 32, 'seed': 166343, 'clutter_pairs': 4, 'noise_steps': 6, 'inference_budget': 2}"
inference_effort,inference_recovery,full_history_reference_baseline,inference_budget,2,174262,1.0,0.0,11.372,1,"{'model_name': 'full_history_reference_baseline', 'state_dim': 32, 'seed': 174262, 'clutter_pairs': 4, 'noise_steps': 6, 'inference_budget': 2}"
inference_effort,inference_recovery,full_history_reference_baseline,inference_budget,2,182181,1.0,0.0,10.877,1,"{'model_name': 'full_history_reference_baseline', 'state_dim': 32, 'seed': 182181, 'clutter_pairs': 4, 'noise_steps': 6, 'inference_budget': 2}"
inference_effort,inference_recovery,full_history_reference_baseline,inference_budget,2,190100,1.0,0.0,7.574,1,"{'model_name': 'full_history_reference_baseline', 'state_dim': 32, 'seed': 190100, 'clutter_pairs': 4, 'noise_steps': 6, 'inference_budget': 2}"
inference_effort,inference_recovery,full_history_reference_baseline,inference_budget,2,198019,1.0,0.0,2.751,1,"{'model_name': 'full_history_reference_baseline', 'state_dim': 32, 'seed': 198019, 'clutter_pairs': 4, 'noise_steps': 6, 'inference_budget': 2}"
inference_effort,inference_recovery,full_history_reference_baseline,inference_budget,2,205938,1.0,0.0,2.668,1,"{'model_name': 'full_history_reference_baseline', 'state_dim': 32, 'seed': 205938, 'clutter_pairs': 4, 'noise_steps': 6, 'inference_budget': 2}"
inference_effort,inference_recovery,full_history_reference_baseline,inference_budget,2,213857,1.0,0.0,2.518,1,"{'model_name': 'full_history_reference_baseline', 'state_dim': 32, 'seed': 213857, 'clutter_pairs': 4, 'noise_steps': 6, 'inference_budget': 2}"
inference_effort,inference_recovery,full_history_reference_baseline,inference_budget,2,221776,1.0,0.0,2.538,1,"{'model_name': 'full_history_reference_baseline', 'state_dim': 32, 'seed': 221776, 'clutter_pairs': 4, 'noise_steps': 6, 'inference_budget': 2}"
inference_effort,inference_recovery,full_history_reference_baseline,inference_budget,2,229695,1.0,0.0,3.13,1,"{'model_name': 'full_history_reference_baseline', 'state_dim': 32, 'seed': 229695, 'clutter_pairs': 4, 'noise_steps': 6, 'inference_budget': 2}"
inference_effort,inference_recovery,full_history_reference_baseline,inference_budget,3,45,1.0,0.0,2.594,1,"{'model_name': 'full_history_reference_baseline', 'state_dim': 32, 'seed': 45, 'clutter_pairs': 4, 'noise_steps': 6, 'inference_budget': 3}"
inference_effort,inference_recovery,full_history_reference_baseline,inference_budget,3,7964,1.0,0.0,2.673,1,"{'model_name': 'full_history_reference_baseline', 'state_dim': 32, 'seed': 7964, 'clutter_pairs': 4, 'noise_steps': 6, 'inference_budget': 3}"
inference_effort,inference_recovery,full_history_reference_baseline,inference_budget,3,15883,1.0,0.0,2.201,1,"{'model_name': 'full_history_reference_baseline', 'state_dim': 32, 'seed': 15883, 'clutter_pairs': 4, 'noise_steps': 6, 'inference_budget': 3}"
inference_effort,inference_recovery,full_history_reference_baseline,inference_budget,3,23802,1.0,0.0,4.333,1,"{'model_name': 'full_history_reference_baseline', 'state_dim': 32, 'seed': 23802, 'clutter_pairs': 4, 'noise_steps': 6, 'inference_budget': 3}"
inference_effort,inference_recovery,full_history_reference_baseline,inference_budget,3,31721,1.0,0.0,11.7,1,"{'model_name': 'full_history_reference_baseline', 'state_dim': 32, 'seed': 31721, 'clutter_pairs': 4, 'noise_steps': 6, 'inference_budget': 3}"
inference_effort,inference_recovery,full_history_reference_baseline,inference_budget,3,39640,1.0,0.0,10.582,1,"{'model_name': 'full_history_reference_baseline', 'state_dim': 32, 'seed': 39640, 'clutter_pairs': 4, 'noise_steps': 6, 'inference_budget': 3}"
inference_effort,inference_recovery,full_history_reference_baseline,inference_budget,3,47559,1.0,0.0,10.463,1,"{'model_name': 'full_history_reference_baseline', 'state_dim': 32, 'seed': 47559, 'clutter_pairs': 4, 'noise_steps': 6, 'inference_budget': 3}"
inference_effort,inference_recovery,full_history_reference_baseline,inference_budget,3,55478,1.0,0.0,9.367,1,"{'model_name': 'full_history_reference_baseline', 'state_dim': 32, 'seed': 55478, 'clutter_pairs': 4, 'noise_steps': 6, 'inference_budget': 3}"
inference_effort,inference_recovery,full_history_reference_baseline,inference_budget,3,63397,1.0,0.0,10.366,1,"{'model_name': 'full_history_reference_baseline', 'state_dim': 32, 'seed': 63397, 'clutter_pairs': 4, 'noise_steps': 6, 'inference_budget': 3}"
inference_effort,inference_recovery,full_history_reference_baseline,inference_budget,3,71316,1.0,0.0,9.957,1,"{'model_name': 'full_history_reference_baseline', 'state_dim': 32, 'seed': 71316, 'clutter_pairs': 4, 'noise_steps': 6, 'inference_budget': 3}"
inference_effort,inference_recovery,full_history_reference_baseline,inference_budget,3,79235,1.0,0.0,9.834,1,"{'model_name': 'full_history_reference_baseline', 'state_dim': 32, 'seed': 79235, 'clutter_pairs': 4, 'noise_steps': 6, 'inference_budget': 3}"
inference_effort,inference_recovery,full_history_reference_baseline,inference_budget,3,87154,1.0,0.0,11.373,1,"{'model_name': 'full_history_reference_baseline', 'state_dim': 32, 'seed': 87154, 'clutter_pairs': 4, 'noise_steps': 6, 'inference_budget': 3}"
inference_effort,inference_recovery,full_history_reference_baseline,inference_budget,3,95073,1.0,0.0,3.066,1,"{'model_name': 'full_history_reference_baseline', 'state_dim': 32, 'seed': 95073, 'clutter_pairs': 4, 'noise_steps': 6, 'inference_budget': 3}"
inference_effort,inference_recovery,full_history_reference_baseline,inference_budget,3,102992,1.0,0.0,2.275,1,"{'model_name': 'full_history_reference_baseline', 'state_dim': 32, 'seed': 102992, 'clutter_pairs': 4, 'noise_steps': 6, 'inference_budget': 3}"
inference_effort,inference_recovery,full_history_reference_baseline,inference_budget,3,110911,1.0,0.0,1.999,1,"{'model_name': 'full_history_reference_baseline', 'state_dim': 32, 'seed': 110911, 'clutter_pairs': 4, 'noise_steps': 6, 'inference_budget': 3}"
inference_effort,inference_recovery,full_history_reference_baseline,inference_budget,3,118830,1.0,0.0,2.187,1,"{'model_name': 'full_history_reference_baseline', 'state_dim': 32, 'seed': 118830, 'clutter_pairs': 4, 'noise_steps': 6, 'inference_budget': 3}"
inference_effort,inference_recovery,full_history_reference_baseline,inference_budget,3,126749,1.0,0.0,2.777,1,"{'model_name': 'full_history_reference_baseline', 'state_dim': 32, 'seed': 126749, 'clutter_pairs': 4, 'noise_steps': 6, 'inference_budget': 3}"
inference_effort,inference_recovery,full_history_reference_baseline,inference_budget,3,134668,1.0,0.0,2.33,1,"{'model_name': 'full_history_reference_baseline', 'state_dim': 32, 'seed': 134668, 'clutter_pairs': 4, 'noise_steps': 6, 'inference_budget': 3}"
inference_effort,inference_recovery,full_history_reference_baseline,inference_budget,3,142587,1.0,0.0,2.211,1,"{'model_name': 'full_history_reference_baseline', 'state_dim': 32, 'seed': 142587, 'clutter_pairs': 4, 'noise_steps': 6, 'inference_budget': 3}"
inference_effort,inference_recovery,full_history_reference_baseline,inference_budget,3,150506,1.0,0.0,2.594,1,"{'model_name': 'full_history_reference_baseline', 'state_dim': 32, 'seed': 150506, 'clutter_pairs': 4, 'noise_steps': 6, 'inference_budget': 3}"
inference_effort,inference_recovery,full_history_reference_baseline,inference_budget,3,158425,1.0,0.0,2.938,1,"{'model_name': 'full_history_reference_baseline', 'state_dim': 32, 'seed': 158425, 'clutter_pairs': 4, 'noise_steps': 6, 'inference_budget': 3}"
inference_effort,inference_recovery,full_history_reference_baseline,inference_budget,3,166344,1.0,0.0,2.189,1,"{'model_name': 'full_history_reference_baseline', 'state_dim': 32, 'seed': 166344, 'clutter_pairs': 4, 'noise_steps': 6, 'inference_budget': 3}"
inference_effort,inference_recovery,full_history_reference_baseline,inference_budget,3,174263,1.0,0.0,2.666,1,"{'model_name': 'full_history_reference_baseline', 'state_dim': 32, 'seed': 174263, 'clutter_pairs': 4, 'noise_steps': 6, 'inference_budget': 3}"
inference_effort,inference_recovery,full_history_reference_baseline,inference_budget,3,182182,1.0,0.0,2.753,1,"{'model_name': 'full_history_reference_baseline', 'state_dim': 32, 'seed': 182182, 'clutter_pairs': 4, 'noise_steps': 6, 'inference_budget': 3}"
inference_effort,inference_recovery,full_history_reference_baseline,inference_budget,3,190101,1.0,0.0,2.579,1,"{'model_name': 'full_history_reference_baseline', 'state_dim': 32, 'seed': 190101, 'clutter_pairs': 4, 'noise_steps': 6, 'inference_budget': 3}"
inference_effort,inference_recovery,full_history_reference_baseline,inference_budget,3,198020,1.0,0.0,5.709,1,"{'model_name': 'full_history_reference_baseline', 'state_dim': 32, 'seed': 198020, 'clutter_pairs': 4, 'noise_steps': 6, 'inference_budget': 3}"
inference_effort,inference_recovery,full_history_reference_baseline,inference_budget,3,205939,1.0,0.0,7.456,1,"{'model_name': 'full_history_reference_baseline', 'state_dim': 32, 'seed': 205939, 'clutter_pairs': 4, 'noise_steps': 6, 'inference_budget': 3}"
inference_effort,inference_recovery,full_history_reference_baseline,inference_budget,3,213858,1.0,0.0,2.911,1,"{'model_name': 'full_history_reference_baseline', 'state_dim': 32, 'seed': 213858, 'clutter_pairs': 4, 'noise_steps': 6, 'inference_budget': 3}"
inference_effort,inference_recovery,full_history_reference_baseline,inference_budget,3,221777,1.0,0.0,2.286,1,"{'model_name': 'full_history_reference_baseline', 'state_dim': 32, 'seed': 221777, 'clutter_pairs': 4, 'noise_steps': 6, 'inference_budget': 3}"
inference_effort,inference_recovery,full_history_reference_baseline,inference_budget,3,229696,1.0,0.0,1.855,1,"{'model_name': 'full_history_reference_baseline', 'state_dim': 32, 'seed': 229696, 'clutter_pairs': 4, 'noise_steps': 6, 'inference_budget': 3}"
inference_effort,inference_recovery,full_history_reference_baseline,inference_budget,4,46,1.0,0.0,3.01,1,"{'model_name': 'full_history_reference_baseline', 'state_dim': 32, 'seed': 46, 'clutter_pairs': 4, 'noise_steps': 6, 'inference_budget': 4}"
inference_effort,inference_recovery,full_history_reference_baseline,inference_budget,4,7965,1.0,0.0,2.594,1,"{'model_name': 'full_history_reference_baseline', 'state_dim': 32, 'seed': 7965, 'clutter_pairs': 4, 'noise_steps': 6, 'inference_budget': 4}"
inference_effort,inference_recovery,full_history_reference_baseline,inference_budget,4,15884,1.0,0.0,2.594,1,"{'model_name': 'full_history_reference_baseline', 'state_dim': 32, 'seed': 15884, 'clutter_pairs': 4, 'noise_steps': 6, 'inference_budget': 4}"
inference_effort,inference_recovery,full_history_reference_baseline,inference_budget,4,23803,1.0,0.0,2.883,1,"{'model_name': 'full_history_reference_baseline', 'state_dim': 32, 'seed': 23803, 'clutter_pairs': 4, 'noise_steps': 6, 'inference_budget': 4}"
inference_effort,inference_recovery,full_history_reference_baseline,inference_budget,4,31722,1.0,0.0,2.308,1,"{'model_name': 'full_history_reference_baseline', 'state_dim': 32, 'seed': 31722, 'clutter_pairs': 4, 'noise_steps': 6, 'inference_budget': 4}"
inference_effort,inference_recovery,full_history_reference_baseline,inference_budget,4,39641,1.0,0.0,2.726,1,"{'model_name': 'full_history_reference_baseline', 'state_dim': 32, 'seed': 39641, 'clutter_pairs': 4, 'noise_steps': 6, 'inference_budget': 4}"
inference_effort,inference_recovery,full_history_reference_baseline,inference_budget,4,47560,1.0,0.0,2.794,1,"{'model_name': 'full_history_reference_baseline', 'state_dim': 32, 'seed': 47560, 'clutter_pairs': 4, 'noise_steps': 6, 'inference_budget': 4}"
inference_effort,inference_recovery,full_history_reference_baseline,inference_budget,4,55479,1.0,0.0,2.915,1,"{'model_name': 'full_history_reference_baseline', 'state_dim': 32, 'seed': 55479, 'clutter_pairs': 4, 'noise_steps': 6, 'inference_budget': 4}"
inference_effort,inference_recovery,full_history_reference_baseline,inference_budget,4,63398,1.0,0.0,2.334,1,"{'model_name': 'full_history_reference_baseline', 'state_dim': 32, 'seed': 63398, 'clutter_pairs': 4, 'noise_steps': 6, 'inference_budget': 4}"
inference_effort,inference_recovery,full_history_reference_baseline,inference_budget,4,71317,1.0,0.0,2.804,1,"{'model_name': 'full_history_reference_baseline', 'state_dim': 32, 'seed': 71317, 'clutter_pairs': 4, 'noise_steps': 6, 'inference_budget': 4}"
inference_effort,inference_recovery,full_history_reference_baseline,inference_budget,4,79236,1.0,0.0,6.241,1,"{'model_name': 'full_history_reference_baseline', 'state_dim': 32, 'seed': 79236, 'clutter_pairs': 4, 'noise_steps': 6, 'inference_budget': 4}"
inference_effort,inference_recovery,full_history_reference_baseline,inference_budget,4,87155,1.0,0.0,9.572,1,"{'model_name': 'full_history_reference_baseline', 'state_dim': 32, 'seed': 87155, 'clutter_pairs': 4, 'noise_steps': 6, 'inference_budget': 4}"
inference_effort,inference_recovery,full_history_reference_baseline,inference_budget,4,95074,1.0,0.0,11.569,1,"{'model_name': 'full_history_reference_baseline', 'state_dim': 32, 'seed': 95074, 'clutter_pairs': 4, 'noise_steps': 6, 'inference_budget': 4}"
inference_effort,inference_recovery,full_history_reference_baseline,inference_budget,4,102993,1.0,0.0,11.088,1,"{'model_name': 'full_history_reference_baseline', 'state_dim': 32, 'seed': 102993, 'clutter_pairs': 4, 'noise_steps': 6, 'inference_budget': 4}"
inference_effort,inference_recovery,full_history_reference_baseline,inference_budget,4,110912,1.0,0.0,9.439,1,"{'model_name': 'full_history_reference_baseline', 'state_dim': 32, 'seed': 110912, 'clutter_pairs': 4, 'noise_steps': 6, 'inference_budget': 4}"
inference_effort,inference_recovery,full_history_reference_baseline,inference_budget,4,118831,1.0,0.0,10.67,1,"{'model_name': 'full_history_reference_baseline', 'state_dim': 32, 'seed': 118831, 'clutter_pairs': 4, 'noise_steps': 6, 'inference_budget': 4}"
inference_effort,inference_recovery,full_history_reference_baseline,inference_budget,4,126750,1.0,0.0,11.433,1,"{'model_name': 'full_history_reference_baseline', 'state_dim': 32, 'seed': 126750, 'clutter_pairs': 4, 'noise_steps': 6, 'inference_budget': 4}"
inference_effort,inference_recovery,full_history_reference_baseline,inference_budget,4,134669,1.0,0.0,10.108,1,"{'model_name': 'full_history_reference_baseline', 'state_dim': 32, 'seed': 134669, 'clutter_pairs': 4, 'noise_steps': 6, 'inference_budget': 4}"
inference_effort,inference_recovery,full_history_reference_baseline,inference_budget,4,142588,1.0,0.0,11.883,1,"{'model_name': 'full_history_reference_baseline', 'state_dim': 32, 'seed': 142588, 'clutter_pairs': 4, 'noise_steps': 6, 'inference_budget': 4}"
inference_effort,inference_recovery,full_history_reference_baseline,inference_budget,4,150507,1.0,0.0,3.239,1,"{'model_name': 'full_history_reference_baseline', 'state_dim': 32, 'seed': 150507, 'clutter_pairs': 4, 'noise_steps': 6, 'inference_budget': 4}"
inference_effort,inference_recovery,full_history_reference_baseline,inference_budget,4,158426,1.0,0.0,2.356,1,"{'model_name': 'full_history_reference_baseline', 'state_dim': 32, 'seed': 158426, 'clutter_pairs': 4, 'noise_steps': 6, 'inference_budget': 4}"
inference_effort,inference_recovery,full_history_reference_baseline,inference_budget,4,166345,1.0,0.0,2.095,1,"{'model_name': 'full_history_reference_baseline', 'state_dim': 32, 'seed': 166345, 'clutter_pairs': 4, 'noise_steps': 6, 'inference_budget': 4}"
inference_effort,inference_recovery,full_history_reference_baseline,inference_budget,4,174264,1.0,0.0,1.905,1,"{'model_name': 'full_history_reference_baseline', 'state_dim': 32, 'seed': 174264, 'clutter_pairs': 4, 'noise_steps': 6, 'inference_budget': 4}"
inference_effort,inference_recovery,full_history_reference_baseline,inference_budget,4,182183,1.0,0.0,1.84,1,"{'model_name': 'full_history_reference_baseline', 'state_dim': 32, 'seed': 182183, 'clutter_pairs': 4, 'noise_steps': 6, 'inference_budget': 4}"
inference_effort,inference_recovery,full_history_reference_baseline,inference_budget,4,190102,1.0,0.0,2.257,1,"{'model_name': 'full_history_reference_baseline', 'state_dim': 32, 'seed': 190102, 'clutter_pairs': 4, 'noise_steps': 6, 'inference_budget': 4}"
inference_effort,inference_recovery,full_history_reference_baseline,inference_budget,4,198021,1.0,0.0,2.719,1,"{'model_name': 'full_history_reference_baseline', 'state_dim': 32, 'seed': 198021, 'clutter_pairs': 4, 'noise_steps': 6, 'inference_budget': 4}"
inference_effort,inference_recovery,full_history_reference_baseline,inference_budget,4,205940,1.0,0.0,2.552,1,"{'model_name': 'full_history_reference_baseline', 'state_dim': 32, 'seed': 205940, 'clutter_pairs': 4, 'noise_steps': 6, 'inference_budget': 4}"
inference_effort,inference_recovery,full_history_reference_baseline,inference_budget,4,213859,1.0,0.0,2.497,1,"{'model_name': 'full_history_reference_baseline', 'state_dim': 32, 'seed': 213859, 'clutter_pairs': 4, 'noise_steps': 6, 'inference_budget': 4}"
inference_effort,inference_recovery,full_history_reference_baseline,inference_budget,4,221778,1.0,0.0,2.281,1,"{'model_name': 'full_history_reference_baseline', 'state_dim': 32, 'seed': 221778, 'clutter_pairs': 4, 'noise_steps': 6, 'inference_budget': 4}"
inference_effort,inference_recovery,full_history_reference_baseline,inference_budget,4,229697,1.0,0.0,2.158,1,"{'model_name': 'full_history_reference_baseline', 'state_dim': 32, 'seed': 229697, 'clutter_pairs': 4, 'noise_steps': 6, 'inference_budget': 4}"
inference_effort,inference_recovery,full_history_reference_baseline,inference_budget,6,48,1.0,0.0,2.467,1,"{'model_name': 'full_history_reference_baseline', 'state_dim': 32, 'seed': 48, 'clutter_pairs': 4, 'noise_steps': 6, 'inference_budget': 6}"
inference_effort,inference_recovery,full_history_reference_baseline,inference_budget,6,7967,1.0,0.0,2.793,1,"{'model_name': 'full_history_reference_baseline', 'state_dim': 32, 'seed': 7967, 'clutter_pairs': 4, 'noise_steps': 6, 'inference_budget': 6}"
inference_effort,inference_recovery,full_history_reference_baseline,inference_budget,6,15886,1.0,0.0,2.473,1,"{'model_name': 'full_history_reference_baseline', 'state_dim': 32, 'seed': 15886, 'clutter_pairs': 4, 'noise_steps': 6, 'inference_budget': 6}"
inference_effort,inference_recovery,full_history_reference_baseline,inference_budget,6,23805,1.0,0.0,2.795,1,"{'model_name': 'full_history_reference_baseline', 'state_dim': 32, 'seed': 23805, 'clutter_pairs': 4, 'noise_steps': 6, 'inference_budget': 6}"
inference_effort,inference_recovery,full_history_reference_baseline,inference_budget,6,31724,1.0,0.0,2.68,1,"{'model_name': 'full_history_reference_baseline', 'state_dim': 32, 'seed': 31724, 'clutter_pairs': 4, 'noise_steps': 6, 'inference_budget': 6}"
inference_effort,inference_recovery,full_history_reference_baseline,inference_budget,6,39643,1.0,0.0,2.666,1,"{'model_name': 'full_history_reference_baseline', 'state_dim': 32, 'seed': 39643, 'clutter_pairs': 4, 'noise_steps': 6, 'inference_budget': 6}"
inference_effort,inference_recovery,full_history_reference_baseline,inference_budget,6,47562,1.0,0.0,2.969,1,"{'model_name': 'full_history_reference_baseline', 'state_dim': 32, 'seed': 47562, 'clutter_pairs': 4, 'noise_steps': 6, 'inference_budget': 6}"
inference_effort,inference_recovery,full_history_reference_baseline,inference_budget,6,55481,1.0,0.0,3.059,1,"{'model_name': 'full_history_reference_baseline', 'state_dim': 32, 'seed': 55481, 'clutter_pairs': 4, 'noise_steps': 6, 'inference_budget': 6}"
inference_effort,inference_recovery,full_history_reference_baseline,inference_budget,6,63400,1.0,0.0,2.684,1,"{'model_name': 'full_history_reference_baseline', 'state_dim': 32, 'seed': 63400, 'clutter_pairs': 4, 'noise_steps': 6, 'inference_budget': 6}"
inference_effort,inference_recovery,full_history_reference_baseline,inference_budget,6,71319,1.0,0.0,2.699,1,"{'model_name': 'full_history_reference_baseline', 'state_dim': 32, 'seed': 71319, 'clutter_pairs': 4, 'noise_steps': 6, 'inference_budget': 6}"
inference_effort,inference_recovery,full_history_reference_baseline,inference_budget,6,79238,1.0,0.0,2.799,1,"{'model_name': 'full_history_reference_baseline', 'state_dim': 32, 'seed': 79238, 'clutter_pairs': 4, 'noise_steps': 6, 'inference_budget': 6}"
inference_effort,inference_recovery,full_history_reference_baseline,inference_budget,6,87157,1.0,0.0,2.578,1,"{'model_name': 'full_history_reference_baseline', 'state_dim': 32, 'seed': 87157, 'clutter_pairs': 4, 'noise_steps': 6, 'inference_budget': 6}"
inference_effort,inference_recovery,full_history_reference_baseline,inference_budget,6,95076,1.0,0.0,2.508,1,"{'model_name': 'full_history_reference_baseline', 'state_dim': 32, 'seed': 95076, 'clutter_pairs': 4, 'noise_steps': 6, 'inference_budget': 6}"
inference_effort,inference_recovery,full_history_reference_baseline,inference_budget,6,102995,1.0,0.0,2.92,1,"{'model_name': 'full_history_reference_baseline', 'state_dim': 32, 'seed': 102995, 'clutter_pairs': 4, 'noise_steps': 6, 'inference_budget': 6}"
inference_effort,inference_recovery,full_history_reference_baseline,inference_budget,6,110914,1.0,0.0,2.652,1,"{'model_name': 'full_history_reference_baseline', 'state_dim': 32, 'seed': 110914, 'clutter_pairs': 4, 'noise_steps': 6, 'inference_budget': 6}"
inference_effort,inference_recovery,full_history_reference_baseline,inference_budget,6,118833,1.0,0.0,2.794,1,"{'model_name': 'full_history_reference_baseline', 'state_dim': 32, 'seed': 118833, 'clutter_pairs': 4, 'noise_steps': 6, 'inference_budget': 6}"
inference_effort,inference_recovery,full_history_reference_baseline,inference_budget,6,126752,1.0,0.0,2.276,1,"{'model_name': 'full_history_reference_baseline', 'state_dim': 32, 'seed': 126752, 'clutter_pairs': 4, 'noise_steps': 6, 'inference_budget': 6}"
inference_effort,inference_recovery,full_history_reference_baseline,inference_budget,6,134671,1.0,0.0,2.659,1,"{'model_name': 'full_history_reference_baseline', 'state_dim': 32, 'seed': 134671, 'clutter_pairs': 4, 'noise_steps': 6, 'inference_budget': 6}"
inference_effort,inference_recovery,full_history_reference_baseline,inference_budget,6,142590,1.0,0.0,2.55,1,"{'model_name': 'full_history_reference_baseline', 'state_dim': 32, 'seed': 142590, 'clutter_pairs': 4, 'noise_steps': 6, 'inference_budget': 6}"
inference_effort,inference_recovery,full_history_reference_baseline,inference_budget,6,150509,1.0,0.0,2.272,1,"{'model_name': 'full_history_reference_baseline', 'state_dim': 32, 'seed': 150509, 'clutter_pairs': 4, 'noise_steps': 6, 'inference_budget': 6}"
inference_effort,inference_recovery,full_history_reference_baseline,inference_budget,6,158428,1.0,0.0,2.556,1,"{'model_name': 'full_history_reference_baseline', 'state_dim': 32, 'seed': 158428, 'clutter_pairs': 4, 'noise_steps': 6, 'inference_budget': 6}"
inference_effort,inference_recovery,full_history_reference_baseline,inference_budget,6,166347,1.0,0.0,2.79,1,"{'model_name': 'full_history_reference_baseline', 'state_dim': 32, 'seed': 166347, 'clutter_pairs': 4, 'noise_steps': 6, 'inference_budget': 6}"
inference_effort,inference_recovery,full_history_reference_baseline,inference_budget,6,174266,1.0,0.0,2.743,1,"{'model_name': 'full_history_reference_baseline', 'state_dim': 32, 'seed': 174266, 'clutter_pairs': 4, 'noise_steps': 6, 'inference_budget': 6}"
inference_effort,inference_recovery,full_history_reference_baseline,inference_budget,6,182185,1.0,0.0,2.441,1,"{'model_name': 'full_history_reference_baseline', 'state_dim': 32, 'seed': 182185, 'clutter_pairs': 4, 'noise_steps': 6, 'inference_budget': 6}"
inference_effort,inference_recovery,full_history_reference_baseline,inference_budget,6,190104,1.0,0.0,2.296,1,"{'model_name': 'full_history_reference_baseline', 'state_dim': 32, 'seed': 190104, 'clutter_pairs': 4, 'noise_steps': 6, 'inference_budget': 6}"
inference_effort,inference_recovery,full_history_reference_baseline,inference_budget,6,198023,1.0,0.0,2.397,1,"{'model_name': 'full_history_reference_baseline', 'state_dim': 32, 'seed': 198023, 'clutter_pairs': 4, 'noise_steps': 6, 'inference_budget': 6}"
inference_effort,inference_recovery,full_history_reference_baseline,inference_budget,6,205942,1.0,0.0,2.793,1,"{'model_name': 'full_history_reference_baseline', 'state_dim': 32, 'seed': 205942, 'clutter_pairs': 4, 'noise_steps': 6, 'inference_budget': 6}"
inference_effort,inference_recovery,full_history_reference_baseline,inference_budget,6,213861,1.0,0.0,2.661,1,"{'model_name': 'full_history_reference_baseline', 'state_dim': 32, 'seed': 213861, 'clutter_pairs': 4, 'noise_steps': 6, 'inference_budget': 6}"
inference_effort,inference_recovery,full_history_reference_baseline,inference_budget,6,221780,1.0,0.0,2.557,1,"{'model_name': 'full_history_reference_baseline', 'state_dim': 32, 'seed': 221780, 'clutter_pairs': 4, 'noise_steps': 6, 'inference_budget': 6}"
inference_effort,inference_recovery,full_history_reference_baseline,inference_budget,6,229699,1.0,0.0,9.421,1,"{'model_name': 'full_history_reference_baseline', 'state_dim': 32, 'seed': 229699, 'clutter_pairs': 4, 'noise_steps': 6, 'inference_budget': 6}"
inference_effort,inference_recovery,full_history_reference_baseline,inference_budget,8,50,1.0,0.0,9.105,1,"{'model_name': 'full_history_reference_baseline', 'state_dim': 32, 'seed': 50, 'clutter_pairs': 4, 'noise_steps': 6, 'inference_budget': 8}"
inference_effort,inference_recovery,full_history_reference_baseline,inference_budget,8,7969,1.0,0.0,11.364,1,"{'model_name': 'full_history_reference_baseline', 'state_dim': 32, 'seed': 7969, 'clutter_pairs': 4, 'noise_steps': 6, 'inference_budget': 8}"
inference_effort,inference_recovery,full_history_reference_baseline,inference_budget,8,15888,1.0,0.0,11.553,1,"{'model_name': 'full_history_reference_baseline', 'state_dim': 32, 'seed': 15888, 'clutter_pairs': 4, 'noise_steps': 6, 'inference_budget': 8}"
inference_effort,inference_recovery,full_history_reference_baseline,inference_budget,8,23807,1.0,0.0,11.17,1,"{'model_name': 'full_history_reference_baseline', 'state_dim': 32, 'seed': 23807, 'clutter_pairs': 4, 'noise_steps': 6, 'inference_budget': 8}"
inference_effort,inference_recovery,full_history_reference_baseline,inference_budget,8,31726,1.0,0.0,9.792,1,"{'model_name': 'full_history_reference_baseline', 'state_dim': 32, 'seed': 31726, 'clutter_pairs': 4, 'noise_steps': 6, 'inference_budget': 8}"
inference_effort,inference_recovery,full_history_reference_baseline,inference_budget,8,39645,1.0,0.0,2.741,1,"{'model_name': 'full_history_reference_baseline', 'state_dim': 32, 'seed': 39645, 'clutter_pairs': 4, 'noise_steps': 6, 'inference_budget': 8}"
inference_effort,inference_recovery,full_history_reference_baseline,inference_budget,8,47564,1.0,0.0,2.453,1,"{'model_name': 'full_history_reference_baseline', 'state_dim': 32, 'seed': 47564, 'clutter_pairs': 4, 'noise_steps': 6, 'inference_budget': 8}"
inference_effort,inference_recovery,full_history_reference_baseline,inference_budget,8,55483,1.0,0.0,2.704,1,"{'model_name': 'full_history_reference_baseline', 'state_dim': 32, 'seed': 55483, 'clutter_pairs': 4, 'noise_steps': 6, 'inference_budget': 8}"
inference_effort,inference_recovery,full_history_reference_baseline,inference_budget,8,63402,1.0,0.0,2.452,1,"{'model_name': 'full_history_reference_baseline', 'state_dim': 32, 'seed': 63402, 'clutter_pairs': 4, 'noise_steps': 6, 'inference_budget': 8}"
inference_effort,inference_recovery,full_history_reference_baseline,inference_budget,8,71321,1.0,0.0,2.623,1,"{'model_name': 'full_history_reference_baseline', 'state_dim': 32, 'seed': 71321, 'clutter_pairs': 4, 'noise_steps': 6, 'inference_budget': 8}"
inference_effort,inference_recovery,full_history_reference_baseline,inference_budget,8,79240,1.0,0.0,2.57,1,"{'model_name': 'full_history_reference_baseline', 'state_dim': 32, 'seed': 79240, 'clutter_pairs': 4, 'noise_steps': 6, 'inference_budget': 8}"
inference_effort,inference_recovery,full_history_reference_baseline,inference_budget,8,87159,1.0,0.0,2.857,1,"{'model_name': 'full_history_reference_baseline', 'state_dim': 32, 'seed': 87159, 'clutter_pairs': 4, 'noise_steps': 6, 'inference_budget': 8}"
inference_effort,inference_recovery,full_history_reference_baseline,inference_budget,8,95078,1.0,0.0,2.687,1,"{'model_name': 'full_history_reference_baseline', 'state_dim': 32, 'seed': 95078, 'clutter_pairs': 4, 'noise_steps': 6, 'inference_budget': 8}"
inference_effort,inference_recovery,full_history_reference_baseline,inference_budget,8,102997,1.0,0.0,2.723,1,"{'model_name': 'full_history_reference_baseline', 'state_dim': 32, 'seed': 102997, 'clutter_pairs': 4, 'noise_steps': 6, 'inference_budget': 8}"
inference_effort,inference_recovery,full_history_reference_baseline,inference_budget,8,110916,1.0,0.0,2.58,1,"{'model_name': 'full_history_reference_baseline', 'state_dim': 32, 'seed': 110916, 'clutter_pairs': 4, 'noise_steps': 6, 'inference_budget': 8}"
inference_effort,inference_recovery,full_history_reference_baseline,inference_budget,8,118835,1.0,0.0,3.127,1,"{'model_name': 'full_history_reference_baseline', 'state_dim': 32, 'seed': 118835, 'clutter_pairs': 4, 'noise_steps': 6, 'inference_budget': 8}"
inference_effort,inference_recovery,full_history_reference_baseline,inference_budget,8,126754,1.0,0.0,2.973,1,"{'model_name': 'full_history_reference_baseline', 'state_dim': 32, 'seed': 126754, 'clutter_pairs': 4, 'noise_steps': 6, 'inference_budget': 8}"
inference_effort,inference_recovery,full_history_reference_baseline,inference_budget,8,134673,1.0,0.0,2.418,1,"{'model_name': 'full_history_reference_baseline', 'state_dim': 32, 'seed': 134673, 'clutter_pairs': 4, 'noise_steps': 6, 'inference_budget': 8}"
inference_effort,inference_recovery,full_history_reference_baseline,inference_budget,8,142592,1.0,0.0,2.434,1,"{'model_name': 'full_history_reference_baseline', 'state_dim': 32, 'seed': 142592, 'clutter_pairs': 4, 'noise_steps': 6, 'inference_budget': 8}"
inference_effort,inference_recovery,full_history_reference_baseline,inference_budget,8,150511,1.0,0.0,2.588,1,"{'model_name': 'full_history_reference_baseline', 'state_dim': 32, 'seed': 150511, 'clutter_pairs': 4, 'noise_steps': 6, 'inference_budget': 8}"
inference_effort,inference_recovery,full_history_reference_baseline,inference_budget,8,158430,1.0,0.0,7.485,1,"{'model_name': 'full_history_reference_baseline', 'state_dim': 32, 'seed': 158430, 'clutter_pairs': 4, 'noise_steps': 6, 'inference_budget': 8}"
inference_effort,inference_recovery,full_history_reference_baseline,inference_budget,8,166349,1.0,0.0,12.339,1,"{'model_name': 'full_history_reference_baseline', 'state_dim': 32, 'seed': 166349, 'clutter_pairs': 4, 'noise_steps': 6, 'inference_budget': 8}"
inference_effort,inference_recovery,full_history_reference_baseline,inference_budget,8,174268,1.0,0.0,11.456,1,"{'model_name': 'full_history_reference_baseline', 'state_dim': 32, 'seed': 174268, 'clutter_pairs': 4, 'noise_steps': 6, 'inference_budget': 8}"
inference_effort,inference_recovery,full_history_reference_baseline,inference_budget,8,182187,1.0,0.0,11.153,1,"{'model_name': 'full_history_reference_baseline', 'state_dim': 32, 'seed': 182187, 'clutter_pairs': 4, 'noise_steps': 6, 'inference_budget': 8}"
inference_effort,inference_recovery,full_history_reference_baseline,inference_budget,8,190106,1.0,0.0,12.762,1,"{'model_name': 'full_history_reference_baseline', 'state_dim': 32, 'seed': 190106, 'clutter_pairs': 4, 'noise_steps': 6, 'inference_budget': 8}"
inference_effort,inference_recovery,full_history_reference_baseline,inference_budget,8,198025,1.0,0.0,12.215,1,"{'model_name': 'full_history_reference_baseline', 'state_dim': 32, 'seed': 198025, 'clutter_pairs': 4, 'noise_steps': 6, 'inference_budget': 8}"
inference_effort,inference_recovery,full_history_reference_baseline,inference_budget,8,205944,1.0,0.0,9.707,1,"{'model_name': 'full_history_reference_baseline', 'state_dim': 32, 'seed': 205944, 'clutter_pairs': 4, 'noise_steps': 6, 'inference_budget': 8}"
inference_effort,inference_recovery,full_history_reference_baseline,inference_budget,8,213863,1.0,0.0,9.944,1,"{'model_name': 'full_history_reference_baseline', 'state_dim': 32, 'seed': 213863, 'clutter_pairs': 4, 'noise_steps': 6, 'inference_budget': 8}"
inference_effort,inference_recovery,full_history_reference_baseline,inference_budget,8,221782,1.0,0.0,3.901,1,"{'model_name': 'full_history_reference_baseline', 'state_dim': 32, 'seed': 221782, 'clutter_pairs': 4, 'noise_steps': 6, 'inference_budget': 8}"
inference_effort,inference_recovery,full_history_reference_baseline,inference_budget,8,229701,1.0,0.0,2.091,1,"{'model_name': 'full_history_reference_baseline', 'state_dim': 32, 'seed': 229701, 'clutter_pairs': 4, 'noise_steps': 6, 'inference_budget': 8}"
inference_effort,inference_recovery,full_history_reference_baseline,inference_budget,12,54,1.0,0.0,2.858,1,"{'model_name': 'full_history_reference_baseline', 'state_dim': 32, 'seed': 54, 'clutter_pairs': 4, 'noise_steps': 6, 'inference_budget': 12}"
inference_effort,inference_recovery,full_history_reference_baseline,inference_budget,12,7973,1.0,0.0,2.642,1,"{'model_name': 'full_history_reference_baseline', 'state_dim': 32, 'seed': 7973, 'clutter_pairs': 4, 'noise_steps': 6, 'inference_budget': 12}"
inference_effort,inference_recovery,full_history_reference_baseline,inference_budget,12,15892,1.0,0.0,4.682,1,"{'model_name': 'full_history_reference_baseline', 'state_dim': 32, 'seed': 15892, 'clutter_pairs': 4, 'noise_steps': 6, 'inference_budget': 12}"
inference_effort,inference_recovery,full_history_reference_baseline,inference_budget,12,23811,1.0,0.0,3.712,1,"{'model_name': 'full_history_reference_baseline', 'state_dim': 32, 'seed': 23811, 'clutter_pairs': 4, 'noise_steps': 6, 'inference_budget': 12}"
inference_effort,inference_recovery,full_history_reference_baseline,inference_budget,12,31730,1.0,0.0,2.055,1,"{'model_name': 'full_history_reference_baseline', 'state_dim': 32, 'seed': 31730, 'clutter_pairs': 4, 'noise_steps': 6, 'inference_budget': 12}"
inference_effort,inference_recovery,full_history_reference_baseline,inference_budget,12,39649,1.0,0.0,1.838,1,"{'model_name': 'full_history_reference_baseline', 'state_dim': 32, 'seed': 39649, 'clutter_pairs': 4, 'noise_steps': 6, 'inference_budget': 12}"
inference_effort,inference_recovery,full_history_reference_baseline,inference_budget,12,47568,1.0,0.0,1.989,1,"{'model_name': 'full_history_reference_baseline', 'state_dim': 32, 'seed': 47568, 'clutter_pairs': 4, 'noise_steps': 6, 'inference_budget': 12}"
inference_effort,inference_recovery,full_history_reference_baseline,inference_budget,12,55487,1.0,0.0,2.332,1,"{'model_name': 'full_history_reference_baseline', 'state_dim': 32, 'seed': 55487, 'clutter_pairs': 4, 'noise_steps': 6, 'inference_budget': 12}"
inference_effort,inference_recovery,full_history_reference_baseline,inference_budget,12,63406,1.0,0.0,2.11,1,"{'model_name': 'full_history_reference_baseline', 'state_dim': 32, 'seed': 63406, 'clutter_pairs': 4, 'noise_steps': 6, 'inference_budget': 12}"
inference_effort,inference_recovery,full_history_reference_baseline,inference_budget,12,71325,1.0,0.0,2.528,1,"{'model_name': 'full_history_reference_baseline', 'state_dim': 32, 'seed': 71325, 'clutter_pairs': 4, 'noise_steps': 6, 'inference_budget': 12}"
inference_effort,inference_recovery,full_history_reference_baseline,inference_budget,12,79244,1.0,0.0,2.549,1,"{'model_name': 'full_history_reference_baseline', 'state_dim': 32, 'seed': 79244, 'clutter_pairs': 4, 'noise_steps': 6, 'inference_budget': 12}"
inference_effort,inference_recovery,full_history_reference_baseline,inference_budget,12,87163,1.0,0.0,2.573,1,"{'model_name': 'full_history_reference_baseline', 'state_dim': 32, 'seed': 87163, 'clutter_pairs': 4, 'noise_steps': 6, 'inference_budget': 12}"
inference_effort,inference_recovery,full_history_reference_baseline,inference_budget,12,95082,1.0,0.0,2.505,1,"{'model_name': 'full_history_reference_baseline', 'state_dim': 32, 'seed': 95082, 'clutter_pairs': 4, 'noise_steps': 6, 'inference_budget': 12}"
inference_effort,inference_recovery,full_history_reference_baseline,inference_budget,12,103001,1.0,0.0,2.457,1,"{'model_name': 'full_history_reference_baseline', 'state_dim': 32, 'seed': 103001, 'clutter_pairs': 4, 'noise_steps': 6, 'inference_budget': 12}"
inference_effort,inference_recovery,full_history_reference_baseline,inference_budget,12,110920,1.0,0.0,2.416,1,"{'model_name': 'full_history_reference_baseline', 'state_dim': 32, 'seed': 110920, 'clutter_pairs': 4, 'noise_steps': 6, 'inference_budget': 12}"
inference_effort,inference_recovery,full_history_reference_baseline,inference_budget,12,118839,1.0,0.0,2.425,1,"{'model_name': 'full_history_reference_baseline', 'state_dim': 32, 'seed': 118839, 'clutter_pairs': 4, 'noise_steps': 6, 'inference_budget': 12}"
inference_effort,inference_recovery,full_history_reference_baseline,inference_budget,12,126758,1.0,0.0,2.565,1,"{'model_name': 'full_history_reference_baseline', 'state_dim': 32, 'seed': 126758, 'clutter_pairs': 4, 'noise_steps': 6, 'inference_budget': 12}"
inference_effort,inference_recovery,full_history_reference_baseline,inference_budget,12,134677,1.0,0.0,2.885,1,"{'model_name': 'full_history_reference_baseline', 'state_dim': 32, 'seed': 134677, 'clutter_pairs': 4, 'noise_steps': 6, 'inference_budget': 12}"
inference_effort,inference_recovery,full_history_reference_baseline,inference_budget,12,142596,1.0,0.0,2.957,1,"{'model_name': 'full_history_reference_baseline', 'state_dim': 32, 'seed': 142596, 'clutter_pairs': 4, 'noise_steps': 6, 'inference_budget': 12}"
inference_effort,inference_recovery,full_history_reference_baseline,inference_budget,12,150515,1.0,0.0,2.059,1,"{'model_name': 'full_history_reference_baseline', 'state_dim': 32, 'seed': 150515, 'clutter_pairs': 4, 'noise_steps': 6, 'inference_budget': 12}"
inference_effort,inference_recovery,full_history_reference_baseline,inference_budget,12,158434,1.0,0.0,9.237,1,"{'model_name': 'full_history_reference_baseline', 'state_dim': 32, 'seed': 158434, 'clutter_pairs': 4, 'noise_steps': 6, 'inference_budget': 12}"
inference_effort,inference_recovery,full_history_reference_baseline,inference_budget,12,166353,1.0,0.0,8.208,1,"{'model_name': 'full_history_reference_baseline', 'state_dim': 32, 'seed': 166353, 'clutter_pairs': 4, 'noise_steps': 6, 'inference_budget': 12}"
inference_effort,inference_recovery,full_history_reference_baseline,inference_budget,12,174272,1.0,0.0,2.309,1,"{'model_name': 'full_history_reference_baseline', 'state_dim': 32, 'seed': 174272, 'clutter_pairs': 4, 'noise_steps': 6, 'inference_budget': 12}"
inference_effort,inference_recovery,full_history_reference_baseline,inference_budget,12,182191,1.0,0.0,1.934,1,"{'model_name': 'full_history_reference_baseline', 'state_dim': 32, 'seed': 182191, 'clutter_pairs': 4, 'noise_steps': 6, 'inference_budget': 12}"
inference_effort,inference_recovery,full_history_reference_baseline,inference_budget,12,190110,1.0,0.0,1.738,1,"{'model_name': 'full_history_reference_baseline', 'state_dim': 32, 'seed': 190110, 'clutter_pairs': 4, 'noise_steps': 6, 'inference_budget': 12}"
inference_effort,inference_recovery,full_history_reference_baseline,inference_budget,12,198029,1.0,0.0,1.817,1,"{'model_name': 'full_history_reference_baseline', 'state_dim': 32, 'seed': 198029, 'clutter_pairs': 4, 'noise_steps': 6, 'inference_budget': 12}"
inference_effort,inference_recovery,full_history_reference_baseline,inference_budget,12,205948,1.0,0.0,1.794,1,"{'model_name': 'full_history_reference_baseline', 'state_dim': 32, 'seed': 205948, 'clutter_pairs': 4, 'noise_steps': 6, 'inference_budget': 12}"
inference_effort,inference_recovery,full_history_reference_baseline,inference_budget,12,213867,1.0,0.0,1.576,1,"{'model_name': 'full_history_reference_baseline', 'state_dim': 32, 'seed': 213867, 'clutter_pairs': 4, 'noise_steps': 6, 'inference_budget': 12}"
inference_effort,inference_recovery,full_history_reference_baseline,inference_budget,12,221786,1.0,0.0,2.379,1,"{'model_name': 'full_history_reference_baseline', 'state_dim': 32, 'seed': 221786, 'clutter_pairs': 4, 'noise_steps': 6, 'inference_budget': 12}"
inference_effort,inference_recovery,full_history_reference_baseline,inference_budget,12,229705,1.0,0.0,3.19,1,"{'model_name': 'full_history_reference_baseline', 'state_dim': 32, 'seed': 229705, 'clutter_pairs': 4, 'noise_steps': 6, 'inference_budget': 12}"
inference_effort,inference_recovery,full_history_reference_baseline,inference_budget,16,58,1.0,0.0,2.809,1,"{'model_name': 'full_history_reference_baseline', 'state_dim': 32, 'seed': 58, 'clutter_pairs': 4, 'noise_steps': 6, 'inference_budget': 16}"
inference_effort,inference_recovery,full_history_reference_baseline,inference_budget,16,7977,1.0,0.0,2.65,1,"{'model_name': 'full_history_reference_baseline', 'state_dim': 32, 'seed': 7977, 'clutter_pairs': 4, 'noise_steps': 6, 'inference_budget': 16}"
inference_effort,inference_recovery,full_history_reference_baseline,inference_budget,16,15896,1.0,0.0,2.904,1,"{'model_name': 'full_history_reference_baseline', 'state_dim': 32, 'seed': 15896, 'clutter_pairs': 4, 'noise_steps': 6, 'inference_budget': 16}"
inference_effort,inference_recovery,full_history_reference_baseline,inference_budget,16,23815,1.0,0.0,2.465,1,"{'model_name': 'full_history_reference_baseline', 'state_dim': 32, 'seed': 23815, 'clutter_pairs': 4, 'noise_steps': 6, 'inference_budget': 16}"
inference_effort,inference_recovery,full_history_reference_baseline,inference_budget,16,31734,1.0,0.0,2.599,1,"{'model_name': 'full_history_reference_baseline', 'state_dim': 32, 'seed': 31734, 'clutter_pairs': 4, 'noise_steps': 6, 'inference_budget': 16}"
inference_effort,inference_recovery,full_history_reference_baseline,inference_budget,16,39653,1.0,0.0,2.465,1,"{'model_name': 'full_history_reference_baseline', 'state_dim': 32, 'seed': 39653, 'clutter_pairs': 4, 'noise_steps': 6, 'inference_budget': 16}"
inference_effort,inference_recovery,full_history_reference_baseline,inference_budget,16,47572,1.0,0.0,2.555,1,"{'model_name': 'full_history_reference_baseline', 'state_dim': 32, 'seed': 47572, 'clutter_pairs': 4, 'noise_steps': 6, 'inference_budget': 16}"
inference_effort,inference_recovery,full_history_reference_baseline,inference_budget,16,55491,1.0,0.0,2.453,1,"{'model_name': 'full_history_reference_baseline', 'state_dim': 32, 'seed': 55491, 'clutter_pairs': 4, 'noise_steps': 6, 'inference_budget': 16}"
inference_effort,inference_recovery,full_history_reference_baseline,inference_budget,16,63410,1.0,0.0,2.43,1,"{'model_name': 'full_history_reference_baseline', 'state_dim': 32, 'seed': 63410, 'clutter_pairs': 4, 'noise_steps': 6, 'inference_budget': 16}"
inference_effort,inference_recovery,full_history_reference_baseline,inference_budget,16,71329,1.0,0.0,6.545,1,"{'model_name': 'full_history_reference_baseline', 'state_dim': 32, 'seed': 71329, 'clutter_pairs': 4, 'noise_steps': 6, 'inference_budget': 16}"
inference_effort,inference_recovery,full_history_reference_baseline,inference_budget,16,79248,1.0,0.0,11.408,1,"{'model_name': 'full_history_reference_baseline', 'state_dim': 32, 'seed': 79248, 'clutter_pairs': 4, 'noise_steps': 6, 'inference_budget': 16}"
inference_effort,inference_recovery,full_history_reference_baseline,inference_budget,16,87167,1.0,0.0,12.546,1,"{'model_name': 'full_history_reference_baseline', 'state_dim': 32, 'seed': 87167, 'clutter_pairs': 4, 'noise_steps': 6, 'inference_budget': 16}"
inference_effort,inference_recovery,full_history_reference_baseline,inference_budget,16,95086,1.0,0.0,12.367,1,"{'model_name': 'full_history_reference_baseline', 'state_dim': 32, 'seed': 95086, 'clutter_pairs': 4, 'noise_steps': 6, 'inference_budget': 16}"
inference_effort,inference_recovery,full_history_reference_baseline,inference_budget,16,103005,1.0,0.0,10.188,1,"{'model_name': 'full_history_reference_baseline', 'state_dim': 32, 'seed': 103005, 'clutter_pairs': 4, 'noise_steps': 6, 'inference_budget': 16}"
inference_effort,inference_recovery,full_history_reference_baseline,inference_budget,16,110924,1.0,0.0,12.723,1,"{'model_name': 'full_history_reference_baseline', 'state_dim': 32, 'seed': 110924, 'clutter_pairs': 4, 'noise_steps': 6, 'inference_budget': 16}"
inference_effort,inference_recovery,full_history_reference_baseline,inference_budget,16,118843,1.0,0.0,9.996,1,"{'model_name': 'full_history_reference_baseline', 'state_dim': 32, 'seed': 118843, 'clutter_pairs': 4, 'noise_steps': 6, 'inference_budget': 16}"
inference_effort,inference_recovery,full_history_reference_baseline,inference_budget,16,126762,1.0,0.0,11.825,1,"{'model_name': 'full_history_reference_baseline', 'state_dim': 32, 'seed': 126762, 'clutter_pairs': 4, 'noise_steps': 6, 'inference_budget': 16}"
inference_effort,inference_recovery,full_history_reference_baseline,inference_budget,16,134681,1.0,0.0,7.053,1,"{'model_name': 'full_history_reference_baseline', 'state_dim': 32, 'seed': 134681, 'clutter_pairs': 4, 'noise_steps': 6, 'inference_budget': 16}"
inference_effort,inference_recovery,full_history_reference_baseline,inference_budget,16,142600,1.0,0.0,2.1,1,"{'model_name': 'full_history_reference_baseline', 'state_dim': 32, 'seed': 142600, 'clutter_pairs': 4, 'noise_steps': 6, 'inference_budget': 16}"
inference_effort,inference_recovery,full_history_reference_baseline,inference_budget,16,150519,1.0,0.0,9.09,1,"{'model_name': 'full_history_reference_baseline', 'state_dim': 32, 'seed': 150519, 'clutter_pairs': 4, 'noise_steps': 6, 'inference_budget': 16}"
inference_effort,inference_recovery,full_history_reference_baseline,inference_budget,16,158438,1.0,0.0,12.818,1,"{'model_name': 'full_history_reference_baseline', 'state_dim': 32, 'seed': 158438, 'clutter_pairs': 4, 'noise_steps': 6, 'inference_budget': 16}"
inference_effort,inference_recovery,full_history_reference_baseline,inference_budget,16,166357,1.0,0.0,12.613,1,"{'model_name': 'full_history_reference_baseline', 'state_dim': 32, 'seed': 166357, 'clutter_pairs': 4, 'noise_steps': 6, 'inference_budget': 16}"
inference_effort,inference_recovery,full_history_reference_baseline,inference_budget,16,174276,1.0,0.0,12.317,1,"{'model_name': 'full_history_reference_baseline', 'state_dim': 32, 'seed': 174276, 'clutter_pairs': 4, 'noise_steps': 6, 'inference_budget': 16}"
inference_effort,inference_recovery,full_history_reference_baseline,inference_budget,16,182195,1.0,0.0,11.068,1,"{'model_name': 'full_history_reference_baseline', 'state_dim': 32, 'seed': 182195, 'clutter_pairs': 4, 'noise_steps': 6, 'inference_budget': 16}"
inference_effort,inference_recovery,full_history_reference_baseline,inference_budget,16,190114,1.0,0.0,10.882,1,"{'model_name': 'full_history_reference_baseline', 'state_dim': 32, 'seed': 190114, 'clutter_pairs': 4, 'noise_steps': 6, 'inference_budget': 16}"
inference_effort,inference_recovery,full_history_reference_baseline,inference_budget,16,198033,1.0,0.0,2.55,1,"{'model_name': 'full_history_reference_baseline', 'state_dim': 32, 'seed': 198033, 'clutter_pairs': 4, 'noise_steps': 6, 'inference_budget': 16}"
inference_effort,inference_recovery,full_history_reference_baseline,inference_budget,16,205952,1.0,0.0,2.028,1,"{'model_name': 'full_history_reference_baseline', 'state_dim': 32, 'seed': 205952, 'clutter_pairs': 4, 'noise_steps': 6, 'inference_budget': 16}"
inference_effort,inference_recovery,full_history_reference_baseline,inference_budget,16,213871,1.0,0.0,1.809,1,"{'model_name': 'full_history_reference_baseline', 'state_dim': 32, 'seed': 213871, 'clutter_pairs': 4, 'noise_steps': 6, 'inference_budget': 16}"
inference_effort,inference_recovery,full_history_reference_baseline,inference_budget,16,221790,1.0,0.0,2.09,1,"{'model_name': 'full_history_reference_baseline', 'state_dim': 32, 'seed': 221790, 'clutter_pairs': 4, 'noise_steps': 6, 'inference_budget': 16}"
inference_effort,inference_recovery,full_history_reference_baseline,inference_budget,16,229709,1.0,0.0,2.142,1,"{'model_name': 'full_history_reference_baseline', 'state_dim': 32, 'seed': 229709, 'clutter_pairs': 4, 'noise_steps': 6, 'inference_budget': 16}"
inference_effort,inference_recovery,fixed_size_recurrent_memory,inference_budget,1,43,0.0,1.0,3.85,1,"{'model_name': 'fixed_size_recurrent_memory', 'state_dim': 32, 'seed': 43, 'clutter_pairs': 4, 'noise_steps': 6, 'inference_budget': 1}"
inference_effort,inference_recovery,fixed_size_recurrent_memory,inference_budget,1,7962,0.0,1.0,3.346,1,"{'model_name': 'fixed_size_recurrent_memory', 'state_dim': 32, 'seed': 7962, 'clutter_pairs': 4, 'noise_steps': 6, 'inference_budget': 1}"
inference_effort,inference_recovery,fixed_size_recurrent_memory,inference_budget,1,15881,0.0,1.0,3.542,1,"{'model_name': 'fixed_size_recurrent_memory', 'state_dim': 32, 'seed': 15881, 'clutter_pairs': 4, 'noise_steps': 6, 'inference_budget': 1}"
inference_effort,inference_recovery,fixed_size_recurrent_memory,inference_budget,1,23800,0.0,1.0,3.585,1,"{'model_name': 'fixed_size_recurrent_memory', 'state_dim': 32, 'seed': 23800, 'clutter_pairs': 4, 'noise_steps': 6, 'inference_budget': 1}"
inference_effort,inference_recovery,fixed_size_recurrent_memory,inference_budget,1,31719,0.0,1.0,4.25,1,"{'model_name': 'fixed_size_recurrent_memory', 'state_dim': 32, 'seed': 31719, 'clutter_pairs': 4, 'noise_steps': 6, 'inference_budget': 1}"
inference_effort,inference_recovery,fixed_size_recurrent_memory,inference_budget,1,39638,0.0,1.0,3.652,1,"{'model_name': 'fixed_size_recurrent_memory', 'state_dim': 32, 'seed': 39638, 'clutter_pairs': 4, 'noise_steps': 6, 'inference_budget': 1}"
inference_effort,inference_recovery,fixed_size_recurrent_memory,inference_budget,1,47557,0.0,1.0,11.098,1,"{'model_name': 'fixed_size_recurrent_memory', 'state_dim': 32, 'seed': 47557, 'clutter_pairs': 4, 'noise_steps': 6, 'inference_budget': 1}"
inference_effort,inference_recovery,fixed_size_recurrent_memory,inference_budget,1,55476,0.0,1.0,15.216,1,"{'model_name': 'fixed_size_recurrent_memory', 'state_dim': 32, 'seed': 55476, 'clutter_pairs': 4, 'noise_steps': 6, 'inference_budget': 1}"
inference_effort,inference_recovery,fixed_size_recurrent_memory,inference_budget,1,63395,0.0,1.0,4.403,1,"{'model_name': 'fixed_size_recurrent_memory', 'state_dim': 32, 'seed': 63395, 'clutter_pairs': 4, 'noise_steps': 6, 'inference_budget': 1}"
inference_effort,inference_recovery,fixed_size_recurrent_memory,inference_budget,1,71314,0.0,1.0,2.418,1,"{'model_name': 'fixed_size_recurrent_memory', 'state_dim': 32, 'seed': 71314, 'clutter_pairs': 4, 'noise_steps': 6, 'inference_budget': 1}"
inference_effort,inference_recovery,fixed_size_recurrent_memory,inference_budget,1,79233,0.0,1.0,2.598,1,"{'model_name': 'fixed_size_recurrent_memory', 'state_dim': 32, 'seed': 79233, 'clutter_pairs': 4, 'noise_steps': 6, 'inference_budget': 1}"
inference_effort,inference_recovery,fixed_size_recurrent_memory,inference_budget,1,87152,0.0,1.0,2.236,1,"{'model_name': 'fixed_size_recurrent_memory', 'state_dim': 32, 'seed': 87152, 'clutter_pairs': 4, 'noise_steps': 6, 'inference_budget': 1}"
inference_effort,inference_recovery,fixed_size_recurrent_memory,inference_budget,1,95071,0.0,1.0,3.292,1,"{'model_name': 'fixed_size_recurrent_memory', 'state_dim': 32, 'seed': 95071, 'clutter_pairs': 4, 'noise_steps': 6, 'inference_budget': 1}"
inference_effort,inference_recovery,fixed_size_recurrent_memory,inference_budget,1,102990,0.0,1.0,3.18,1,"{'model_name': 'fixed_size_recurrent_memory', 'state_dim': 32, 'seed': 102990, 'clutter_pairs': 4, 'noise_steps': 6, 'inference_budget': 1}"
inference_effort,inference_recovery,fixed_size_recurrent_memory,inference_budget,1,110909,0.0,1.0,3.237,1,"{'model_name': 'fixed_size_recurrent_memory', 'state_dim': 32, 'seed': 110909, 'clutter_pairs': 4, 'noise_steps': 6, 'inference_budget': 1}"
inference_effort,inference_recovery,fixed_size_recurrent_memory,inference_budget,1,118828,1.0,0.0,3.278,1,"{'model_name': 'fixed_size_recurrent_memory', 'state_dim': 32, 'seed': 118828, 'clutter_pairs': 4, 'noise_steps': 6, 'inference_budget': 1}"
inference_effort,inference_recovery,fixed_size_recurrent_memory,inference_budget,1,126747,0.0,1.0,3.727,1,"{'model_name': 'fixed_size_recurrent_memory', 'state_dim': 32, 'seed': 126747, 'clutter_pairs': 4, 'noise_steps': 6, 'inference_budget': 1}"
inference_effort,inference_recovery,fixed_size_recurrent_memory,inference_budget,1,134666,0.0,1.0,3.585,1,"{'model_name': 'fixed_size_recurrent_memory', 'state_dim': 32, 'seed': 134666, 'clutter_pairs': 4, 'noise_steps': 6, 'inference_budget': 1}"
inference_effort,inference_recovery,fixed_size_recurrent_memory,inference_budget,1,142585,0.0,1.0,3.335,1,"{'model_name': 'fixed_size_recurrent_memory', 'state_dim': 32, 'seed': 142585, 'clutter_pairs': 4, 'noise_steps': 6, 'inference_budget': 1}"
inference_effort,inference_recovery,fixed_size_recurrent_memory,inference_budget,1,150504,0.0,1.0,11.246,1,"{'model_name': 'fixed_size_recurrent_memory', 'state_dim': 32, 'seed': 150504, 'clutter_pairs': 4, 'noise_steps': 6, 'inference_budget': 1}"
inference_effort,inference_recovery,fixed_size_recurrent_memory,inference_budget,1,158423,0.0,1.0,12.345,1,"{'model_name': 'fixed_size_recurrent_memory', 'state_dim': 32, 'seed': 158423, 'clutter_pairs': 4, 'noise_steps': 6, 'inference_budget': 1}"
inference_effort,inference_recovery,fixed_size_recurrent_memory,inference_budget,1,166342,0.0,1.0,13.688,1,"{'model_name': 'fixed_size_recurrent_memory', 'state_dim': 32, 'seed': 166342, 'clutter_pairs': 4, 'noise_steps': 6, 'inference_budget': 1}"
inference_effort,inference_recovery,fixed_size_recurrent_memory,inference_budget,1,174261,0.0,1.0,12.6,1,"{'model_name': 'fixed_size_recurrent_memory', 'state_dim': 32, 'seed': 174261, 'clutter_pairs': 4, 'noise_steps': 6, 'inference_budget': 1}"
inference_effort,inference_recovery,fixed_size_recurrent_memory,inference_budget,1,182180,0.0,1.0,12.085,1,"{'model_name': 'fixed_size_recurrent_memory', 'state_dim': 32, 'seed': 182180, 'clutter_pairs': 4, 'noise_steps': 6, 'inference_budget': 1}"
inference_effort,inference_recovery,fixed_size_recurrent_memory,inference_budget,1,190099,0.0,1.0,14.577,1,"{'model_name': 'fixed_size_recurrent_memory', 'state_dim': 32, 'seed': 190099, 'clutter_pairs': 4, 'noise_steps': 6, 'inference_budget': 1}"
inference_effort,inference_recovery,fixed_size_recurrent_memory,inference_budget,1,198018,0.0,1.0,13.268,1,"{'model_name': 'fixed_size_recurrent_memory', 'state_dim': 32, 'seed': 198018, 'clutter_pairs': 4, 'noise_steps': 6, 'inference_budget': 1}"
inference_effort,inference_recovery,fixed_size_recurrent_memory,inference_budget,1,205937,0.0,1.0,13.077,1,"{'model_name': 'fixed_size_recurrent_memory', 'state_dim': 32, 'seed': 205937, 'clutter_pairs': 4, 'noise_steps': 6, 'inference_budget': 1}"
inference_effort,inference_recovery,fixed_size_recurrent_memory,inference_budget,1,213856,0.0,1.0,2.846,1,"{'model_name': 'fixed_size_recurrent_memory', 'state_dim': 32, 'seed': 213856, 'clutter_pairs': 4, 'noise_steps': 6, 'inference_budget': 1}"
inference_effort,inference_recovery,fixed_size_recurrent_memory,inference_budget,1,221775,0.0,1.0,3.785,1,"{'model_name': 'fixed_size_recurrent_memory', 'state_dim': 32, 'seed': 221775, 'clutter_pairs': 4, 'noise_steps': 6, 'inference_budget': 1}"
inference_effort,inference_recovery,fixed_size_recurrent_memory,inference_budget,1,229694,0.0,1.0,3.464,1,"{'model_name': 'fixed_size_recurrent_memory', 'state_dim': 32, 'seed': 229694, 'clutter_pairs': 4, 'noise_steps': 6, 'inference_budget': 1}"
inference_effort,inference_recovery,fixed_size_recurrent_memory,inference_budget,2,44,0.0,1.0,3.674,1,"{'model_name': 'fixed_size_recurrent_memory', 'state_dim': 32, 'seed': 44, 'clutter_pairs': 4, 'noise_steps': 6, 'inference_budget': 2}"
inference_effort,inference_recovery,fixed_size_recurrent_memory,inference_budget,2,7963,0.0,1.0,3.002,1,"{'model_name': 'fixed_size_recurrent_memory', 'state_dim': 32, 'seed': 7963, 'clutter_pairs': 4, 'noise_steps': 6, 'inference_budget': 2}"
inference_effort,inference_recovery,fixed_size_recurrent_memory,inference_budget,2,15882,0.0,1.0,3.641,1,"{'model_name': 'fixed_size_recurrent_memory', 'state_dim': 32, 'seed': 15882, 'clutter_pairs': 4, 'noise_steps': 6, 'inference_budget': 2}"
inference_effort,inference_recovery,fixed_size_recurrent_memory,inference_budget,2,23801,0.0,1.0,3.359,1,"{'model_name': 'fixed_size_recurrent_memory', 'state_dim': 32, 'seed': 23801, 'clutter_pairs': 4, 'noise_steps': 6, 'inference_budget': 2}"
inference_effort,inference_recovery,fixed_size_recurrent_memory,inference_budget,2,31720,0.0,1.0,3.156,1,"{'model_name': 'fixed_size_recurrent_memory', 'state_dim': 32, 'seed': 31720, 'clutter_pairs': 4, 'noise_steps': 6, 'inference_budget': 2}"
inference_effort,inference_recovery,fixed_size_recurrent_memory,inference_budget,2,39639,0.0,1.0,3.523,1,"{'model_name': 'fixed_size_recurrent_memory', 'state_dim': 32, 'seed': 39639, 'clutter_pairs': 4, 'noise_steps': 6, 'inference_budget': 2}"
inference_effort,inference_recovery,fixed_size_recurrent_memory,inference_budget,2,47558,0.0,1.0,5.262,1,"{'model_name': 'fixed_size_recurrent_memory', 'state_dim': 32, 'seed': 47558, 'clutter_pairs': 4, 'noise_steps': 6, 'inference_budget': 2}"
inference_effort,inference_recovery,fixed_size_recurrent_memory,inference_budget,2,55477,0.0,1.0,12.632,1,"{'model_name': 'fixed_size_recurrent_memory', 'state_dim': 32, 'seed': 55477, 'clutter_pairs': 4, 'noise_steps': 6, 'inference_budget': 2}"
inference_effort,inference_recovery,fixed_size_recurrent_memory,inference_budget,2,63396,0.0,1.0,11.869,1,"{'model_name': 'fixed_size_recurrent_memory', 'state_dim': 32, 'seed': 63396, 'clutter_pairs': 4, 'noise_steps': 6, 'inference_budget': 2}"
inference_effort,inference_recovery,fixed_size_recurrent_memory,inference_budget,2,71315,0.0,1.0,13.833,1,"{'model_name': 'fixed_size_recurrent_memory', 'state_dim': 32, 'seed': 71315, 'clutter_pairs': 4, 'noise_steps': 6, 'inference_budget': 2}"
inference_effort,inference_recovery,fixed_size_recurrent_memory,inference_budget,2,79234,0.0,1.0,3.619,1,"{'model_name': 'fixed_size_recurrent_memory', 'state_dim': 32, 'seed': 79234, 'clutter_pairs': 4, 'noise_steps': 6, 'inference_budget': 2}"
inference_effort,inference_recovery,fixed_size_recurrent_memory,inference_budget,2,87153,0.0,1.0,5.483,1,"{'model_name': 'fixed_size_recurrent_memory', 'state_dim': 32, 'seed': 87153, 'clutter_pairs': 4, 'noise_steps': 6, 'inference_budget': 2}"
inference_effort,inference_recovery,fixed_size_recurrent_memory,inference_budget,2,95072,0.0,1.0,2.726,1,"{'model_name': 'fixed_size_recurrent_memory', 'state_dim': 32, 'seed': 95072, 'clutter_pairs': 4, 'noise_steps': 6, 'inference_budget': 2}"
inference_effort,inference_recovery,fixed_size_recurrent_memory,inference_budget,2,102991,0.0,1.0,2.679,1,"{'model_name': 'fixed_size_recurrent_memory', 'state_dim': 32, 'seed': 102991, 'clutter_pairs': 4, 'noise_steps': 6, 'inference_budget': 2}"
inference_effort,inference_recovery,fixed_size_recurrent_memory,inference_budget,2,110910,0.0,1.0,2.442,1,"{'model_name': 'fixed_size_recurrent_memory', 'state_dim': 32, 'seed': 110910, 'clutter_pairs': 4, 'noise_steps': 6, 'inference_budget': 2}"
inference_effort,inference_recovery,fixed_size_recurrent_memory,inference_budget,2,118829,0.0,1.0,2.942,1,"{'model_name': 'fixed_size_recurrent_memory', 'state_dim': 32, 'seed': 118829, 'clutter_pairs': 4, 'noise_steps': 6, 'inference_budget': 2}"
inference_effort,inference_recovery,fixed_size_recurrent_memory,inference_budget,2,126748,1.0,0.0,3.901,1,"{'model_name': 'fixed_size_recurrent_memory', 'state_dim': 32, 'seed': 126748, 'clutter_pairs': 4, 'noise_steps': 6, 'inference_budget': 2}"
inference_effort,inference_recovery,fixed_size_recurrent_memory,inference_budget,2,134667,0.0,1.0,3.549,1,"{'model_name': 'fixed_size_recurrent_memory', 'state_dim': 32, 'seed': 134667, 'clutter_pairs': 4, 'noise_steps': 6, 'inference_budget': 2}"
inference_effort,inference_recovery,fixed_size_recurrent_memory,inference_budget,2,142586,1.0,0.0,2.843,1,"{'model_name': 'fixed_size_recurrent_memory', 'state_dim': 32, 'seed': 142586, 'clutter_pairs': 4, 'noise_steps': 6, 'inference_budget': 2}"
inference_effort,inference_recovery,fixed_size_recurrent_memory,inference_budget,2,150505,0.0,1.0,5.275,1,"{'model_name': 'fixed_size_recurrent_memory', 'state_dim': 32, 'seed': 150505, 'clutter_pairs': 4, 'noise_steps': 6, 'inference_budget': 2}"
inference_effort,inference_recovery,fixed_size_recurrent_memory,inference_budget,2,158424,0.0,1.0,3.8,1,"{'model_name': 'fixed_size_recurrent_memory', 'state_dim': 32, 'seed': 158424, 'clutter_pairs': 4, 'noise_steps': 6, 'inference_budget': 2}"
inference_effort,inference_recovery,fixed_size_recurrent_memory,inference_budget,2,166343,0.0,1.0,2.801,1,"{'model_name': 'fixed_size_recurrent_memory', 'state_dim': 32, 'seed': 166343, 'clutter_pairs': 4, 'noise_steps': 6, 'inference_budget': 2}"
inference_effort,inference_recovery,fixed_size_recurrent_memory,inference_budget,2,174262,0.0,1.0,3.416,1,"{'model_name': 'fixed_size_recurrent_memory', 'state_dim': 32, 'seed': 174262, 'clutter_pairs': 4, 'noise_steps': 6, 'inference_budget': 2}"
inference_effort,inference_recovery,fixed_size_recurrent_memory,inference_budget,2,182181,0.0,1.0,3.239,1,"{'model_name': 'fixed_size_recurrent_memory', 'state_dim': 32, 'seed': 182181, 'clutter_pairs': 4, 'noise_steps': 6, 'inference_budget': 2}"
inference_effort,inference_recovery,fixed_size_recurrent_memory,inference_budget,2,190100,0.0,1.0,3.208,1,"{'model_name': 'fixed_size_recurrent_memory', 'state_dim': 32, 'seed': 190100, 'clutter_pairs': 4, 'noise_steps': 6, 'inference_budget': 2}"
inference_effort,inference_recovery,fixed_size_recurrent_memory,inference_budget,2,198019,0.0,1.0,3.329,1,"{'model_name': 'fixed_size_recurrent_memory', 'state_dim': 32, 'seed': 198019, 'clutter_pairs': 4, 'noise_steps': 6, 'inference_budget': 2}"
inference_effort,inference_recovery,fixed_size_recurrent_memory,inference_budget,2,205938,0.0,1.0,3.373,1,"{'model_name': 'fixed_size_recurrent_memory', 'state_dim': 32, 'seed': 205938, 'clutter_pairs': 4, 'noise_steps': 6, 'inference_budget': 2}"
inference_effort,inference_recovery,fixed_size_recurrent_memory,inference_budget,2,213857,0.0,1.0,3.109,1,"{'model_name': 'fixed_size_recurrent_memory', 'state_dim': 32, 'seed': 213857, 'clutter_pairs': 4, 'noise_steps': 6, 'inference_budget': 2}"
inference_effort,inference_recovery,fixed_size_recurrent_memory,inference_budget,2,221776,0.0,1.0,9.961,1,"{'model_name': 'fixed_size_recurrent_memory', 'state_dim': 32, 'seed': 221776, 'clutter_pairs': 4, 'noise_steps': 6, 'inference_budget': 2}"
inference_effort,inference_recovery,fixed_size_recurrent_memory,inference_budget,2,229695,0.0,1.0,16.469,1,"{'model_name': 'fixed_size_recurrent_memory', 'state_dim': 32, 'seed': 229695, 'clutter_pairs': 4, 'noise_steps': 6, 'inference_budget': 2}"
inference_effort,inference_recovery,fixed_size_recurrent_memory,inference_budget,3,45,0.0,1.0,3.796,1,"{'model_name': 'fixed_size_recurrent_memory', 'state_dim': 32, 'seed': 45, 'clutter_pairs': 4, 'noise_steps': 6, 'inference_budget': 3}"
inference_effort,inference_recovery,fixed_size_recurrent_memory,inference_budget,3,7964,1.0,0.0,3.653,1,"{'model_name': 'fixed_size_recurrent_memory', 'state_dim': 32, 'seed': 7964, 'clutter_pairs': 4, 'noise_steps': 6, 'inference_budget': 3}"
inference_effort,inference_recovery,fixed_size_recurrent_memory,inference_budget,3,15883,0.0,1.0,3.033,1,"{'model_name': 'fixed_size_recurrent_memory', 'state_dim': 32, 'seed': 15883, 'clutter_pairs': 4, 'noise_steps': 6, 'inference_budget': 3}"
inference_effort,inference_recovery,fixed_size_recurrent_memory,inference_budget,3,23802,0.0,1.0,2.762,1,"{'model_name': 'fixed_size_recurrent_memory', 'state_dim': 32, 'seed': 23802, 'clutter_pairs': 4, 'noise_steps': 6, 'inference_budget': 3}"
inference_effort,inference_recovery,fixed_size_recurrent_memory,inference_budget,3,31721,0.0,1.0,3.36,1,"{'model_name': 'fixed_size_recurrent_memory', 'state_dim': 32, 'seed': 31721, 'clutter_pairs': 4, 'noise_steps': 6, 'inference_budget': 3}"
inference_effort,inference_recovery,fixed_size_recurrent_memory,inference_budget,3,39640,0.0,1.0,3.119,1,"{'model_name': 'fixed_size_recurrent_memory', 'state_dim': 32, 'seed': 39640, 'clutter_pairs': 4, 'noise_steps': 6, 'inference_budget': 3}"
inference_effort,inference_recovery,fixed_size_recurrent_memory,inference_budget,3,47559,0.0,1.0,3.198,1,"{'model_name': 'fixed_size_recurrent_memory', 'state_dim': 32, 'seed': 47559, 'clutter_pairs': 4, 'noise_steps': 6, 'inference_budget': 3}"
inference_effort,inference_recovery,fixed_size_recurrent_memory,inference_budget,3,55478,0.0,1.0,2.937,1,"{'model_name': 'fixed_size_recurrent_memory', 'state_dim': 32, 'seed': 55478, 'clutter_pairs': 4, 'noise_steps': 6, 'inference_budget': 3}"
inference_effort,inference_recovery,fixed_size_recurrent_memory,inference_budget,3,63397,0.0,1.0,3.176,1,"{'model_name': 'fixed_size_recurrent_memory', 'state_dim': 32, 'seed': 63397, 'clutter_pairs': 4, 'noise_steps': 6, 'inference_budget': 3}"
inference_effort,inference_recovery,fixed_size_recurrent_memory,inference_budget,3,71316,0.0,1.0,9.345,1,"{'model_name': 'fixed_size_recurrent_memory', 'state_dim': 32, 'seed': 71316, 'clutter_pairs': 4, 'noise_steps': 6, 'inference_budget': 3}"
inference_effort,inference_recovery,fixed_size_recurrent_memory,inference_budget,3,79235,0.0,1.0,6.654,1,"{'model_name': 'fixed_size_recurrent_memory', 'state_dim': 32, 'seed': 79235, 'clutter_pairs': 4, 'noise_steps': 6, 'inference_budget': 3}"
inference_effort,inference_recovery,fixed_size_recurrent_memory,inference_budget,3,87154,0.0,1.0,3.686,1,"{'model_name': 'fixed_size_recurrent_memory', 'state_dim': 32, 'seed': 87154, 'clutter_pairs': 4, 'noise_steps': 6, 'inference_budget': 3}"
inference_effort,inference_recovery,fixed_size_recurrent_memory,inference_budget,3,95073,0.0,1.0,3.384,1,"{'model_name': 'fixed_size_recurrent_memory', 'state_dim': 32, 'seed': 95073, 'clutter_pairs': 4, 'noise_steps': 6, 'inference_budget': 3}"
inference_effort,inference_recovery,fixed_size_recurrent_memory,inference_budget,3,102992,0.0,1.0,3.647,1,"{'model_name': 'fixed_size_recurrent_memory', 'state_dim': 32, 'seed': 102992, 'clutter_pairs': 4, 'noise_steps': 6, 'inference_budget': 3}"
inference_effort,inference_recovery,fixed_size_recurrent_memory,inference_budget,3,110911,0.0,1.0,3.319,1,"{'model_name': 'fixed_size_recurrent_memory', 'state_dim': 32, 'seed': 110911, 'clutter_pairs': 4, 'noise_steps': 6, 'inference_budget': 3}"
inference_effort,inference_recovery,fixed_size_recurrent_memory,inference_budget,3,118830,0.0,1.0,2.606,1,"{'model_name': 'fixed_size_recurrent_memory', 'state_dim': 32, 'seed': 118830, 'clutter_pairs': 4, 'noise_steps': 6, 'inference_budget': 3}"
inference_effort,inference_recovery,fixed_size_recurrent_memory,inference_budget,3,126749,0.0,1.0,3.569,1,"{'model_name': 'fixed_size_recurrent_memory', 'state_dim': 32, 'seed': 126749, 'clutter_pairs': 4, 'noise_steps': 6, 'inference_budget': 3}"
inference_effort,inference_recovery,fixed_size_recurrent_memory,inference_budget,3,134668,0.0,1.0,2.945,1,"{'model_name': 'fixed_size_recurrent_memory', 'state_dim': 32, 'seed': 134668, 'clutter_pairs': 4, 'noise_steps': 6, 'inference_budget': 3}"
inference_effort,inference_recovery,fixed_size_recurrent_memory,inference_budget,3,142587,0.0,1.0,2.969,1,"{'model_name': 'fixed_size_recurrent_memory', 'state_dim': 32, 'seed': 142587, 'clutter_pairs': 4, 'noise_steps': 6, 'inference_budget': 3}"
inference_effort,inference_recovery,fixed_size_recurrent_memory,inference_budget,3,150506,0.0,1.0,3.301,1,"{'model_name': 'fixed_size_recurrent_memory', 'state_dim': 32, 'seed': 150506, 'clutter_pairs': 4, 'noise_steps': 6, 'inference_budget': 3}"
inference_effort,inference_recovery,fixed_size_recurrent_memory,inference_budget,3,158425,0.0,1.0,3.662,1,"{'model_name': 'fixed_size_recurrent_memory', 'state_dim': 32, 'seed': 158425, 'clutter_pairs': 4, 'noise_steps': 6, 'inference_budget': 3}"
inference_effort,inference_recovery,fixed_size_recurrent_memory,inference_budget,3,166344,0.0,1.0,2.841,1,"{'model_name': 'fixed_size_recurrent_memory', 'state_dim': 32, 'seed': 166344, 'clutter_pairs': 4, 'noise_steps': 6, 'inference_budget': 3}"
inference_effort,inference_recovery,fixed_size_recurrent_memory,inference_budget,3,174263,0.0,1.0,3.08,1,"{'model_name': 'fixed_size_recurrent_memory', 'state_dim': 32, 'seed': 174263, 'clutter_pairs': 4, 'noise_steps': 6, 'inference_budget': 3}"
inference_effort,inference_recovery,fixed_size_recurrent_memory,inference_budget,3,182182,0.0,1.0,3.913,1,"{'model_name': 'fixed_size_recurrent_memory', 'state_dim': 32, 'seed': 182182, 'clutter_pairs': 4, 'noise_steps': 6, 'inference_budget': 3}"
inference_effort,inference_recovery,fixed_size_recurrent_memory,inference_budget,3,190101,0.0,1.0,7.908,1,"{'model_name': 'fixed_size_recurrent_memory', 'state_dim': 32, 'seed': 190101, 'clutter_pairs': 4, 'noise_steps': 6, 'inference_budget': 3}"
inference_effort,inference_recovery,fixed_size_recurrent_memory,inference_budget,3,198020,0.0,1.0,15.197,1,"{'model_name': 'fixed_size_recurrent_memory', 'state_dim': 32, 'seed': 198020, 'clutter_pairs': 4, 'noise_steps': 6, 'inference_budget': 3}"
inference_effort,inference_recovery,fixed_size_recurrent_memory,inference_budget,3,205939,0.0,1.0,12.848,1,"{'model_name': 'fixed_size_recurrent_memory', 'state_dim': 32, 'seed': 205939, 'clutter_pairs': 4, 'noise_steps': 6, 'inference_budget': 3}"
inference_effort,inference_recovery,fixed_size_recurrent_memory,inference_budget,3,213858,0.0,1.0,15.139,1,"{'model_name': 'fixed_size_recurrent_memory', 'state_dim': 32, 'seed': 213858, 'clutter_pairs': 4, 'noise_steps': 6, 'inference_budget': 3}"
inference_effort,inference_recovery,fixed_size_recurrent_memory,inference_budget,3,221777,0.0,1.0,11.868,1,"{'model_name': 'fixed_size_recurrent_memory', 'state_dim': 32, 'seed': 221777, 'clutter_pairs': 4, 'noise_steps': 6, 'inference_budget': 3}"
inference_effort,inference_recovery,fixed_size_recurrent_memory,inference_budget,3,229696,0.0,1.0,13.226,1,"{'model_name': 'fixed_size_recurrent_memory', 'state_dim': 32, 'seed': 229696, 'clutter_pairs': 4, 'noise_steps': 6, 'inference_budget': 3}"
inference_effort,inference_recovery,fixed_size_recurrent_memory,inference_budget,4,46,0.0,1.0,3.906,1,"{'model_name': 'fixed_size_recurrent_memory', 'state_dim': 32, 'seed': 46, 'clutter_pairs': 4, 'noise_steps': 6, 'inference_budget': 4}"
inference_effort,inference_recovery,fixed_size_recurrent_memory,inference_budget,4,7965,0.0,1.0,3.208,1,"{'model_name': 'fixed_size_recurrent_memory', 'state_dim': 32, 'seed': 7965, 'clutter_pairs': 4, 'noise_steps': 6, 'inference_budget': 4}"
inference_effort,inference_recovery,fixed_size_recurrent_memory,inference_budget,4,15884,0.0,1.0,3.27,1,"{'model_name': 'fixed_size_recurrent_memory', 'state_dim': 32, 'seed': 15884, 'clutter_pairs': 4, 'noise_steps': 6, 'inference_budget': 4}"
inference_effort,inference_recovery,fixed_size_recurrent_memory,inference_budget,4,23803,0.0,1.0,3.537,1,"{'model_name': 'fixed_size_recurrent_memory', 'state_dim': 32, 'seed': 23803, 'clutter_pairs': 4, 'noise_steps': 6, 'inference_budget': 4}"
inference_effort,inference_recovery,fixed_size_recurrent_memory,inference_budget,4,31722,0.0,1.0,2.919,1,"{'model_name': 'fixed_size_recurrent_memory', 'state_dim': 32, 'seed': 31722, 'clutter_pairs': 4, 'noise_steps': 6, 'inference_budget': 4}"
inference_effort,inference_recovery,fixed_size_recurrent_memory,inference_budget,4,39641,0.0,1.0,3.229,1,"{'model_name': 'fixed_size_recurrent_memory', 'state_dim': 32, 'seed': 39641, 'clutter_pairs': 4, 'noise_steps': 6, 'inference_budget': 4}"
inference_effort,inference_recovery,fixed_size_recurrent_memory,inference_budget,4,47560,1.0,0.0,4.595,1,"{'model_name': 'fixed_size_recurrent_memory', 'state_dim': 32, 'seed': 47560, 'clutter_pairs': 4, 'noise_steps': 6, 'inference_budget': 4}"
inference_effort,inference_recovery,fixed_size_recurrent_memory,inference_budget,4,55479,0.0,1.0,16.083,1,"{'model_name': 'fixed_size_recurrent_memory', 'state_dim': 32, 'seed': 55479, 'clutter_pairs': 4, 'noise_steps': 6, 'inference_budget': 4}"
inference_effort,inference_recovery,fixed_size_recurrent_memory,inference_budget,4,63398,0.0,1.0,12.337,1,"{'model_name': 'fixed_size_recurrent_memory', 'state_dim': 32, 'seed': 63398, 'clutter_pairs': 4, 'noise_steps': 6, 'inference_budget': 4}"
inference_effort,inference_recovery,fixed_size_recurrent_memory,inference_budget,4,71317,0.0,1.0,3.34,1,"{'model_name': 'fixed_size_recurrent_memory', 'state_dim': 32, 'seed': 71317, 'clutter_pairs': 4, 'noise_steps': 6, 'inference_budget': 4}"
inference_effort,inference_recovery,fixed_size_recurrent_memory,inference_budget,4,79236,0.0,1.0,2.619,1,"{'model_name': 'fixed_size_recurrent_memory', 'state_dim': 32, 'seed': 79236, 'clutter_pairs': 4, 'noise_steps': 6, 'inference_budget': 4}"
inference_effort,inference_recovery,fixed_size_recurrent_memory,inference_budget,4,87155,0.0,1.0,11.631,1,"{'model_name': 'fixed_size_recurrent_memory', 'state_dim': 32, 'seed': 87155, 'clutter_pairs': 4, 'noise_steps': 6, 'inference_budget': 4}"
inference_effort,inference_recovery,fixed_size_recurrent_memory,inference_budget,4,95074,0.0,1.0,13.919,1,"{'model_name': 'fixed_size_recurrent_memory', 'state_dim': 32, 'seed': 95074, 'clutter_pairs': 4, 'noise_steps': 6, 'inference_budget': 4}"
inference_effort,inference_recovery,fixed_size_recurrent_memory,inference_budget,4,102993,0.0,1.0,13.288,1,"{'model_name': 'fixed_size_recurrent_memory', 'state_dim': 32, 'seed': 102993, 'clutter_pairs': 4, 'noise_steps': 6, 'inference_budget': 4}"
inference_effort,inference_recovery,fixed_size_recurrent_memory,inference_budget,4,110912,0.0,1.0,11.362,1,"{'model_name': 'fixed_size_recurrent_memory', 'state_dim': 32, 'seed': 110912, 'clutter_pairs': 4, 'noise_steps': 6, 'inference_budget': 4}"
inference_effort,inference_recovery,fixed_size_recurrent_memory,inference_budget,4,118831,0.0,1.0,14.649,1,"{'model_name': 'fixed_size_recurrent_memory', 'state_dim': 32, 'seed': 118831, 'clutter_pairs': 4, 'noise_steps': 6, 'inference_budget': 4}"
inference_effort,inference_recovery,fixed_size_recurrent_memory,inference_budget,4,126750,0.0,1.0,14.112,1,"{'model_name': 'fixed_size_recurrent_memory', 'state_dim': 32, 'seed': 126750, 'clutter_pairs': 4, 'noise_steps': 6, 'inference_budget': 4}"
inference_effort,inference_recovery,fixed_size_recurrent_memory,inference_budget,4,134669,0.0,1.0,8.97,1,"{'model_name': 'fixed_size_recurrent_memory', 'state_dim': 32, 'seed': 134669, 'clutter_pairs': 4, 'noise_steps': 6, 'inference_budget': 4}"
inference_effort,inference_recovery,fixed_size_recurrent_memory,inference_budget,4,142588,0.0,1.0,4.244,1,"{'model_name': 'fixed_size_recurrent_memory', 'state_dim': 32, 'seed': 142588, 'clutter_pairs': 4, 'noise_steps': 6, 'inference_budget': 4}"
inference_effort,inference_recovery,fixed_size_recurrent_memory,inference_budget,4,150507,0.0,1.0,3.302,1,"{'model_name': 'fixed_size_recurrent_memory', 'state_dim': 32, 'seed': 150507, 'clutter_pairs': 4, 'noise_steps': 6, 'inference_budget': 4}"
inference_effort,inference_recovery,fixed_size_recurrent_memory,inference_budget,4,158426,0.0,1.0,3.348,1,"{'model_name': 'fixed_size_recurrent_memory', 'state_dim': 32, 'seed': 158426, 'clutter_pairs': 4, 'noise_steps': 6, 'inference_budget': 4}"
inference_effort,inference_recovery,fixed_size_recurrent_memory,inference_budget,4,166345,0.0,1.0,3.205,1,"{'model_name': 'fixed_size_recurrent_memory', 'state_dim': 32, 'seed': 166345, 'clutter_pairs': 4, 'noise_steps': 6, 'inference_budget': 4}"
inference_effort,inference_recovery,fixed_size_recurrent_memory,inference_budget,4,174264,1.0,0.0,2.994,1,"{'model_name': 'fixed_size_recurrent_memory', 'state_dim': 32, 'seed': 174264, 'clutter_pairs': 4, 'noise_steps': 6, 'inference_budget': 4}"
inference_effort,inference_recovery,fixed_size_recurrent_memory,inference_budget,4,182183,1.0,0.0,3.007,1,"{'model_name': 'fixed_size_recurrent_memory', 'state_dim': 32, 'seed': 182183, 'clutter_pairs': 4, 'noise_steps': 6, 'inference_budget': 4}"
inference_effort,inference_recovery,fixed_size_recurrent_memory,inference_budget,4,190102,0.0,1.0,3.402,1,"{'model_name': 'fixed_size_recurrent_memory', 'state_dim': 32, 'seed': 190102, 'clutter_pairs': 4, 'noise_steps': 6, 'inference_budget': 4}"
inference_effort,inference_recovery,fixed_size_recurrent_memory,inference_budget,4,198021,0.0,1.0,3.37,1,"{'model_name': 'fixed_size_recurrent_memory', 'state_dim': 32, 'seed': 198021, 'clutter_pairs': 4, 'noise_steps': 6, 'inference_budget': 4}"
inference_effort,inference_recovery,fixed_size_recurrent_memory,inference_budget,4,205940,0.0,1.0,6.649,1,"{'model_name': 'fixed_size_recurrent_memory', 'state_dim': 32, 'seed': 205940, 'clutter_pairs': 4, 'noise_steps': 6, 'inference_budget': 4}"
inference_effort,inference_recovery,fixed_size_recurrent_memory,inference_budget,4,213859,0.0,1.0,13.359,1,"{'model_name': 'fixed_size_recurrent_memory', 'state_dim': 32, 'seed': 213859, 'clutter_pairs': 4, 'noise_steps': 6, 'inference_budget': 4}"
inference_effort,inference_recovery,fixed_size_recurrent_memory,inference_budget,4,221778,0.0,1.0,3.591,1,"{'model_name': 'fixed_size_recurrent_memory', 'state_dim': 32, 'seed': 221778, 'clutter_pairs': 4, 'noise_steps': 6, 'inference_budget': 4}"
inference_effort,inference_recovery,fixed_size_recurrent_memory,inference_budget,4,229697,0.0,1.0,2.37,1,"{'model_name': 'fixed_size_recurrent_memory', 'state_dim': 32, 'seed': 229697, 'clutter_pairs': 4, 'noise_steps': 6, 'inference_budget': 4}"
inference_effort,inference_recovery,fixed_size_recurrent_memory,inference_budget,6,48,0.0,1.0,3.363,1,"{'model_name': 'fixed_size_recurrent_memory', 'state_dim': 32, 'seed': 48, 'clutter_pairs': 4, 'noise_steps': 6, 'inference_budget': 6}"
inference_effort,inference_recovery,fixed_size_recurrent_memory,inference_budget,6,7967,0.0,1.0,3.624,1,"{'model_name': 'fixed_size_recurrent_memory', 'state_dim': 32, 'seed': 7967, 'clutter_pairs': 4, 'noise_steps': 6, 'inference_budget': 6}"
inference_effort,inference_recovery,fixed_size_recurrent_memory,inference_budget,6,15886,0.0,1.0,3.202,1,"{'model_name': 'fixed_size_recurrent_memory', 'state_dim': 32, 'seed': 15886, 'clutter_pairs': 4, 'noise_steps': 6, 'inference_budget': 6}"
inference_effort,inference_recovery,fixed_size_recurrent_memory,inference_budget,6,23805,0.0,1.0,3.566,1,"{'model_name': 'fixed_size_recurrent_memory', 'state_dim': 32, 'seed': 23805, 'clutter_pairs': 4, 'noise_steps': 6, 'inference_budget': 6}"
inference_effort,inference_recovery,fixed_size_recurrent_memory,inference_budget,6,31724,0.0,1.0,3.418,1,"{'model_name': 'fixed_size_recurrent_memory', 'state_dim': 32, 'seed': 31724, 'clutter_pairs': 4, 'noise_steps': 6, 'inference_budget': 6}"
inference_effort,inference_recovery,fixed_size_recurrent_memory,inference_budget,6,39643,0.0,1.0,3.71,1,"{'model_name': 'fixed_size_recurrent_memory', 'state_dim': 32, 'seed': 39643, 'clutter_pairs': 4, 'noise_steps': 6, 'inference_budget': 6}"
inference_effort,inference_recovery,fixed_size_recurrent_memory,inference_budget,6,47562,0.0,1.0,15.443,1,"{'model_name': 'fixed_size_recurrent_memory', 'state_dim': 32, 'seed': 47562, 'clutter_pairs': 4, 'noise_steps': 6, 'inference_budget': 6}"
inference_effort,inference_recovery,fixed_size_recurrent_memory,inference_budget,6,55481,0.0,1.0,13.271,1,"{'model_name': 'fixed_size_recurrent_memory', 'state_dim': 32, 'seed': 55481, 'clutter_pairs': 4, 'noise_steps': 6, 'inference_budget': 6}"
inference_effort,inference_recovery,fixed_size_recurrent_memory,inference_budget,6,63400,0.0,1.0,12.721,1,"{'model_name': 'fixed_size_recurrent_memory', 'state_dim': 32, 'seed': 63400, 'clutter_pairs': 4, 'noise_steps': 6, 'inference_budget': 6}"
inference_effort,inference_recovery,fixed_size_recurrent_memory,inference_budget,6,71319,0.0,1.0,13.927,1,"{'model_name': 'fixed_size_recurrent_memory', 'state_dim': 32, 'seed': 71319, 'clutter_pairs': 4, 'noise_steps': 6, 'inference_budget': 6}"
inference_effort,inference_recovery,fixed_size_recurrent_memory,inference_budget,6,79238,0.0,1.0,14.967,1,"{'model_name': 'fixed_size_recurrent_memory', 'state_dim': 32, 'seed': 79238, 'clutter_pairs': 4, 'noise_steps': 6, 'inference_budget': 6}"
inference_effort,inference_recovery,fixed_size_recurrent_memory,inference_budget,6,87157,0.0,1.0,7.617,1,"{'model_name': 'fixed_size_recurrent_memory', 'state_dim': 32, 'seed': 87157, 'clutter_pairs': 4, 'noise_steps': 6, 'inference_budget': 6}"
inference_effort,inference_recovery,fixed_size_recurrent_memory,inference_budget,6,95076,0.0,1.0,2.527,1,"{'model_name': 'fixed_size_recurrent_memory', 'state_dim': 32, 'seed': 95076, 'clutter_pairs': 4, 'noise_steps': 6, 'inference_budget': 6}"
inference_effort,inference_recovery,fixed_size_recurrent_memory,inference_budget,6,102995,0.0,1.0,2.849,1,"{'model_name': 'fixed_size_recurrent_memory', 'state_dim': 32, 'seed': 102995, 'clutter_pairs': 4, 'noise_steps': 6, 'inference_budget': 6}"
inference_effort,inference_recovery,fixed_size_recurrent_memory,inference_budget,6,110914,0.0,1.0,2.583,1,"{'model_name': 'fixed_size_recurrent_memory', 'state_dim': 32, 'seed': 110914, 'clutter_pairs': 4, 'noise_steps': 6, 'inference_budget': 6}"
inference_effort,inference_recovery,fixed_size_recurrent_memory,inference_budget,6,118833,0.0,1.0,2.959,1,"{'model_name': 'fixed_size_recurrent_memory', 'state_dim': 32, 'seed': 118833, 'clutter_pairs': 4, 'noise_steps': 6, 'inference_budget': 6}"
inference_effort,inference_recovery,fixed_size_recurrent_memory,inference_budget,6,126752,0.0,1.0,2.927,1,"{'model_name': 'fixed_size_recurrent_memory', 'state_dim': 32, 'seed': 126752, 'clutter_pairs': 4, 'noise_steps': 6, 'inference_budget': 6}"
inference_effort,inference_recovery,fixed_size_recurrent_memory,inference_budget,6,134671,0.0,1.0,3.322,1,"{'model_name': 'fixed_size_recurrent_memory', 'state_dim': 32, 'seed': 134671, 'clutter_pairs': 4, 'noise_steps': 6, 'inference_budget': 6}"
inference_effort,inference_recovery,fixed_size_recurrent_memory,inference_budget,6,142590,0.0,1.0,3.098,1,"{'model_name': 'fixed_size_recurrent_memory', 'state_dim': 32, 'seed': 142590, 'clutter_pairs': 4, 'noise_steps': 6, 'inference_budget': 6}"
inference_effort,inference_recovery,fixed_size_recurrent_memory,inference_budget,6,150509,0.0,1.0,2.963,1,"{'model_name': 'fixed_size_recurrent_memory', 'state_dim': 32, 'seed': 150509, 'clutter_pairs': 4, 'noise_steps': 6, 'inference_budget': 6}"
inference_effort,inference_recovery,fixed_size_recurrent_memory,inference_budget,6,158428,0.0,1.0,3.294,1,"{'model_name': 'fixed_size_recurrent_memory', 'state_dim': 32, 'seed': 158428, 'clutter_pairs': 4, 'noise_steps': 6, 'inference_budget': 6}"
inference_effort,inference_recovery,fixed_size_recurrent_memory,inference_budget,6,166347,0.0,1.0,3.473,1,"{'model_name': 'fixed_size_recurrent_memory', 'state_dim': 32, 'seed': 166347, 'clutter_pairs': 4, 'noise_steps': 6, 'inference_budget': 6}"
inference_effort,inference_recovery,fixed_size_recurrent_memory,inference_budget,6,174266,1.0,0.0,3.478,1,"{'model_name': 'fixed_size_recurrent_memory', 'state_dim': 32, 'seed': 174266, 'clutter_pairs': 4, 'noise_steps': 6, 'inference_budget': 6}"
inference_effort,inference_recovery,fixed_size_recurrent_memory,inference_budget,6,182185,0.0,1.0,3.076,1,"{'model_name': 'fixed_size_recurrent_memory', 'state_dim': 32, 'seed': 182185, 'clutter_pairs': 4, 'noise_steps': 6, 'inference_budget': 6}"
inference_effort,inference_recovery,fixed_size_recurrent_memory,inference_budget,6,190104,0.0,1.0,2.873,1,"{'model_name': 'fixed_size_recurrent_memory', 'state_dim': 32, 'seed': 190104, 'clutter_pairs': 4, 'noise_steps': 6, 'inference_budget': 6}"
inference_effort,inference_recovery,fixed_size_recurrent_memory,inference_budget,6,198023,0.0,1.0,3.07,1,"{'model_name': 'fixed_size_recurrent_memory', 'state_dim': 32, 'seed': 198023, 'clutter_pairs': 4, 'noise_steps': 6, 'inference_budget': 6}"
inference_effort,inference_recovery,fixed_size_recurrent_memory,inference_budget,6,205942,0.0,1.0,6.744,1,"{'model_name': 'fixed_size_recurrent_memory', 'state_dim': 32, 'seed': 205942, 'clutter_pairs': 4, 'noise_steps': 6, 'inference_budget': 6}"
inference_effort,inference_recovery,fixed_size_recurrent_memory,inference_budget,6,213861,0.0,1.0,13.835,1,"{'model_name': 'fixed_size_recurrent_memory', 'state_dim': 32, 'seed': 213861, 'clutter_pairs': 4, 'noise_steps': 6, 'inference_budget': 6}"
inference_effort,inference_recovery,fixed_size_recurrent_memory,inference_budget,6,221780,0.0,1.0,13.677,1,"{'model_name': 'fixed_size_recurrent_memory', 'state_dim': 32, 'seed': 221780, 'clutter_pairs': 4, 'noise_steps': 6, 'inference_budget': 6}"
inference_effort,inference_recovery,fixed_size_recurrent_memory,inference_budget,6,229699,0.0,1.0,15.118,1,"{'model_name': 'fixed_size_recurrent_memory', 'state_dim': 32, 'seed': 229699, 'clutter_pairs': 4, 'noise_steps': 6, 'inference_budget': 6}"
inference_effort,inference_recovery,fixed_size_recurrent_memory,inference_budget,8,50,0.0,1.0,2.457,1,"{'model_name': 'fixed_size_recurrent_memory', 'state_dim': 32, 'seed': 50, 'clutter_pairs': 4, 'noise_steps': 6, 'inference_budget': 8}"
inference_effort,inference_recovery,fixed_size_recurrent_memory,inference_budget,8,7969,0.0,1.0,3.085,1,"{'model_name': 'fixed_size_recurrent_memory', 'state_dim': 32, 'seed': 7969, 'clutter_pairs': 4, 'noise_steps': 6, 'inference_budget': 8}"
inference_effort,inference_recovery,fixed_size_recurrent_memory,inference_budget,8,15888,0.0,1.0,3.611,1,"{'model_name': 'fixed_size_recurrent_memory', 'state_dim': 32, 'seed': 15888, 'clutter_pairs': 4, 'noise_steps': 6, 'inference_budget': 8}"
inference_effort,inference_recovery,fixed_size_recurrent_memory,inference_budget,8,23807,0.0,1.0,3.208,1,"{'model_name': 'fixed_size_recurrent_memory', 'state_dim': 32, 'seed': 23807, 'clutter_pairs': 4, 'noise_steps': 6, 'inference_budget': 8}"
inference_effort,inference_recovery,fixed_size_recurrent_memory,inference_budget,8,31726,0.0,1.0,3.072,1,"{'model_name': 'fixed_size_recurrent_memory', 'state_dim': 32, 'seed': 31726, 'clutter_pairs': 4, 'noise_steps': 6, 'inference_budget': 8}"
inference_effort,inference_recovery,fixed_size_recurrent_memory,inference_budget,8,39645,0.0,1.0,2.916,1,"{'model_name': 'fixed_size_recurrent_memory', 'state_dim': 32, 'seed': 39645, 'clutter_pairs': 4, 'noise_steps': 6, 'inference_budget': 8}"
inference_effort,inference_recovery,fixed_size_recurrent_memory,inference_budget,8,47564,0.0,1.0,3.015,1,"{'model_name': 'fixed_size_recurrent_memory', 'state_dim': 32, 'seed': 47564, 'clutter_pairs': 4, 'noise_steps': 6, 'inference_budget': 8}"
inference_effort,inference_recovery,fixed_size_recurrent_memory,inference_budget,8,55483,0.0,1.0,3.478,1,"{'model_name': 'fixed_size_recurrent_memory', 'state_dim': 32, 'seed': 55483, 'clutter_pairs': 4, 'noise_steps': 6, 'inference_budget': 8}"
inference_effort,inference_recovery,fixed_size_recurrent_memory,inference_budget,8,63402,0.0,1.0,3.078,1,"{'model_name': 'fixed_size_recurrent_memory', 'state_dim': 32, 'seed': 63402, 'clutter_pairs': 4, 'noise_steps': 6, 'inference_budget': 8}"
inference_effort,inference_recovery,fixed_size_recurrent_memory,inference_budget,8,71321,0.0,1.0,3.236,1,"{'model_name': 'fixed_size_recurrent_memory', 'state_dim': 32, 'seed': 71321, 'clutter_pairs': 4, 'noise_steps': 6, 'inference_budget': 8}"
inference_effort,inference_recovery,fixed_size_recurrent_memory,inference_budget,8,79240,0.0,1.0,3.134,1,"{'model_name': 'fixed_size_recurrent_memory', 'state_dim': 32, 'seed': 79240, 'clutter_pairs': 4, 'noise_steps': 6, 'inference_budget': 8}"
inference_effort,inference_recovery,fixed_size_recurrent_memory,inference_budget,8,87159,0.0,1.0,3.52,1,"{'model_name': 'fixed_size_recurrent_memory', 'state_dim': 32, 'seed': 87159, 'clutter_pairs': 4, 'noise_steps': 6, 'inference_budget': 8}"
inference_effort,inference_recovery,fixed_size_recurrent_memory,inference_budget,8,95078,0.0,1.0,3.405,1,"{'model_name': 'fixed_size_recurrent_memory', 'state_dim': 32, 'seed': 95078, 'clutter_pairs': 4, 'noise_steps': 6, 'inference_budget': 8}"
inference_effort,inference_recovery,fixed_size_recurrent_memory,inference_budget,8,102997,0.0,1.0,6.429,1,"{'model_name': 'fixed_size_recurrent_memory', 'state_dim': 32, 'seed': 102997, 'clutter_pairs': 4, 'noise_steps': 6, 'inference_budget': 8}"
inference_effort,inference_recovery,fixed_size_recurrent_memory,inference_budget,8,110916,0.0,1.0,13.876,1,"{'model_name': 'fixed_size_recurrent_memory', 'state_dim': 32, 'seed': 110916, 'clutter_pairs': 4, 'noise_steps': 6, 'inference_budget': 8}"
inference_effort,inference_recovery,fixed_size_recurrent_memory,inference_budget,8,118835,0.0,1.0,11.146,1,"{'model_name': 'fixed_size_recurrent_memory', 'state_dim': 32, 'seed': 118835, 'clutter_pairs': 4, 'noise_steps': 6, 'inference_budget': 8}"
inference_effort,inference_recovery,fixed_size_recurrent_memory,inference_budget,8,126754,0.0,1.0,3.924,1,"{'model_name': 'fixed_size_recurrent_memory', 'state_dim': 32, 'seed': 126754, 'clutter_pairs': 4, 'noise_steps': 6, 'inference_budget': 8}"
inference_effort,inference_recovery,fixed_size_recurrent_memory,inference_budget,8,134673,0.0,1.0,3.277,1,"{'model_name': 'fixed_size_recurrent_memory', 'state_dim': 32, 'seed': 134673, 'clutter_pairs': 4, 'noise_steps': 6, 'inference_budget': 8}"
inference_effort,inference_recovery,fixed_size_recurrent_memory,inference_budget,8,142592,0.0,1.0,3.268,1,"{'model_name': 'fixed_size_recurrent_memory', 'state_dim': 32, 'seed': 142592, 'clutter_pairs': 4, 'noise_steps': 6, 'inference_budget': 8}"
inference_effort,inference_recovery,fixed_size_recurrent_memory,inference_budget,8,150511,0.0,1.0,3.864,1,"{'model_name': 'fixed_size_recurrent_memory', 'state_dim': 32, 'seed': 150511, 'clutter_pairs': 4, 'noise_steps': 6, 'inference_budget': 8}"
inference_effort,inference_recovery,fixed_size_recurrent_memory,inference_budget,8,158430,0.0,1.0,3.008,1,"{'model_name': 'fixed_size_recurrent_memory', 'state_dim': 32, 'seed': 158430, 'clutter_pairs': 4, 'noise_steps': 6, 'inference_budget': 8}"
inference_effort,inference_recovery,fixed_size_recurrent_memory,inference_budget,8,166349,0.0,1.0,3.529,1,"{'model_name': 'fixed_size_recurrent_memory', 'state_dim': 32, 'seed': 166349, 'clutter_pairs': 4, 'noise_steps': 6, 'inference_budget': 8}"
inference_effort,inference_recovery,fixed_size_recurrent_memory,inference_budget,8,174268,0.0,1.0,3.288,1,"{'model_name': 'fixed_size_recurrent_memory', 'state_dim': 32, 'seed': 174268, 'clutter_pairs': 4, 'noise_steps': 6, 'inference_budget': 8}"
inference_effort,inference_recovery,fixed_size_recurrent_memory,inference_budget,8,182187,0.0,1.0,3.377,1,"{'model_name': 'fixed_size_recurrent_memory', 'state_dim': 32, 'seed': 182187, 'clutter_pairs': 4, 'noise_steps': 6, 'inference_budget': 8}"
inference_effort,inference_recovery,fixed_size_recurrent_memory,inference_budget,8,190106,0.0,1.0,3.805,1,"{'model_name': 'fixed_size_recurrent_memory', 'state_dim': 32, 'seed': 190106, 'clutter_pairs': 4, 'noise_steps': 6, 'inference_budget': 8}"
inference_effort,inference_recovery,fixed_size_recurrent_memory,inference_budget,8,198025,0.0,1.0,12.92,1,"{'model_name': 'fixed_size_recurrent_memory', 'state_dim': 32, 'seed': 198025, 'clutter_pairs': 4, 'noise_steps': 6, 'inference_budget': 8}"
inference_effort,inference_recovery,fixed_size_recurrent_memory,inference_budget,8,205944,0.0,1.0,3.475,1,"{'model_name': 'fixed_size_recurrent_memory', 'state_dim': 32, 'seed': 205944, 'clutter_pairs': 4, 'noise_steps': 6, 'inference_budget': 8}"
inference_effort,inference_recovery,fixed_size_recurrent_memory,inference_budget,8,213863,0.0,1.0,11.99,1,"{'model_name': 'fixed_size_recurrent_memory', 'state_dim': 32, 'seed': 213863, 'clutter_pairs': 4, 'noise_steps': 6, 'inference_budget': 8}"
inference_effort,inference_recovery,fixed_size_recurrent_memory,inference_budget,8,221782,0.0,1.0,16.664,1,"{'model_name': 'fixed_size_recurrent_memory', 'state_dim': 32, 'seed': 221782, 'clutter_pairs': 4, 'noise_steps': 6, 'inference_budget': 8}"
inference_effort,inference_recovery,fixed_size_recurrent_memory,inference_budget,8,229701,0.0,1.0,14.572,1,"{'model_name': 'fixed_size_recurrent_memory', 'state_dim': 32, 'seed': 229701, 'clutter_pairs': 4, 'noise_steps': 6, 'inference_budget': 8}"
inference_effort,inference_recovery,fixed_size_recurrent_memory,inference_budget,12,54,0.0,1.0,3.648,1,"{'model_name': 'fixed_size_recurrent_memory', 'state_dim': 32, 'seed': 54, 'clutter_pairs': 4, 'noise_steps': 6, 'inference_budget': 12}"
inference_effort,inference_recovery,fixed_size_recurrent_memory,inference_budget,12,7973,0.0,1.0,3.314,1,"{'model_name': 'fixed_size_recurrent_memory', 'state_dim': 32, 'seed': 7973, 'clutter_pairs': 4, 'noise_steps': 6, 'inference_budget': 12}"
inference_effort,inference_recovery,fixed_size_recurrent_memory,inference_budget,12,15892,0.0,1.0,3.634,1,"{'model_name': 'fixed_size_recurrent_memory', 'state_dim': 32, 'seed': 15892, 'clutter_pairs': 4, 'noise_steps': 6, 'inference_budget': 12}"
inference_effort,inference_recovery,fixed_size_recurrent_memory,inference_budget,12,23811,0.0,1.0,3.416,1,"{'model_name': 'fixed_size_recurrent_memory', 'state_dim': 32, 'seed': 23811, 'clutter_pairs': 4, 'noise_steps': 6, 'inference_budget': 12}"
inference_effort,inference_recovery,fixed_size_recurrent_memory,inference_budget,12,31730,0.0,1.0,3.78,1,"{'model_name': 'fixed_size_recurrent_memory', 'state_dim': 32, 'seed': 31730, 'clutter_pairs': 4, 'noise_steps': 6, 'inference_budget': 12}"
inference_effort,inference_recovery,fixed_size_recurrent_memory,inference_budget,12,39649,0.0,1.0,3.071,1,"{'model_name': 'fixed_size_recurrent_memory', 'state_dim': 32, 'seed': 39649, 'clutter_pairs': 4, 'noise_steps': 6, 'inference_budget': 12}"
inference_effort,inference_recovery,fixed_size_recurrent_memory,inference_budget,12,47568,0.0,1.0,3.238,1,"{'model_name': 'fixed_size_recurrent_memory', 'state_dim': 32, 'seed': 47568, 'clutter_pairs': 4, 'noise_steps': 6, 'inference_budget': 12}"
inference_effort,inference_recovery,fixed_size_recurrent_memory,inference_budget,12,55487,0.0,1.0,2.969,1,"{'model_name': 'fixed_size_recurrent_memory', 'state_dim': 32, 'seed': 55487, 'clutter_pairs': 4, 'noise_steps': 6, 'inference_budget': 12}"
inference_effort,inference_recovery,fixed_size_recurrent_memory,inference_budget,12,63406,0.0,1.0,3.72,1,"{'model_name': 'fixed_size_recurrent_memory', 'state_dim': 32, 'seed': 63406, 'clutter_pairs': 4, 'noise_steps': 6, 'inference_budget': 12}"
inference_effort,inference_recovery,fixed_size_recurrent_memory,inference_budget,12,71325,0.0,1.0,4.108,1,"{'model_name': 'fixed_size_recurrent_memory', 'state_dim': 32, 'seed': 71325, 'clutter_pairs': 4, 'noise_steps': 6, 'inference_budget': 12}"
inference_effort,inference_recovery,fixed_size_recurrent_memory,inference_budget,12,79244,0.0,1.0,13.458,1,"{'model_name': 'fixed_size_recurrent_memory', 'state_dim': 32, 'seed': 79244, 'clutter_pairs': 4, 'noise_steps': 6, 'inference_budget': 12}"
inference_effort,inference_recovery,fixed_size_recurrent_memory,inference_budget,12,87163,0.0,1.0,14.078,1,"{'model_name': 'fixed_size_recurrent_memory', 'state_dim': 32, 'seed': 87163, 'clutter_pairs': 4, 'noise_steps': 6, 'inference_budget': 12}"
inference_effort,inference_recovery,fixed_size_recurrent_memory,inference_budget,12,95082,0.0,1.0,13.365,1,"{'model_name': 'fixed_size_recurrent_memory', 'state_dim': 32, 'seed': 95082, 'clutter_pairs': 4, 'noise_steps': 6, 'inference_budget': 12}"
inference_effort,inference_recovery,fixed_size_recurrent_memory,inference_budget,12,103001,1.0,0.0,13.016,1,"{'model_name': 'fixed_size_recurrent_memory', 'state_dim': 32, 'seed': 103001, 'clutter_pairs': 4, 'noise_steps': 6, 'inference_budget': 12}"
inference_effort,inference_recovery,fixed_size_recurrent_memory,inference_budget,12,110920,0.0,1.0,12.765,1,"{'model_name': 'fixed_size_recurrent_memory', 'state_dim': 32, 'seed': 110920, 'clutter_pairs': 4, 'noise_steps': 6, 'inference_budget': 12}"
inference_effort,inference_recovery,fixed_size_recurrent_memory,inference_budget,12,118839,0.0,1.0,12.575,1,"{'model_name': 'fixed_size_recurrent_memory', 'state_dim': 32, 'seed': 118839, 'clutter_pairs': 4, 'noise_steps': 6, 'inference_budget': 12}"
inference_effort,inference_recovery,fixed_size_recurrent_memory,inference_budget,12,126758,0.0,1.0,13.605,1,"{'model_name': 'fixed_size_recurrent_memory', 'state_dim': 32, 'seed': 126758, 'clutter_pairs': 4, 'noise_steps': 6, 'inference_budget': 12}"
inference_effort,inference_recovery,fixed_size_recurrent_memory,inference_budget,12,134677,0.0,1.0,8.018,1,"{'model_name': 'fixed_size_recurrent_memory', 'state_dim': 32, 'seed': 134677, 'clutter_pairs': 4, 'noise_steps': 6, 'inference_budget': 12}"
inference_effort,inference_recovery,fixed_size_recurrent_memory,inference_budget,12,142596,0.0,1.0,2.957,1,"{'model_name': 'fixed_size_recurrent_memory', 'state_dim': 32, 'seed': 142596, 'clutter_pairs': 4, 'noise_steps': 6, 'inference_budget': 12}"
inference_effort,inference_recovery,fixed_size_recurrent_memory,inference_budget,12,150515,0.0,1.0,2.308,1,"{'model_name': 'fixed_size_recurrent_memory', 'state_dim': 32, 'seed': 150515, 'clutter_pairs': 4, 'noise_steps': 6, 'inference_budget': 12}"
inference_effort,inference_recovery,fixed_size_recurrent_memory,inference_budget,12,158434,0.0,1.0,2.688,1,"{'model_name': 'fixed_size_recurrent_memory', 'state_dim': 32, 'seed': 158434, 'clutter_pairs': 4, 'noise_steps': 6, 'inference_budget': 12}"
inference_effort,inference_recovery,fixed_size_recurrent_memory,inference_budget,12,166353,0.0,1.0,2.93,1,"{'model_name': 'fixed_size_recurrent_memory', 'state_dim': 32, 'seed': 166353, 'clutter_pairs': 4, 'noise_steps': 6, 'inference_budget': 12}"
inference_effort,inference_recovery,fixed_size_recurrent_memory,inference_budget,12,174272,0.0,1.0,3.738,1,"{'model_name': 'fixed_size_recurrent_memory', 'state_dim': 32, 'seed': 174272, 'clutter_pairs': 4, 'noise_steps': 6, 'inference_budget': 12}"
inference_effort,inference_recovery,fixed_size_recurrent_memory,inference_budget,12,182191,0.0,1.0,3.36,1,"{'model_name': 'fixed_size_recurrent_memory', 'state_dim': 32, 'seed': 182191, 'clutter_pairs': 4, 'noise_steps': 6, 'inference_budget': 12}"
inference_effort,inference_recovery,fixed_size_recurrent_memory,inference_budget,12,190110,0.0,1.0,3.997,1,"{'model_name': 'fixed_size_recurrent_memory', 'state_dim': 32, 'seed': 190110, 'clutter_pairs': 4, 'noise_steps': 6, 'inference_budget': 12}"
inference_effort,inference_recovery,fixed_size_recurrent_memory,inference_budget,12,198029,0.0,1.0,13.226,1,"{'model_name': 'fixed_size_recurrent_memory', 'state_dim': 32, 'seed': 198029, 'clutter_pairs': 4, 'noise_steps': 6, 'inference_budget': 12}"
inference_effort,inference_recovery,fixed_size_recurrent_memory,inference_budget,12,205948,0.0,1.0,13.069,1,"{'model_name': 'fixed_size_recurrent_memory', 'state_dim': 32, 'seed': 205948, 'clutter_pairs': 4, 'noise_steps': 6, 'inference_budget': 12}"
inference_effort,inference_recovery,fixed_size_recurrent_memory,inference_budget,12,213867,0.0,1.0,11.933,1,"{'model_name': 'fixed_size_recurrent_memory', 'state_dim': 32, 'seed': 213867, 'clutter_pairs': 4, 'noise_steps': 6, 'inference_budget': 12}"
inference_effort,inference_recovery,fixed_size_recurrent_memory,inference_budget,12,221786,0.0,1.0,12.383,1,"{'model_name': 'fixed_size_recurrent_memory', 'state_dim': 32, 'seed': 221786, 'clutter_pairs': 4, 'noise_steps': 6, 'inference_budget': 12}"
inference_effort,inference_recovery,fixed_size_recurrent_memory,inference_budget,12,229705,0.0,1.0,7.628,1,"{'model_name': 'fixed_size_recurrent_memory', 'state_dim': 32, 'seed': 229705, 'clutter_pairs': 4, 'noise_steps': 6, 'inference_budget': 12}"
inference_effort,inference_recovery,fixed_size_recurrent_memory,inference_budget,16,58,0.0,1.0,3.826,1,"{'model_name': 'fixed_size_recurrent_memory', 'state_dim': 32, 'seed': 58, 'clutter_pairs': 4, 'noise_steps': 6, 'inference_budget': 16}"
inference_effort,inference_recovery,fixed_size_recurrent_memory,inference_budget,16,7977,1.0,0.0,3.391,1,"{'model_name': 'fixed_size_recurrent_memory', 'state_dim': 32, 'seed': 7977, 'clutter_pairs': 4, 'noise_steps': 6, 'inference_budget': 16}"
inference_effort,inference_recovery,fixed_size_recurrent_memory,inference_budget,16,15896,0.0,1.0,3.759,1,"{'model_name': 'fixed_size_recurrent_memory', 'state_dim': 32, 'seed': 15896, 'clutter_pairs': 4, 'noise_steps': 6, 'inference_budget': 16}"
inference_effort,inference_recovery,fixed_size_recurrent_memory,inference_budget,16,23815,0.0,1.0,3.183,1,"{'model_name': 'fixed_size_recurrent_memory', 'state_dim': 32, 'seed': 23815, 'clutter_pairs': 4, 'noise_steps': 6, 'inference_budget': 16}"
inference_effort,inference_recovery,fixed_size_recurrent_memory,inference_budget,16,31734,0.0,1.0,9.876,1,"{'model_name': 'fixed_size_recurrent_memory', 'state_dim': 32, 'seed': 31734, 'clutter_pairs': 4, 'noise_steps': 6, 'inference_budget': 16}"
inference_effort,inference_recovery,fixed_size_recurrent_memory,inference_budget,16,39653,0.0,1.0,13.826,1,"{'model_name': 'fixed_size_recurrent_memory', 'state_dim': 32, 'seed': 39653, 'clutter_pairs': 4, 'noise_steps': 6, 'inference_budget': 16}"
inference_effort,inference_recovery,fixed_size_recurrent_memory,inference_budget,16,47572,0.0,1.0,12.615,1,"{'model_name': 'fixed_size_recurrent_memory', 'state_dim': 32, 'seed': 47572, 'clutter_pairs': 4, 'noise_steps': 6, 'inference_budget': 16}"
inference_effort,inference_recovery,fixed_size_recurrent_memory,inference_budget,16,55491,0.0,1.0,3.778,1,"{'model_name': 'fixed_size_recurrent_memory', 'state_dim': 32, 'seed': 55491, 'clutter_pairs': 4, 'noise_steps': 6, 'inference_budget': 16}"
inference_effort,inference_recovery,fixed_size_recurrent_memory,inference_budget,16,63410,0.0,1.0,2.534,1,"{'model_name': 'fixed_size_recurrent_memory', 'state_dim': 32, 'seed': 63410, 'clutter_pairs': 4, 'noise_steps': 6, 'inference_budget': 16}"
inference_effort,inference_recovery,fixed_size_recurrent_memory,inference_budget,16,71329,0.0,1.0,2.602,1,"{'model_name': 'fixed_size_recurrent_memory', 'state_dim': 32, 'seed': 71329, 'clutter_pairs': 4, 'noise_steps': 6, 'inference_budget': 16}"
inference_effort,inference_recovery,fixed_size_recurrent_memory,inference_budget,16,79248,0.0,1.0,3.137,1,"{'model_name': 'fixed_size_recurrent_memory', 'state_dim': 32, 'seed': 79248, 'clutter_pairs': 4, 'noise_steps': 6, 'inference_budget': 16}"
inference_effort,inference_recovery,fixed_size_recurrent_memory,inference_budget,16,87167,0.0,1.0,4.034,1,"{'model_name': 'fixed_size_recurrent_memory', 'state_dim': 32, 'seed': 87167, 'clutter_pairs': 4, 'noise_steps': 6, 'inference_budget': 16}"
inference_effort,inference_recovery,fixed_size_recurrent_memory,inference_budget,16,95086,0.0,1.0,3.826,1,"{'model_name': 'fixed_size_recurrent_memory', 'state_dim': 32, 'seed': 95086, 'clutter_pairs': 4, 'noise_steps': 6, 'inference_budget': 16}"
inference_effort,inference_recovery,fixed_size_recurrent_memory,inference_budget,16,103005,0.0,1.0,2.892,1,"{'model_name': 'fixed_size_recurrent_memory', 'state_dim': 32, 'seed': 103005, 'clutter_pairs': 4, 'noise_steps': 6, 'inference_budget': 16}"
inference_effort,inference_recovery,fixed_size_recurrent_memory,inference_budget,16,110924,0.0,1.0,3.739,1,"{'model_name': 'fixed_size_recurrent_memory', 'state_dim': 32, 'seed': 110924, 'clutter_pairs': 4, 'noise_steps': 6, 'inference_budget': 16}"
inference_effort,inference_recovery,fixed_size_recurrent_memory,inference_budget,16,118843,0.0,1.0,3.059,1,"{'model_name': 'fixed_size_recurrent_memory', 'state_dim': 32, 'seed': 118843, 'clutter_pairs': 4, 'noise_steps': 6, 'inference_budget': 16}"
inference_effort,inference_recovery,fixed_size_recurrent_memory,inference_budget,16,126762,0.0,1.0,3.53,1,"{'model_name': 'fixed_size_recurrent_memory', 'state_dim': 32, 'seed': 126762, 'clutter_pairs': 4, 'noise_steps': 6, 'inference_budget': 16}"
inference_effort,inference_recovery,fixed_size_recurrent_memory,inference_budget,16,134681,0.0,1.0,3.484,1,"{'model_name': 'fixed_size_recurrent_memory', 'state_dim': 32, 'seed': 134681, 'clutter_pairs': 4, 'noise_steps': 6, 'inference_budget': 16}"
inference_effort,inference_recovery,fixed_size_recurrent_memory,inference_budget,16,142600,0.0,1.0,3.231,1,"{'model_name': 'fixed_size_recurrent_memory', 'state_dim': 32, 'seed': 142600, 'clutter_pairs': 4, 'noise_steps': 6, 'inference_budget': 16}"
inference_effort,inference_recovery,fixed_size_recurrent_memory,inference_budget,16,150519,0.0,1.0,2.32,1,"{'model_name': 'fixed_size_recurrent_memory', 'state_dim': 32, 'seed': 150519, 'clutter_pairs': 4, 'noise_steps': 6, 'inference_budget': 16}"
inference_effort,inference_recovery,fixed_size_recurrent_memory,inference_budget,16,158438,0.0,1.0,3.195,1,"{'model_name': 'fixed_size_recurrent_memory', 'state_dim': 32, 'seed': 158438, 'clutter_pairs': 4, 'noise_steps': 6, 'inference_budget': 16}"
inference_effort,inference_recovery,fixed_size_recurrent_memory,inference_budget,16,166357,0.0,1.0,3.713,1,"{'model_name': 'fixed_size_recurrent_memory', 'state_dim': 32, 'seed': 166357, 'clutter_pairs': 4, 'noise_steps': 6, 'inference_budget': 16}"
inference_effort,inference_recovery,fixed_size_recurrent_memory,inference_budget,16,174276,0.0,1.0,3.42,1,"{'model_name': 'fixed_size_recurrent_memory', 'state_dim': 32, 'seed': 174276, 'clutter_pairs': 4, 'noise_steps': 6, 'inference_budget': 16}"
inference_effort,inference_recovery,fixed_size_recurrent_memory,inference_budget,16,182195,0.0,1.0,6.396,1,"{'model_name': 'fixed_size_recurrent_memory', 'state_dim': 32, 'seed': 182195, 'clutter_pairs': 4, 'noise_steps': 6, 'inference_budget': 16}"
inference_effort,inference_recovery,fixed_size_recurrent_memory,inference_budget,16,190114,0.0,1.0,4.843,1,"{'model_name': 'fixed_size_recurrent_memory', 'state_dim': 32, 'seed': 190114, 'clutter_pairs': 4, 'noise_steps': 6, 'inference_budget': 16}"
inference_effort,inference_recovery,fixed_size_recurrent_memory,inference_budget,16,198033,0.0,1.0,3.746,1,"{'model_name': 'fixed_size_recurrent_memory', 'state_dim': 32, 'seed': 198033, 'clutter_pairs': 4, 'noise_steps': 6, 'inference_budget': 16}"
inference_effort,inference_recovery,fixed_size_recurrent_memory,inference_budget,16,205952,0.0,1.0,3.313,1,"{'model_name': 'fixed_size_recurrent_memory', 'state_dim': 32, 'seed': 205952, 'clutter_pairs': 4, 'noise_steps': 6, 'inference_budget': 16}"
inference_effort,inference_recovery,fixed_size_recurrent_memory,inference_budget,16,213871,0.0,1.0,2.96,1,"{'model_name': 'fixed_size_recurrent_memory', 'state_dim': 32, 'seed': 213871, 'clutter_pairs': 4, 'noise_steps': 6, 'inference_budget': 16}"
inference_effort,inference_recovery,fixed_size_recurrent_memory,inference_budget,16,221790,1.0,0.0,3.955,1,"{'model_name': 'fixed_size_recurrent_memory', 'state_dim': 32, 'seed': 221790, 'clutter_pairs': 4, 'noise_steps': 6, 'inference_budget': 16}"
inference_effort,inference_recovery,fixed_size_recurrent_memory,inference_budget,16,229709,0.0,1.0,3.638,1,"{'model_name': 'fixed_size_recurrent_memory', 'state_dim': 32, 'seed': 229709, 'clutter_pairs': 4, 'noise_steps': 6, 'inference_budget': 16}"
inference_effort,inference_recovery,educational_evolving_memory_toy,inference_budget,1,43,0.0,1.0,4.357,1,"{'model_name': 'educational_evolving_memory_toy', 'state_dim': 32, 'seed': 43, 'clutter_pairs': 4, 'noise_steps': 6, 'inference_budget': 1}"
inference_effort,inference_recovery,educational_evolving_memory_toy,inference_budget,1,7962,0.0,1.0,3.787,1,"{'model_name': 'educational_evolving_memory_toy', 'state_dim': 32, 'seed': 7962, 'clutter_pairs': 4, 'noise_steps': 6, 'inference_budget': 1}"
inference_effort,inference_recovery,educational_evolving_memory_toy,inference_budget,1,15881,0.0,1.0,3.982,1,"{'model_name': 'educational_evolving_memory_toy', 'state_dim': 32, 'seed': 15881, 'clutter_pairs': 4, 'noise_steps': 6, 'inference_budget': 1}"
inference_effort,inference_recovery,educational_evolving_memory_toy,inference_budget,1,23800,0.0,1.0,4.046,1,"{'model_name': 'educational_evolving_memory_toy', 'state_dim': 32, 'seed': 23800, 'clutter_pairs': 4, 'noise_steps': 6, 'inference_budget': 1}"
inference_effort,inference_recovery,educational_evolving_memory_toy,inference_budget,1,31719,1.0,0.0,6.888,1,"{'model_name': 'educational_evolving_memory_toy', 'state_dim': 32, 'seed': 31719, 'clutter_pairs': 4, 'noise_steps': 6, 'inference_budget': 1}"
inference_effort,inference_recovery,educational_evolving_memory_toy,inference_budget,1,39638,0.0,1.0,16.49,1,"{'model_name': 'educational_evolving_memory_toy', 'state_dim': 32, 'seed': 39638, 'clutter_pairs': 4, 'noise_steps': 6, 'inference_budget': 1}"
inference_effort,inference_recovery,educational_evolving_memory_toy,inference_budget,1,47557,0.0,1.0,5.863,1,"{'model_name': 'educational_evolving_memory_toy', 'state_dim': 32, 'seed': 47557, 'clutter_pairs': 4, 'noise_steps': 6, 'inference_budget': 1}"
inference_effort,inference_recovery,educational_evolving_memory_toy,inference_budget,1,55476,0.0,1.0,3.276,1,"{'model_name': 'educational_evolving_memory_toy', 'state_dim': 32, 'seed': 55476, 'clutter_pairs': 4, 'noise_steps': 6, 'inference_budget': 1}"
inference_effort,inference_recovery,educational_evolving_memory_toy,inference_budget,1,63395,0.0,1.0,2.789,1,"{'model_name': 'educational_evolving_memory_toy', 'state_dim': 32, 'seed': 63395, 'clutter_pairs': 4, 'noise_steps': 6, 'inference_budget': 1}"
inference_effort,inference_recovery,educational_evolving_memory_toy,inference_budget,1,71314,0.0,1.0,2.601,1,"{'model_name': 'educational_evolving_memory_toy', 'state_dim': 32, 'seed': 71314, 'clutter_pairs': 4, 'noise_steps': 6, 'inference_budget': 1}"
inference_effort,inference_recovery,educational_evolving_memory_toy,inference_budget,1,79233,0.0,1.0,3.011,1,"{'model_name': 'educational_evolving_memory_toy', 'state_dim': 32, 'seed': 79233, 'clutter_pairs': 4, 'noise_steps': 6, 'inference_budget': 1}"
inference_effort,inference_recovery,educational_evolving_memory_toy,inference_budget,1,87152,0.0,1.0,3.261,1,"{'model_name': 'educational_evolving_memory_toy', 'state_dim': 32, 'seed': 87152, 'clutter_pairs': 4, 'noise_steps': 6, 'inference_budget': 1}"
inference_effort,inference_recovery,educational_evolving_memory_toy,inference_budget,1,95071,0.0,1.0,3.681,1,"{'model_name': 'educational_evolving_memory_toy', 'state_dim': 32, 'seed': 95071, 'clutter_pairs': 4, 'noise_steps': 6, 'inference_budget': 1}"
inference_effort,inference_recovery,educational_evolving_memory_toy,inference_budget,1,102990,1.0,0.0,3.6,1,"{'model_name': 'educational_evolving_memory_toy', 'state_dim': 32, 'seed': 102990, 'clutter_pairs': 4, 'noise_steps': 6, 'inference_budget': 1}"
inference_effort,inference_recovery,educational_evolving_memory_toy,inference_budget,1,110909,0.0,1.0,3.782,1,"{'model_name': 'educational_evolving_memory_toy', 'state_dim': 32, 'seed': 110909, 'clutter_pairs': 4, 'noise_steps': 6, 'inference_budget': 1}"
inference_effort,inference_recovery,educational_evolving_memory_toy,inference_budget,1,118828,0.0,1.0,4.619,1,"{'model_name': 'educational_evolving_memory_toy', 'state_dim': 32, 'seed': 118828, 'clutter_pairs': 4, 'noise_steps': 6, 'inference_budget': 1}"
inference_effort,inference_recovery,educational_evolving_memory_toy,inference_budget,1,126747,0.0,1.0,4.591,1,"{'model_name': 'educational_evolving_memory_toy', 'state_dim': 32, 'seed': 126747, 'clutter_pairs': 4, 'noise_steps': 6, 'inference_budget': 1}"
inference_effort,inference_recovery,educational_evolving_memory_toy,inference_budget,1,134666,0.0,1.0,15.6,1,"{'model_name': 'educational_evolving_memory_toy', 'state_dim': 32, 'seed': 134666, 'clutter_pairs': 4, 'noise_steps': 6, 'inference_budget': 1}"
inference_effort,inference_recovery,educational_evolving_memory_toy,inference_budget,1,142585,0.0,1.0,16.349,1,"{'model_name': 'educational_evolving_memory_toy', 'state_dim': 32, 'seed': 142585, 'clutter_pairs': 4, 'noise_steps': 6, 'inference_budget': 1}"
inference_effort,inference_recovery,educational_evolving_memory_toy,inference_budget,1,150504,0.0,1.0,9.384,1,"{'model_name': 'educational_evolving_memory_toy', 'state_dim': 32, 'seed': 150504, 'clutter_pairs': 4, 'noise_steps': 6, 'inference_budget': 1}"
inference_effort,inference_recovery,educational_evolving_memory_toy,inference_budget,1,158423,0.0,1.0,3.621,1,"{'model_name': 'educational_evolving_memory_toy', 'state_dim': 32, 'seed': 158423, 'clutter_pairs': 4, 'noise_steps': 6, 'inference_budget': 1}"
inference_effort,inference_recovery,educational_evolving_memory_toy,inference_budget,1,166342,1.0,0.0,3.848,1,"{'model_name': 'educational_evolving_memory_toy', 'state_dim': 32, 'seed': 166342, 'clutter_pairs': 4, 'noise_steps': 6, 'inference_budget': 1}"
inference_effort,inference_recovery,educational_evolving_memory_toy,inference_budget,1,174261,0.0,1.0,3.532,1,"{'model_name': 'educational_evolving_memory_toy', 'state_dim': 32, 'seed': 174261, 'clutter_pairs': 4, 'noise_steps': 6, 'inference_budget': 1}"
inference_effort,inference_recovery,educational_evolving_memory_toy,inference_budget,1,182180,0.0,1.0,3.278,1,"{'model_name': 'educational_evolving_memory_toy', 'state_dim': 32, 'seed': 182180, 'clutter_pairs': 4, 'noise_steps': 6, 'inference_budget': 1}"
inference_effort,inference_recovery,educational_evolving_memory_toy,inference_budget,1,190099,0.0,1.0,3.803,1,"{'model_name': 'educational_evolving_memory_toy', 'state_dim': 32, 'seed': 190099, 'clutter_pairs': 4, 'noise_steps': 6, 'inference_budget': 1}"
inference_effort,inference_recovery,educational_evolving_memory_toy,inference_budget,1,198018,0.0,1.0,3.597,1,"{'model_name': 'educational_evolving_memory_toy', 'state_dim': 32, 'seed': 198018, 'clutter_pairs': 4, 'noise_steps': 6, 'inference_budget': 1}"
inference_effort,inference_recovery,educational_evolving_memory_toy,inference_budget,1,205937,1.0,0.0,3.631,1,"{'model_name': 'educational_evolving_memory_toy', 'state_dim': 32, 'seed': 205937, 'clutter_pairs': 4, 'noise_steps': 6, 'inference_budget': 1}"
inference_effort,inference_recovery,educational_evolving_memory_toy,inference_budget,1,213856,0.0,1.0,4.007,1,"{'model_name': 'educational_evolving_memory_toy', 'state_dim': 32, 'seed': 213856, 'clutter_pairs': 4, 'noise_steps': 6, 'inference_budget': 1}"
inference_effort,inference_recovery,educational_evolving_memory_toy,inference_budget,1,221775,0.0,1.0,4.133,1,"{'model_name': 'educational_evolving_memory_toy', 'state_dim': 32, 'seed': 221775, 'clutter_pairs': 4, 'noise_steps': 6, 'inference_budget': 1}"
inference_effort,inference_recovery,educational_evolving_memory_toy,inference_budget,1,229694,0.0,1.0,3.881,1,"{'model_name': 'educational_evolving_memory_toy', 'state_dim': 32, 'seed': 229694, 'clutter_pairs': 4, 'noise_steps': 6, 'inference_budget': 1}"
inference_effort,inference_recovery,educational_evolving_memory_toy,inference_budget,2,44,1.0,0.0,22.451,2,"{'model_name': 'educational_evolving_memory_toy', 'state_dim': 32, 'seed': 44, 'clutter_pairs': 4, 'noise_steps': 6, 'inference_budget': 2}"
inference_effort,inference_recovery,educational_evolving_memory_toy,inference_budget,2,7963,0.0,1.0,15.821,2,"{'model_name': 'educational_evolving_memory_toy', 'state_dim': 32, 'seed': 7963, 'clutter_pairs': 4, 'noise_steps': 6, 'inference_budget': 2}"
inference_effort,inference_recovery,educational_evolving_memory_toy,inference_budget,2,15882,0.0,1.0,6.925,2,"{'model_name': 'educational_evolving_memory_toy', 'state_dim': 32, 'seed': 15882, 'clutter_pairs': 4, 'noise_steps': 6, 'inference_budget': 2}"
inference_effort,inference_recovery,educational_evolving_memory_toy,inference_budget,2,23801,0.0,1.0,3.057,2,"{'model_name': 'educational_evolving_memory_toy', 'state_dim': 32, 'seed': 23801, 'clutter_pairs': 4, 'noise_steps': 6, 'inference_budget': 2}"
inference_effort,inference_recovery,educational_evolving_memory_toy,inference_budget,2,31720,0.0,1.0,3.309,2,"{'model_name': 'educational_evolving_memory_toy', 'state_dim': 32, 'seed': 31720, 'clutter_pairs': 4, 'noise_steps': 6, 'inference_budget': 2}"
inference_effort,inference_recovery,educational_evolving_memory_toy,inference_budget,2,39639,0.0,1.0,3.357,2,"{'model_name': 'educational_evolving_memory_toy', 'state_dim': 32, 'seed': 39639, 'clutter_pairs': 4, 'noise_steps': 6, 'inference_budget': 2}"
inference_effort,inference_recovery,educational_evolving_memory_toy,inference_budget,2,47558,0.0,1.0,7.543,2,"{'model_name': 'educational_evolving_memory_toy', 'state_dim': 32, 'seed': 47558, 'clutter_pairs': 4, 'noise_steps': 6, 'inference_budget': 2}"
inference_effort,inference_recovery,educational_evolving_memory_toy,inference_budget,2,55477,0.0,1.0,16.235,2,"{'model_name': 'educational_evolving_memory_toy', 'state_dim': 32, 'seed': 55477, 'clutter_pairs': 4, 'noise_steps': 6, 'inference_budget': 2}"
inference_effort,inference_recovery,educational_evolving_memory_toy,inference_budget,2,63396,0.0,1.0,14.988,2,"{'model_name': 'educational_evolving_memory_toy', 'state_dim': 32, 'seed': 63396, 'clutter_pairs': 4, 'noise_steps': 6, 'inference_budget': 2}"
inference_effort,inference_recovery,educational_evolving_memory_toy,inference_budget,2,71315,0.0,1.0,17.14,2,"{'model_name': 'educational_evolving_memory_toy', 'state_dim': 32, 'seed': 71315, 'clutter_pairs': 4, 'noise_steps': 6, 'inference_budget': 2}"
inference_effort,inference_recovery,educational_evolving_memory_toy,inference_budget,2,79234,0.0,1.0,15.761,2,"{'model_name': 'educational_evolving_memory_toy', 'state_dim': 32, 'seed': 79234, 'clutter_pairs': 4, 'noise_steps': 6, 'inference_budget': 2}"
inference_effort,inference_recovery,educational_evolving_memory_toy,inference_budget,2,87153,1.0,0.0,16.208,2,"{'model_name': 'educational_evolving_memory_toy', 'state_dim': 32, 'seed': 87153, 'clutter_pairs': 4, 'noise_steps': 6, 'inference_budget': 2}"
inference_effort,inference_recovery,educational_evolving_memory_toy,inference_budget,2,95072,0.0,1.0,5.096,2,"{'model_name': 'educational_evolving_memory_toy', 'state_dim': 32, 'seed': 95072, 'clutter_pairs': 4, 'noise_steps': 6, 'inference_budget': 2}"
inference_effort,inference_recovery,educational_evolving_memory_toy,inference_budget,2,102991,0.0,1.0,3.252,2,"{'model_name': 'educational_evolving_memory_toy', 'state_dim': 32, 'seed': 102991, 'clutter_pairs': 4, 'noise_steps': 6, 'inference_budget': 2}"
inference_effort,inference_recovery,educational_evolving_memory_toy,inference_budget,2,110910,0.0,1.0,3.8,2,"{'model_name': 'educational_evolving_memory_toy', 'state_dim': 32, 'seed': 110910, 'clutter_pairs': 4, 'noise_steps': 6, 'inference_budget': 2}"
inference_effort,inference_recovery,educational_evolving_memory_toy,inference_budget,2,118829,0.0,1.0,12.427,2,"{'model_name': 'educational_evolving_memory_toy', 'state_dim': 32, 'seed': 118829, 'clutter_pairs': 4, 'noise_steps': 6, 'inference_budget': 2}"
inference_effort,inference_recovery,educational_evolving_memory_toy,inference_budget,2,126748,0.0,1.0,18.29,2,"{'model_name': 'educational_evolving_memory_toy', 'state_dim': 32, 'seed': 126748, 'clutter_pairs': 4, 'noise_steps': 6, 'inference_budget': 2}"
inference_effort,inference_recovery,educational_evolving_memory_toy,inference_budget,2,134667,0.0,1.0,8.679,2,"{'model_name': 'educational_evolving_memory_toy', 'state_dim': 32, 'seed': 134667, 'clutter_pairs': 4, 'noise_steps': 6, 'inference_budget': 2}"
inference_effort,inference_recovery,educational_evolving_memory_toy,inference_budget,2,142586,0.0,1.0,2.677,2,"{'model_name': 'educational_evolving_memory_toy', 'state_dim': 32, 'seed': 142586, 'clutter_pairs': 4, 'noise_steps': 6, 'inference_budget': 2}"
inference_effort,inference_recovery,educational_evolving_memory_toy,inference_budget,2,150505,0.0,1.0,3.122,2,"{'model_name': 'educational_evolving_memory_toy', 'state_dim': 32, 'seed': 150505, 'clutter_pairs': 4, 'noise_steps': 6, 'inference_budget': 2}"
inference_effort,inference_recovery,educational_evolving_memory_toy,inference_budget,2,158424,1.0,0.0,3.353,2,"{'model_name': 'educational_evolving_memory_toy', 'state_dim': 32, 'seed': 158424, 'clutter_pairs': 4, 'noise_steps': 6, 'inference_budget': 2}"
inference_effort,inference_recovery,educational_evolving_memory_toy,inference_budget,2,166343,0.0,1.0,2.588,2,"{'model_name': 'educational_evolving_memory_toy', 'state_dim': 32, 'seed': 166343, 'clutter_pairs': 4, 'noise_steps': 6, 'inference_budget': 2}"
inference_effort,inference_recovery,educational_evolving_memory_toy,inference_budget,2,174262,0.0,1.0,3.142,2,"{'model_name': 'educational_evolving_memory_toy', 'state_dim': 32, 'seed': 174262, 'clutter_pairs': 4, 'noise_steps': 6, 'inference_budget': 2}"
inference_effort,inference_recovery,educational_evolving_memory_toy,inference_budget,2,182181,0.0,1.0,2.936,2,"{'model_name': 'educational_evolving_memory_toy', 'state_dim': 32, 'seed': 182181, 'clutter_pairs': 4, 'noise_steps': 6, 'inference_budget': 2}"
inference_effort,inference_recovery,educational_evolving_memory_toy,inference_budget,2,190100,0.0,1.0,3.057,2,"{'model_name': 'educational_evolving_memory_toy', 'state_dim': 32, 'seed': 190100, 'clutter_pairs': 4, 'noise_steps': 6, 'inference_budget': 2}"
inference_effort,inference_recovery,educational_evolving_memory_toy,inference_budget,2,198019,0.0,1.0,3.009,2,"{'model_name': 'educational_evolving_memory_toy', 'state_dim': 32, 'seed': 198019, 'clutter_pairs': 4, 'noise_steps': 6, 'inference_budget': 2}"
inference_effort,inference_recovery,educational_evolving_memory_toy,inference_budget,2,205938,0.0,1.0,2.956,2,"{'model_name': 'educational_evolving_memory_toy', 'state_dim': 32, 'seed': 205938, 'clutter_pairs': 4, 'noise_steps': 6, 'inference_budget': 2}"
inference_effort,inference_recovery,educational_evolving_memory_toy,inference_budget,2,213857,1.0,0.0,2.876,2,"{'model_name': 'educational_evolving_memory_toy', 'state_dim': 32, 'seed': 213857, 'clutter_pairs': 4, 'noise_steps': 6, 'inference_budget': 2}"
inference_effort,inference_recovery,educational_evolving_memory_toy,inference_budget,2,221776,0.0,1.0,2.799,2,"{'model_name': 'educational_evolving_memory_toy', 'state_dim': 32, 'seed': 221776, 'clutter_pairs': 4, 'noise_steps': 6, 'inference_budget': 2}"
inference_effort,inference_recovery,educational_evolving_memory_toy,inference_budget,2,229695,0.0,1.0,3.397,2,"{'model_name': 'educational_evolving_memory_toy', 'state_dim': 32, 'seed': 229695, 'clutter_pairs': 4, 'noise_steps': 6, 'inference_budget': 2}"
inference_effort,inference_recovery,educational_evolving_memory_toy,inference_budget,3,45,0.0,1.0,4.536,3,"{'model_name': 'educational_evolving_memory_toy', 'state_dim': 32, 'seed': 45, 'clutter_pairs': 4, 'noise_steps': 6, 'inference_budget': 3}"
inference_effort,inference_recovery,educational_evolving_memory_toy,inference_budget,3,7964,0.0,1.0,4.407,3,"{'model_name': 'educational_evolving_memory_toy', 'state_dim': 32, 'seed': 7964, 'clutter_pairs': 4, 'noise_steps': 6, 'inference_budget': 3}"
inference_effort,inference_recovery,educational_evolving_memory_toy,inference_budget,3,15883,0.0,1.0,3.775,3,"{'model_name': 'educational_evolving_memory_toy', 'state_dim': 32, 'seed': 15883, 'clutter_pairs': 4, 'noise_steps': 6, 'inference_budget': 3}"
inference_effort,inference_recovery,educational_evolving_memory_toy,inference_budget,3,23802,0.0,1.0,3.565,3,"{'model_name': 'educational_evolving_memory_toy', 'state_dim': 32, 'seed': 23802, 'clutter_pairs': 4, 'noise_steps': 6, 'inference_budget': 3}"
inference_effort,inference_recovery,educational_evolving_memory_toy,inference_budget,3,31721,0.0,1.0,4.133,3,"{'model_name': 'educational_evolving_memory_toy', 'state_dim': 32, 'seed': 31721, 'clutter_pairs': 4, 'noise_steps': 6, 'inference_budget': 3}"
inference_effort,inference_recovery,educational_evolving_memory_toy,inference_budget,3,39640,0.0,1.0,3.886,3,"{'model_name': 'educational_evolving_memory_toy', 'state_dim': 32, 'seed': 39640, 'clutter_pairs': 4, 'noise_steps': 6, 'inference_budget': 3}"
inference_effort,inference_recovery,educational_evolving_memory_toy,inference_budget,3,47559,0.0,1.0,17.638,3,"{'model_name': 'educational_evolving_memory_toy', 'state_dim': 32, 'seed': 47559, 'clutter_pairs': 4, 'noise_steps': 6, 'inference_budget': 3}"
inference_effort,inference_recovery,educational_evolving_memory_toy,inference_budget,3,55478,0.0,1.0,16.165,3,"{'model_name': 'educational_evolving_memory_toy', 'state_dim': 32, 'seed': 55478, 'clutter_pairs': 4, 'noise_steps': 6, 'inference_budget': 3}"
inference_effort,inference_recovery,educational_evolving_memory_toy,inference_budget,3,63397,0.0,1.0,16.632,3,"{'model_name': 'educational_evolving_memory_toy', 'state_dim': 32, 'seed': 63397, 'clutter_pairs': 4, 'noise_steps': 6, 'inference_budget': 3}"
inference_effort,inference_recovery,educational_evolving_memory_toy,inference_budget,3,71316,0.0,1.0,16.411,3,"{'model_name': 'educational_evolving_memory_toy', 'state_dim': 32, 'seed': 71316, 'clutter_pairs': 4, 'noise_steps': 6, 'inference_budget': 3}"
inference_effort,inference_recovery,educational_evolving_memory_toy,inference_budget,3,79235,1.0,0.0,16.104,3,"{'model_name': 'educational_evolving_memory_toy', 'state_dim': 32, 'seed': 79235, 'clutter_pairs': 4, 'noise_steps': 6, 'inference_budget': 3}"
inference_effort,inference_recovery,educational_evolving_memory_toy,inference_budget,3,87154,0.0,1.0,7.443,3,"{'model_name': 'educational_evolving_memory_toy', 'state_dim': 32, 'seed': 87154, 'clutter_pairs': 4, 'noise_steps': 6, 'inference_budget': 3}"
inference_effort,inference_recovery,educational_evolving_memory_toy,inference_budget,3,95073,0.0,1.0,3.325,3,"{'model_name': 'educational_evolving_memory_toy', 'state_dim': 32, 'seed': 95073, 'clutter_pairs': 4, 'noise_steps': 6, 'inference_budget': 3}"
inference_effort,inference_recovery,educational_evolving_memory_toy,inference_budget,3,102992,0.0,1.0,3.471,3,"{'model_name': 'educational_evolving_memory_toy', 'state_dim': 32, 'seed': 102992, 'clutter_pairs': 4, 'noise_steps': 6, 'inference_budget': 3}"
inference_effort,inference_recovery,educational_evolving_memory_toy,inference_budget,3,110911,0.0,1.0,3.153,3,"{'model_name': 'educational_evolving_memory_toy', 'state_dim': 32, 'seed': 110911, 'clutter_pairs': 4, 'noise_steps': 6, 'inference_budget': 3}"
inference_effort,inference_recovery,educational_evolving_memory_toy,inference_budget,3,118830,0.0,1.0,3.445,3,"{'model_name': 'educational_evolving_memory_toy', 'state_dim': 32, 'seed': 118830, 'clutter_pairs': 4, 'noise_steps': 6, 'inference_budget': 3}"
inference_effort,inference_recovery,educational_evolving_memory_toy,inference_budget,3,126749,0.0,1.0,4.375,3,"{'model_name': 'educational_evolving_memory_toy', 'state_dim': 32, 'seed': 126749, 'clutter_pairs': 4, 'noise_steps': 6, 'inference_budget': 3}"
inference_effort,inference_recovery,educational_evolving_memory_toy,inference_budget,3,134668,0.0,1.0,3.779,3,"{'model_name': 'educational_evolving_memory_toy', 'state_dim': 32, 'seed': 134668, 'clutter_pairs': 4, 'noise_steps': 6, 'inference_budget': 3}"
inference_effort,inference_recovery,educational_evolving_memory_toy,inference_budget,3,142587,0.0,1.0,3.565,3,"{'model_name': 'educational_evolving_memory_toy', 'state_dim': 32, 'seed': 142587, 'clutter_pairs': 4, 'noise_steps': 6, 'inference_budget': 3}"
inference_effort,inference_recovery,educational_evolving_memory_toy,inference_budget,3,150506,0.0,1.0,4.054,3,"{'model_name': 'educational_evolving_memory_toy', 'state_dim': 32, 'seed': 150506, 'clutter_pairs': 4, 'noise_steps': 6, 'inference_budget': 3}"
inference_effort,inference_recovery,educational_evolving_memory_toy,inference_budget,3,158425,1.0,0.0,3.682,3,"{'model_name': 'educational_evolving_memory_toy', 'state_dim': 32, 'seed': 158425, 'clutter_pairs': 4, 'noise_steps': 6, 'inference_budget': 3}"
inference_effort,inference_recovery,educational_evolving_memory_toy,inference_budget,3,166344,0.0,1.0,3.293,3,"{'model_name': 'educational_evolving_memory_toy', 'state_dim': 32, 'seed': 166344, 'clutter_pairs': 4, 'noise_steps': 6, 'inference_budget': 3}"
inference_effort,inference_recovery,educational_evolving_memory_toy,inference_budget,3,174263,0.0,1.0,3.918,3,"{'model_name': 'educational_evolving_memory_toy', 'state_dim': 32, 'seed': 174263, 'clutter_pairs': 4, 'noise_steps': 6, 'inference_budget': 3}"
inference_effort,inference_recovery,educational_evolving_memory_toy,inference_budget,3,182182,0.0,1.0,4.186,3,"{'model_name': 'educational_evolving_memory_toy', 'state_dim': 32, 'seed': 182182, 'clutter_pairs': 4, 'noise_steps': 6, 'inference_budget': 3}"
inference_effort,inference_recovery,educational_evolving_memory_toy,inference_budget,3,190101,0.0,1.0,4.022,3,"{'model_name': 'educational_evolving_memory_toy', 'state_dim': 32, 'seed': 190101, 'clutter_pairs': 4, 'noise_steps': 6, 'inference_budget': 3}"
inference_effort,inference_recovery,educational_evolving_memory_toy,inference_budget,3,198020,1.0,0.0,4.174,3,"{'model_name': 'educational_evolving_memory_toy', 'state_dim': 32, 'seed': 198020, 'clutter_pairs': 4, 'noise_steps': 6, 'inference_budget': 3}"
inference_effort,inference_recovery,educational_evolving_memory_toy,inference_budget,3,205939,0.0,1.0,4.024,3,"{'model_name': 'educational_evolving_memory_toy', 'state_dim': 32, 'seed': 205939, 'clutter_pairs': 4, 'noise_steps': 6, 'inference_budget': 3}"
inference_effort,inference_recovery,educational_evolving_memory_toy,inference_budget,3,213858,0.0,1.0,4.443,3,"{'model_name': 'educational_evolving_memory_toy', 'state_dim': 32, 'seed': 213858, 'clutter_pairs': 4, 'noise_steps': 6, 'inference_budget': 3}"
inference_effort,inference_recovery,educational_evolving_memory_toy,inference_budget,3,221777,0.0,1.0,8.403,3,"{'model_name': 'educational_evolving_memory_toy', 'state_dim': 32, 'seed': 221777, 'clutter_pairs': 4, 'noise_steps': 6, 'inference_budget': 3}"
inference_effort,inference_recovery,educational_evolving_memory_toy,inference_budget,3,229696,0.0,1.0,8.464,3,"{'model_name': 'educational_evolving_memory_toy', 'state_dim': 32, 'seed': 229696, 'clutter_pairs': 4, 'noise_steps': 6, 'inference_budget': 3}"
inference_effort,inference_recovery,educational_evolving_memory_toy,inference_budget,4,46,0.0,1.0,4.791,4,"{'model_name': 'educational_evolving_memory_toy', 'state_dim': 32, 'seed': 46, 'clutter_pairs': 4, 'noise_steps': 6, 'inference_budget': 4}"
inference_effort,inference_recovery,educational_evolving_memory_toy,inference_budget,4,7965,0.0,1.0,4.831,4,"{'model_name': 'educational_evolving_memory_toy', 'state_dim': 32, 'seed': 7965, 'clutter_pairs': 4, 'noise_steps': 6, 'inference_budget': 4}"
inference_effort,inference_recovery,educational_evolving_memory_toy,inference_budget,4,15884,0.0,1.0,4.483,4,"{'model_name': 'educational_evolving_memory_toy', 'state_dim': 32, 'seed': 15884, 'clutter_pairs': 4, 'noise_steps': 6, 'inference_budget': 4}"
inference_effort,inference_recovery,educational_evolving_memory_toy,inference_budget,4,23803,0.0,1.0,4.609,4,"{'model_name': 'educational_evolving_memory_toy', 'state_dim': 32, 'seed': 23803, 'clutter_pairs': 4, 'noise_steps': 6, 'inference_budget': 4}"
inference_effort,inference_recovery,educational_evolving_memory_toy,inference_budget,4,31722,0.0,1.0,3.901,4,"{'model_name': 'educational_evolving_memory_toy', 'state_dim': 32, 'seed': 31722, 'clutter_pairs': 4, 'noise_steps': 6, 'inference_budget': 4}"
inference_effort,inference_recovery,educational_evolving_memory_toy,inference_budget,4,39641,1.0,0.0,4.24,4,"{'model_name': 'educational_evolving_memory_toy', 'state_dim': 32, 'seed': 39641, 'clutter_pairs': 4, 'noise_steps': 6, 'inference_budget': 4}"
inference_effort,inference_recovery,educational_evolving_memory_toy,inference_budget,4,47560,0.0,1.0,4.321,4,"{'model_name': 'educational_evolving_memory_toy', 'state_dim': 32, 'seed': 47560, 'clutter_pairs': 4, 'noise_steps': 6, 'inference_budget': 4}"
inference_effort,inference_recovery,educational_evolving_memory_toy,inference_budget,4,55479,0.0,1.0,13.881,4,"{'model_name': 'educational_evolving_memory_toy', 'state_dim': 32, 'seed': 55479, 'clutter_pairs': 4, 'noise_steps': 6, 'inference_budget': 4}"
inference_effort,inference_recovery,educational_evolving_memory_toy,inference_budget,4,63398,0.0,1.0,16.334,4,"{'model_name': 'educational_evolving_memory_toy', 'state_dim': 32, 'seed': 63398, 'clutter_pairs': 4, 'noise_steps': 6, 'inference_budget': 4}"
inference_effort,inference_recovery,educational_evolving_memory_toy,inference_budget,4,71317,0.0,1.0,19.073,4,"{'model_name': 'educational_evolving_memory_toy', 'state_dim': 32, 'seed': 71317, 'clutter_pairs': 4, 'noise_steps': 6, 'inference_budget': 4}"
inference_effort,inference_recovery,educational_evolving_memory_toy,inference_budget,4,79236,0.0,1.0,17.601,4,"{'model_name': 'educational_evolving_memory_toy', 'state_dim': 32, 'seed': 79236, 'clutter_pairs': 4, 'noise_steps': 6, 'inference_budget': 4}"
inference_effort,inference_recovery,educational_evolving_memory_toy,inference_budget,4,87155,1.0,0.0,15.895,4,"{'model_name': 'educational_evolving_memory_toy', 'state_dim': 32, 'seed': 87155, 'clutter_pairs': 4, 'noise_steps': 6, 'inference_budget': 4}"
inference_effort,inference_recovery,educational_evolving_memory_toy,inference_budget,4,95074,0.0,1.0,17.448,4,"{'model_name': 'educational_evolving_memory_toy', 'state_dim': 32, 'seed': 95074, 'clutter_pairs': 4, 'noise_steps': 6, 'inference_budget': 4}"
inference_effort,inference_recovery,educational_evolving_memory_toy,inference_budget,4,102993,0.0,1.0,4.369,4,"{'model_name': 'educational_evolving_memory_toy', 'state_dim': 32, 'seed': 102993, 'clutter_pairs': 4, 'noise_steps': 6, 'inference_budget': 4}"
inference_effort,inference_recovery,educational_evolving_memory_toy,inference_budget,4,110912,1.0,0.0,3.789,4,"{'model_name': 'educational_evolving_memory_toy', 'state_dim': 32, 'seed': 110912, 'clutter_pairs': 4, 'noise_steps': 6, 'inference_budget': 4}"
inference_effort,inference_recovery,educational_evolving_memory_toy,inference_budget,4,118831,1.0,0.0,4.17,4,"{'model_name': 'educational_evolving_memory_toy', 'state_dim': 32, 'seed': 118831, 'clutter_pairs': 4, 'noise_steps': 6, 'inference_budget': 4}"
inference_effort,inference_recovery,educational_evolving_memory_toy,inference_budget,4,126750,0.0,1.0,4.344,4,"{'model_name': 'educational_evolving_memory_toy', 'state_dim': 32, 'seed': 126750, 'clutter_pairs': 4, 'noise_steps': 6, 'inference_budget': 4}"
inference_effort,inference_recovery,educational_evolving_memory_toy,inference_budget,4,134669,0.0,1.0,3.866,4,"{'model_name': 'educational_evolving_memory_toy', 'state_dim': 32, 'seed': 134669, 'clutter_pairs': 4, 'noise_steps': 6, 'inference_budget': 4}"
inference_effort,inference_recovery,educational_evolving_memory_toy,inference_budget,4,142588,0.0,1.0,4.454,4,"{'model_name': 'educational_evolving_memory_toy', 'state_dim': 32, 'seed': 142588, 'clutter_pairs': 4, 'noise_steps': 6, 'inference_budget': 4}"
inference_effort,inference_recovery,educational_evolving_memory_toy,inference_budget,4,150507,0.0,1.0,5.906,4,"{'model_name': 'educational_evolving_memory_toy', 'state_dim': 32, 'seed': 150507, 'clutter_pairs': 4, 'noise_steps': 6, 'inference_budget': 4}"
inference_effort,inference_recovery,educational_evolving_memory_toy,inference_budget,4,158426,0.0,1.0,4.619,4,"{'model_name': 'educational_evolving_memory_toy', 'state_dim': 32, 'seed': 158426, 'clutter_pairs': 4, 'noise_steps': 6, 'inference_budget': 4}"
inference_effort,inference_recovery,educational_evolving_memory_toy,inference_budget,4,166345,0.0,1.0,4.284,4,"{'model_name': 'educational_evolving_memory_toy', 'state_dim': 32, 'seed': 166345, 'clutter_pairs': 4, 'noise_steps': 6, 'inference_budget': 4}"
inference_effort,inference_recovery,educational_evolving_memory_toy,inference_budget,4,174264,1.0,0.0,3.994,4,"{'model_name': 'educational_evolving_memory_toy', 'state_dim': 32, 'seed': 174264, 'clutter_pairs': 4, 'noise_steps': 6, 'inference_budget': 4}"
inference_effort,inference_recovery,educational_evolving_memory_toy,inference_budget,4,182183,0.0,1.0,3.991,4,"{'model_name': 'educational_evolving_memory_toy', 'state_dim': 32, 'seed': 182183, 'clutter_pairs': 4, 'noise_steps': 6, 'inference_budget': 4}"
inference_effort,inference_recovery,educational_evolving_memory_toy,inference_budget,4,190102,1.0,0.0,4.52,4,"{'model_name': 'educational_evolving_memory_toy', 'state_dim': 32, 'seed': 190102, 'clutter_pairs': 4, 'noise_steps': 6, 'inference_budget': 4}"
inference_effort,inference_recovery,educational_evolving_memory_toy,inference_budget,4,198021,1.0,0.0,7.909,4,"{'model_name': 'educational_evolving_memory_toy', 'state_dim': 32, 'seed': 198021, 'clutter_pairs': 4, 'noise_steps': 6, 'inference_budget': 4}"
inference_effort,inference_recovery,educational_evolving_memory_toy,inference_budget,4,205940,0.0,1.0,3.55,4,"{'model_name': 'educational_evolving_memory_toy', 'state_dim': 32, 'seed': 205940, 'clutter_pairs': 4, 'noise_steps': 6, 'inference_budget': 4}"
inference_effort,inference_recovery,educational_evolving_memory_toy,inference_budget,4,213859,0.0,1.0,3.254,4,"{'model_name': 'educational_evolving_memory_toy', 'state_dim': 32, 'seed': 213859, 'clutter_pairs': 4, 'noise_steps': 6, 'inference_budget': 4}"
inference_effort,inference_recovery,educational_evolving_memory_toy,inference_budget,4,221778,0.0,1.0,2.973,4,"{'model_name': 'educational_evolving_memory_toy', 'state_dim': 32, 'seed': 221778, 'clutter_pairs': 4, 'noise_steps': 6, 'inference_budget': 4}"
inference_effort,inference_recovery,educational_evolving_memory_toy,inference_budget,4,229697,0.0,1.0,2.884,4,"{'model_name': 'educational_evolving_memory_toy', 'state_dim': 32, 'seed': 229697, 'clutter_pairs': 4, 'noise_steps': 6, 'inference_budget': 4}"
inference_effort,inference_recovery,educational_evolving_memory_toy,inference_budget,6,48,1.0,0.0,4.863,6,"{'model_name': 'educational_evolving_memory_toy', 'state_dim': 32, 'seed': 48, 'clutter_pairs': 4, 'noise_steps': 6, 'inference_budget': 6}"
inference_effort,inference_recovery,educational_evolving_memory_toy,inference_budget,6,7967,0.0,1.0,4.912,6,"{'model_name': 'educational_evolving_memory_toy', 'state_dim': 32, 'seed': 7967, 'clutter_pairs': 4, 'noise_steps': 6, 'inference_budget': 6}"
inference_effort,inference_recovery,educational_evolving_memory_toy,inference_budget,6,15886,0.0,1.0,4.553,6,"{'model_name': 'educational_evolving_memory_toy', 'state_dim': 32, 'seed': 15886, 'clutter_pairs': 4, 'noise_steps': 6, 'inference_budget': 6}"
inference_effort,inference_recovery,educational_evolving_memory_toy,inference_budget,6,23805,0.0,1.0,5.189,6,"{'model_name': 'educational_evolving_memory_toy', 'state_dim': 32, 'seed': 23805, 'clutter_pairs': 4, 'noise_steps': 6, 'inference_budget': 6}"
inference_effort,inference_recovery,educational_evolving_memory_toy,inference_budget,6,31724,0.0,1.0,4.598,6,"{'model_name': 'educational_evolving_memory_toy', 'state_dim': 32, 'seed': 31724, 'clutter_pairs': 4, 'noise_steps': 6, 'inference_budget': 6}"
inference_effort,inference_recovery,educational_evolving_memory_toy,inference_budget,6,39643,1.0,0.0,4.59,6,"{'model_name': 'educational_evolving_memory_toy', 'state_dim': 32, 'seed': 39643, 'clutter_pairs': 4, 'noise_steps': 6, 'inference_budget': 6}"
inference_effort,inference_recovery,educational_evolving_memory_toy,inference_budget,6,47562,1.0,0.0,15.657,6,"{'model_name': 'educational_evolving_memory_toy', 'state_dim': 32, 'seed': 47562, 'clutter_pairs': 4, 'noise_steps': 6, 'inference_budget': 6}"
inference_effort,inference_recovery,educational_evolving_memory_toy,inference_budget,6,55481,0.0,1.0,18.332,6,"{'model_name': 'educational_evolving_memory_toy', 'state_dim': 32, 'seed': 55481, 'clutter_pairs': 4, 'noise_steps': 6, 'inference_budget': 6}"
inference_effort,inference_recovery,educational_evolving_memory_toy,inference_budget,6,63400,0.0,1.0,18.695,6,"{'model_name': 'educational_evolving_memory_toy', 'state_dim': 32, 'seed': 63400, 'clutter_pairs': 4, 'noise_steps': 6, 'inference_budget': 6}"
inference_effort,inference_recovery,educational_evolving_memory_toy,inference_budget,6,71319,0.0,1.0,19.247,6,"{'model_name': 'educational_evolving_memory_toy', 'state_dim': 32, 'seed': 71319, 'clutter_pairs': 4, 'noise_steps': 6, 'inference_budget': 6}"
inference_effort,inference_recovery,educational_evolving_memory_toy,inference_budget,6,79238,1.0,0.0,10.992,6,"{'model_name': 'educational_evolving_memory_toy', 'state_dim': 32, 'seed': 79238, 'clutter_pairs': 4, 'noise_steps': 6, 'inference_budget': 6}"
inference_effort,inference_recovery,educational_evolving_memory_toy,inference_budget,6,87157,0.0,1.0,3.492,6,"{'model_name': 'educational_evolving_memory_toy', 'state_dim': 32, 'seed': 87157, 'clutter_pairs': 4, 'noise_steps': 6, 'inference_budget': 6}"
inference_effort,inference_recovery,educational_evolving_memory_toy,inference_budget,6,95076,0.0,1.0,3.375,6,"{'model_name': 'educational_evolving_memory_toy', 'state_dim': 32, 'seed': 95076, 'clutter_pairs': 4, 'noise_steps': 6, 'inference_budget': 6}"
inference_effort,inference_recovery,educational_evolving_memory_toy,inference_budget,6,102995,0.0,1.0,4.464,6,"{'model_name': 'educational_evolving_memory_toy', 'state_dim': 32, 'seed': 102995, 'clutter_pairs': 4, 'noise_steps': 6, 'inference_budget': 6}"
inference_effort,inference_recovery,educational_evolving_memory_toy,inference_budget,6,110914,0.0,1.0,5.038,6,"{'model_name': 'educational_evolving_memory_toy', 'state_dim': 32, 'seed': 110914, 'clutter_pairs': 4, 'noise_steps': 6, 'inference_budget': 6}"
inference_effort,inference_recovery,educational_evolving_memory_toy,inference_budget,6,118833,0.0,1.0,4.743,6,"{'model_name': 'educational_evolving_memory_toy', 'state_dim': 32, 'seed': 118833, 'clutter_pairs': 4, 'noise_steps': 6, 'inference_budget': 6}"
inference_effort,inference_recovery,educational_evolving_memory_toy,inference_budget,6,126752,0.0,1.0,4.112,6,"{'model_name': 'educational_evolving_memory_toy', 'state_dim': 32, 'seed': 126752, 'clutter_pairs': 4, 'noise_steps': 6, 'inference_budget': 6}"
inference_effort,inference_recovery,educational_evolving_memory_toy,inference_budget,6,134671,0.0,1.0,4.588,6,"{'model_name': 'educational_evolving_memory_toy', 'state_dim': 32, 'seed': 134671, 'clutter_pairs': 4, 'noise_steps': 6, 'inference_budget': 6}"
inference_effort,inference_recovery,educational_evolving_memory_toy,inference_budget,6,142590,0.0,1.0,4.248,6,"{'model_name': 'educational_evolving_memory_toy', 'state_dim': 32, 'seed': 142590, 'clutter_pairs': 4, 'noise_steps': 6, 'inference_budget': 6}"
inference_effort,inference_recovery,educational_evolving_memory_toy,inference_budget,6,150509,0.0,1.0,4.187,6,"{'model_name': 'educational_evolving_memory_toy', 'state_dim': 32, 'seed': 150509, 'clutter_pairs': 4, 'noise_steps': 6, 'inference_budget': 6}"
inference_effort,inference_recovery,educational_evolving_memory_toy,inference_budget,6,158428,0.0,1.0,4.364,6,"{'model_name': 'educational_evolving_memory_toy', 'state_dim': 32, 'seed': 158428, 'clutter_pairs': 4, 'noise_steps': 6, 'inference_budget': 6}"
inference_effort,inference_recovery,educational_evolving_memory_toy,inference_budget,6,166347,0.0,1.0,16.685,6,"{'model_name': 'educational_evolving_memory_toy', 'state_dim': 32, 'seed': 166347, 'clutter_pairs': 4, 'noise_steps': 6, 'inference_budget': 6}"
inference_effort,inference_recovery,educational_evolving_memory_toy,inference_budget,6,174266,0.0,1.0,4.762,6,"{'model_name': 'educational_evolving_memory_toy', 'state_dim': 32, 'seed': 174266, 'clutter_pairs': 4, 'noise_steps': 6, 'inference_budget': 6}"
inference_effort,inference_recovery,educational_evolving_memory_toy,inference_budget,6,182185,0.0,1.0,4.154,6,"{'model_name': 'educational_evolving_memory_toy', 'state_dim': 32, 'seed': 182185, 'clutter_pairs': 4, 'noise_steps': 6, 'inference_budget': 6}"
inference_effort,inference_recovery,educational_evolving_memory_toy,inference_budget,6,190104,1.0,0.0,3.973,6,"{'model_name': 'educational_evolving_memory_toy', 'state_dim': 32, 'seed': 190104, 'clutter_pairs': 4, 'noise_steps': 6, 'inference_budget': 6}"
inference_effort,inference_recovery,educational_evolving_memory_toy,inference_budget,6,198023,0.0,1.0,4.099,6,"{'model_name': 'educational_evolving_memory_toy', 'state_dim': 32, 'seed': 198023, 'clutter_pairs': 4, 'noise_steps': 6, 'inference_budget': 6}"
inference_effort,inference_recovery,educational_evolving_memory_toy,inference_budget,6,205942,0.0,1.0,4.391,6,"{'model_name': 'educational_evolving_memory_toy', 'state_dim': 32, 'seed': 205942, 'clutter_pairs': 4, 'noise_steps': 6, 'inference_budget': 6}"
inference_effort,inference_recovery,educational_evolving_memory_toy,inference_budget,6,213861,1.0,0.0,3.653,6,"{'model_name': 'educational_evolving_memory_toy', 'state_dim': 32, 'seed': 213861, 'clutter_pairs': 4, 'noise_steps': 6, 'inference_budget': 6}"
inference_effort,inference_recovery,educational_evolving_memory_toy,inference_budget,6,221780,0.0,1.0,3.79,6,"{'model_name': 'educational_evolving_memory_toy', 'state_dim': 32, 'seed': 221780, 'clutter_pairs': 4, 'noise_steps': 6, 'inference_budget': 6}"
inference_effort,inference_recovery,educational_evolving_memory_toy,inference_budget,6,229699,0.0,1.0,4.03,6,"{'model_name': 'educational_evolving_memory_toy', 'state_dim': 32, 'seed': 229699, 'clutter_pairs': 4, 'noise_steps': 6, 'inference_budget': 6}"
inference_effort,inference_recovery,educational_evolving_memory_toy,inference_budget,8,50,0.0,1.0,18.598,8,"{'model_name': 'educational_evolving_memory_toy', 'state_dim': 32, 'seed': 50, 'clutter_pairs': 4, 'noise_steps': 6, 'inference_budget': 8}"
inference_effort,inference_recovery,educational_evolving_memory_toy,inference_budget,8,7969,0.0,1.0,19.937,8,"{'model_name': 'educational_evolving_memory_toy', 'state_dim': 32, 'seed': 7969, 'clutter_pairs': 4, 'noise_steps': 6, 'inference_budget': 8}"
inference_effort,inference_recovery,educational_evolving_memory_toy,inference_budget,8,15888,0.0,1.0,21.445,8,"{'model_name': 'educational_evolving_memory_toy', 'state_dim': 32, 'seed': 15888, 'clutter_pairs': 4, 'noise_steps': 6, 'inference_budget': 8}"
inference_effort,inference_recovery,educational_evolving_memory_toy,inference_budget,8,23807,1.0,0.0,9.724,8,"{'model_name': 'educational_evolving_memory_toy', 'state_dim': 32, 'seed': 23807, 'clutter_pairs': 4, 'noise_steps': 6, 'inference_budget': 8}"
inference_effort,inference_recovery,educational_evolving_memory_toy,inference_budget,8,31726,0.0,1.0,3.723,8,"{'model_name': 'educational_evolving_memory_toy', 'state_dim': 32, 'seed': 31726, 'clutter_pairs': 4, 'noise_steps': 6, 'inference_budget': 8}"
inference_effort,inference_recovery,educational_evolving_memory_toy,inference_budget,8,39645,0.0,1.0,4.331,8,"{'model_name': 'educational_evolving_memory_toy', 'state_dim': 32, 'seed': 39645, 'clutter_pairs': 4, 'noise_steps': 6, 'inference_budget': 8}"
inference_effort,inference_recovery,educational_evolving_memory_toy,inference_budget,8,47564,0.0,1.0,4.349,8,"{'model_name': 'educational_evolving_memory_toy', 'state_dim': 32, 'seed': 47564, 'clutter_pairs': 4, 'noise_steps': 6, 'inference_budget': 8}"
inference_effort,inference_recovery,educational_evolving_memory_toy,inference_budget,8,55483,0.0,1.0,4.792,8,"{'model_name': 'educational_evolving_memory_toy', 'state_dim': 32, 'seed': 55483, 'clutter_pairs': 4, 'noise_steps': 6, 'inference_budget': 8}"
inference_effort,inference_recovery,educational_evolving_memory_toy,inference_budget,8,63402,0.0,1.0,4.676,8,"{'model_name': 'educational_evolving_memory_toy', 'state_dim': 32, 'seed': 63402, 'clutter_pairs': 4, 'noise_steps': 6, 'inference_budget': 8}"
inference_effort,inference_recovery,educational_evolving_memory_toy,inference_budget,8,71321,0.0,1.0,4.641,8,"{'model_name': 'educational_evolving_memory_toy', 'state_dim': 32, 'seed': 71321, 'clutter_pairs': 4, 'noise_steps': 6, 'inference_budget': 8}"
inference_effort,inference_recovery,educational_evolving_memory_toy,inference_budget,8,79240,0.0,1.0,4.496,8,"{'model_name': 'educational_evolving_memory_toy', 'state_dim': 32, 'seed': 79240, 'clutter_pairs': 4, 'noise_steps': 6, 'inference_budget': 8}"
inference_effort,inference_recovery,educational_evolving_memory_toy,inference_budget,8,87159,0.0,1.0,5.064,8,"{'model_name': 'educational_evolving_memory_toy', 'state_dim': 32, 'seed': 87159, 'clutter_pairs': 4, 'noise_steps': 6, 'inference_budget': 8}"
inference_effort,inference_recovery,educational_evolving_memory_toy,inference_budget,8,95078,0.0,1.0,4.765,8,"{'model_name': 'educational_evolving_memory_toy', 'state_dim': 32, 'seed': 95078, 'clutter_pairs': 4, 'noise_steps': 6, 'inference_budget': 8}"
inference_effort,inference_recovery,educational_evolving_memory_toy,inference_budget,8,102997,1.0,0.0,11.44,8,"{'model_name': 'educational_evolving_memory_toy', 'state_dim': 32, 'seed': 102997, 'clutter_pairs': 4, 'noise_steps': 6, 'inference_budget': 8}"
inference_effort,inference_recovery,educational_evolving_memory_toy,inference_budget,8,110916,0.0,1.0,3.584,8,"{'model_name': 'educational_evolving_memory_toy', 'state_dim': 32, 'seed': 110916, 'clutter_pairs': 4, 'noise_steps': 6, 'inference_budget': 8}"
inference_effort,inference_recovery,educational_evolving_memory_toy,inference_budget,8,118835,0.0,1.0,5.208,8,"{'model_name': 'educational_evolving_memory_toy', 'state_dim': 32, 'seed': 118835, 'clutter_pairs': 4, 'noise_steps': 6, 'inference_budget': 8}"
inference_effort,inference_recovery,educational_evolving_memory_toy,inference_budget,8,126754,0.0,1.0,5.337,8,"{'model_name': 'educational_evolving_memory_toy', 'state_dim': 32, 'seed': 126754, 'clutter_pairs': 4, 'noise_steps': 6, 'inference_budget': 8}"
inference_effort,inference_recovery,educational_evolving_memory_toy,inference_budget,8,134673,0.0,1.0,4.437,8,"{'model_name': 'educational_evolving_memory_toy', 'state_dim': 32, 'seed': 134673, 'clutter_pairs': 4, 'noise_steps': 6, 'inference_budget': 8}"
inference_effort,inference_recovery,educational_evolving_memory_toy,inference_budget,8,142592,0.0,1.0,4.49,8,"{'model_name': 'educational_evolving_memory_toy', 'state_dim': 32, 'seed': 142592, 'clutter_pairs': 4, 'noise_steps': 6, 'inference_budget': 8}"
inference_effort,inference_recovery,educational_evolving_memory_toy,inference_budget,8,150511,0.0,1.0,5.017,8,"{'model_name': 'educational_evolving_memory_toy', 'state_dim': 32, 'seed': 150511, 'clutter_pairs': 4, 'noise_steps': 6, 'inference_budget': 8}"
inference_effort,inference_recovery,educational_evolving_memory_toy,inference_budget,8,158430,1.0,0.0,4.407,8,"{'model_name': 'educational_evolving_memory_toy', 'state_dim': 32, 'seed': 158430, 'clutter_pairs': 4, 'noise_steps': 6, 'inference_budget': 8}"
inference_effort,inference_recovery,educational_evolving_memory_toy,inference_budget,8,166349,0.0,1.0,18.504,8,"{'model_name': 'educational_evolving_memory_toy', 'state_dim': 32, 'seed': 166349, 'clutter_pairs': 4, 'noise_steps': 6, 'inference_budget': 8}"
inference_effort,inference_recovery,educational_evolving_memory_toy,inference_budget,8,174268,0.0,1.0,19.47,8,"{'model_name': 'educational_evolving_memory_toy', 'state_dim': 32, 'seed': 174268, 'clutter_pairs': 4, 'noise_steps': 6, 'inference_budget': 8}"
inference_effort,inference_recovery,educational_evolving_memory_toy,inference_budget,8,182187,0.0,1.0,3.887,8,"{'model_name': 'educational_evolving_memory_toy', 'state_dim': 32, 'seed': 182187, 'clutter_pairs': 4, 'noise_steps': 6, 'inference_budget': 8}"
inference_effort,inference_recovery,educational_evolving_memory_toy,inference_budget,8,190106,0.0,1.0,3.967,8,"{'model_name': 'educational_evolving_memory_toy', 'state_dim': 32, 'seed': 190106, 'clutter_pairs': 4, 'noise_steps': 6, 'inference_budget': 8}"
inference_effort,inference_recovery,educational_evolving_memory_toy,inference_budget,8,198025,0.0,1.0,3.783,8,"{'model_name': 'educational_evolving_memory_toy', 'state_dim': 32, 'seed': 198025, 'clutter_pairs': 4, 'noise_steps': 6, 'inference_budget': 8}"
inference_effort,inference_recovery,educational_evolving_memory_toy,inference_budget,8,205944,0.0,1.0,3.318,8,"{'model_name': 'educational_evolving_memory_toy', 'state_dim': 32, 'seed': 205944, 'clutter_pairs': 4, 'noise_steps': 6, 'inference_budget': 8}"
inference_effort,inference_recovery,educational_evolving_memory_toy,inference_budget,8,213863,0.0,1.0,3.349,8,"{'model_name': 'educational_evolving_memory_toy', 'state_dim': 32, 'seed': 213863, 'clutter_pairs': 4, 'noise_steps': 6, 'inference_budget': 8}"
inference_effort,inference_recovery,educational_evolving_memory_toy,inference_budget,8,221782,0.0,1.0,4.129,8,"{'model_name': 'educational_evolving_memory_toy', 'state_dim': 32, 'seed': 221782, 'clutter_pairs': 4, 'noise_steps': 6, 'inference_budget': 8}"
inference_effort,inference_recovery,educational_evolving_memory_toy,inference_budget,8,229701,0.0,1.0,3.778,8,"{'model_name': 'educational_evolving_memory_toy', 'state_dim': 32, 'seed': 229701, 'clutter_pairs': 4, 'noise_steps': 6, 'inference_budget': 8}"
inference_effort,inference_recovery,educational_evolving_memory_toy,inference_budget,12,54,0.0,1.0,6.378,12,"{'model_name': 'educational_evolving_memory_toy', 'state_dim': 32, 'seed': 54, 'clutter_pairs': 4, 'noise_steps': 6, 'inference_budget': 12}"
inference_effort,inference_recovery,educational_evolving_memory_toy,inference_budget,12,7973,0.0,1.0,5.728,12,"{'model_name': 'educational_evolving_memory_toy', 'state_dim': 32, 'seed': 7973, 'clutter_pairs': 4, 'noise_steps': 6, 'inference_budget': 12}"
inference_effort,inference_recovery,educational_evolving_memory_toy,inference_budget,12,15892,0.0,1.0,5.882,12,"{'model_name': 'educational_evolving_memory_toy', 'state_dim': 32, 'seed': 15892, 'clutter_pairs': 4, 'noise_steps': 6, 'inference_budget': 12}"
inference_effort,inference_recovery,educational_evolving_memory_toy,inference_budget,12,23811,0.0,1.0,6.927,12,"{'model_name': 'educational_evolving_memory_toy', 'state_dim': 32, 'seed': 23811, 'clutter_pairs': 4, 'noise_steps': 6, 'inference_budget': 12}"
inference_effort,inference_recovery,educational_evolving_memory_toy,inference_budget,12,31730,0.0,1.0,5.875,12,"{'model_name': 'educational_evolving_memory_toy', 'state_dim': 32, 'seed': 31730, 'clutter_pairs': 4, 'noise_steps': 6, 'inference_budget': 12}"
inference_effort,inference_recovery,educational_evolving_memory_toy,inference_budget,12,39649,1.0,0.0,6.267,12,"{'model_name': 'educational_evolving_memory_toy', 'state_dim': 32, 'seed': 39649, 'clutter_pairs': 4, 'noise_steps': 6, 'inference_budget': 12}"
inference_effort,inference_recovery,educational_evolving_memory_toy,inference_budget,12,47568,0.0,1.0,5.765,12,"{'model_name': 'educational_evolving_memory_toy', 'state_dim': 32, 'seed': 47568, 'clutter_pairs': 4, 'noise_steps': 6, 'inference_budget': 12}"
inference_effort,inference_recovery,educational_evolving_memory_toy,inference_budget,12,55487,0.0,1.0,5.839,12,"{'model_name': 'educational_evolving_memory_toy', 'state_dim': 32, 'seed': 55487, 'clutter_pairs': 4, 'noise_steps': 6, 'inference_budget': 12}"
inference_effort,inference_recovery,educational_evolving_memory_toy,inference_budget,12,63406,0.0,1.0,5.402,12,"{'model_name': 'educational_evolving_memory_toy', 'state_dim': 32, 'seed': 63406, 'clutter_pairs': 4, 'noise_steps': 6, 'inference_budget': 12}"
inference_effort,inference_recovery,educational_evolving_memory_toy,inference_budget,12,71325,0.0,1.0,5.394,12,"{'model_name': 'educational_evolving_memory_toy', 'state_dim': 32, 'seed': 71325, 'clutter_pairs': 4, 'noise_steps': 6, 'inference_budget': 12}"
inference_effort,inference_recovery,educational_evolving_memory_toy,inference_budget,12,79244,0.0,1.0,5.409,12,"{'model_name': 'educational_evolving_memory_toy', 'state_dim': 32, 'seed': 79244, 'clutter_pairs': 4, 'noise_steps': 6, 'inference_budget': 12}"
inference_effort,inference_recovery,educational_evolving_memory_toy,inference_budget,12,87163,0.0,1.0,5.276,12,"{'model_name': 'educational_evolving_memory_toy', 'state_dim': 32, 'seed': 87163, 'clutter_pairs': 4, 'noise_steps': 6, 'inference_budget': 12}"
inference_effort,inference_recovery,educational_evolving_memory_toy,inference_budget,12,95082,0.0,1.0,5.182,12,"{'model_name': 'educational_evolving_memory_toy', 'state_dim': 32, 'seed': 95082, 'clutter_pairs': 4, 'noise_steps': 6, 'inference_budget': 12}"
inference_effort,inference_recovery,educational_evolving_memory_toy,inference_budget,12,103001,1.0,0.0,5.367,12,"{'model_name': 'educational_evolving_memory_toy', 'state_dim': 32, 'seed': 103001, 'clutter_pairs': 4, 'noise_steps': 6, 'inference_budget': 12}"
inference_effort,inference_recovery,educational_evolving_memory_toy,inference_budget,12,110920,1.0,0.0,5.107,12,"{'model_name': 'educational_evolving_memory_toy', 'state_dim': 32, 'seed': 110920, 'clutter_pairs': 4, 'noise_steps': 6, 'inference_budget': 12}"
inference_effort,inference_recovery,educational_evolving_memory_toy,inference_budget,12,118839,0.0,1.0,4.971,12,"{'model_name': 'educational_evolving_memory_toy', 'state_dim': 32, 'seed': 118839, 'clutter_pairs': 4, 'noise_steps': 6, 'inference_budget': 12}"
inference_effort,inference_recovery,educational_evolving_memory_toy,inference_budget,12,126758,0.0,1.0,5.467,12,"{'model_name': 'educational_evolving_memory_toy', 'state_dim': 32, 'seed': 126758, 'clutter_pairs': 4, 'noise_steps': 6, 'inference_budget': 12}"
inference_effort,inference_recovery,educational_evolving_memory_toy,inference_budget,12,134677,0.0,1.0,5.561,12,"{'model_name': 'educational_evolving_memory_toy', 'state_dim': 32, 'seed': 134677, 'clutter_pairs': 4, 'noise_steps': 6, 'inference_budget': 12}"
inference_effort,inference_recovery,educational_evolving_memory_toy,inference_budget,12,142596,0.0,1.0,5.649,12,"{'model_name': 'educational_evolving_memory_toy', 'state_dim': 32, 'seed': 142596, 'clutter_pairs': 4, 'noise_steps': 6, 'inference_budget': 12}"
inference_effort,inference_recovery,educational_evolving_memory_toy,inference_budget,12,150515,0.0,1.0,4.399,12,"{'model_name': 'educational_evolving_memory_toy', 'state_dim': 32, 'seed': 150515, 'clutter_pairs': 4, 'noise_steps': 6, 'inference_budget': 12}"
inference_effort,inference_recovery,educational_evolving_memory_toy,inference_budget,12,158434,0.0,1.0,5.031,12,"{'model_name': 'educational_evolving_memory_toy', 'state_dim': 32, 'seed': 158434, 'clutter_pairs': 4, 'noise_steps': 6, 'inference_budget': 12}"
inference_effort,inference_recovery,educational_evolving_memory_toy,inference_budget,12,166353,1.0,0.0,9.048,12,"{'model_name': 'educational_evolving_memory_toy', 'state_dim': 32, 'seed': 166353, 'clutter_pairs': 4, 'noise_steps': 6, 'inference_budget': 12}"
inference_effort,inference_recovery,educational_evolving_memory_toy,inference_budget,12,174272,0.0,1.0,25.241,12,"{'model_name': 'educational_evolving_memory_toy', 'state_dim': 32, 'seed': 174272, 'clutter_pairs': 4, 'noise_steps': 6, 'inference_budget': 12}"
inference_effort,inference_recovery,educational_evolving_memory_toy,inference_budget,12,182191,0.0,1.0,22.211,12,"{'model_name': 'educational_evolving_memory_toy', 'state_dim': 32, 'seed': 182191, 'clutter_pairs': 4, 'noise_steps': 6, 'inference_budget': 12}"
inference_effort,inference_recovery,educational_evolving_memory_toy,inference_budget,12,190110,0.0,1.0,18.328,12,"{'model_name': 'educational_evolving_memory_toy', 'state_dim': 32, 'seed': 190110, 'clutter_pairs': 4, 'noise_steps': 6, 'inference_budget': 12}"
inference_effort,inference_recovery,educational_evolving_memory_toy,inference_budget,12,198029,0.0,1.0,3.939,12,"{'model_name': 'educational_evolving_memory_toy', 'state_dim': 32, 'seed': 198029, 'clutter_pairs': 4, 'noise_steps': 6, 'inference_budget': 12}"
inference_effort,inference_recovery,educational_evolving_memory_toy,inference_budget,12,205948,0.0,1.0,3.827,12,"{'model_name': 'educational_evolving_memory_toy', 'state_dim': 32, 'seed': 205948, 'clutter_pairs': 4, 'noise_steps': 6, 'inference_budget': 12}"
inference_effort,inference_recovery,educational_evolving_memory_toy,inference_budget,12,213867,0.0,1.0,3.45,12,"{'model_name': 'educational_evolving_memory_toy', 'state_dim': 32, 'seed': 213867, 'clutter_pairs': 4, 'noise_steps': 6, 'inference_budget': 12}"
inference_effort,inference_recovery,educational_evolving_memory_toy,inference_budget,12,221786,1.0,0.0,3.637,12,"{'model_name': 'educational_evolving_memory_toy', 'state_dim': 32, 'seed': 221786, 'clutter_pairs': 4, 'noise_steps': 6, 'inference_budget': 12}"
inference_effort,inference_recovery,educational_evolving_memory_toy,inference_budget,12,229705,0.0,1.0,4.06,12,"{'model_name': 'educational_evolving_memory_toy', 'state_dim': 32, 'seed': 229705, 'clutter_pairs': 4, 'noise_steps': 6, 'inference_budget': 12}"
inference_effort,inference_recovery,educational_evolving_memory_toy,inference_budget,16,58,1.0,0.0,5.673,16,"{'model_name': 'educational_evolving_memory_toy', 'state_dim': 32, 'seed': 58, 'clutter_pairs': 4, 'noise_steps': 6, 'inference_budget': 16}"
inference_effort,inference_recovery,educational_evolving_memory_toy,inference_budget,16,7977,0.0,1.0,5.684,16,"{'model_name': 'educational_evolving_memory_toy', 'state_dim': 32, 'seed': 7977, 'clutter_pairs': 4, 'noise_steps': 6, 'inference_budget': 16}"
inference_effort,inference_recovery,educational_evolving_memory_toy,inference_budget,16,15896,1.0,0.0,6.068,16,"{'model_name': 'educational_evolving_memory_toy', 'state_dim': 32, 'seed': 15896, 'clutter_pairs': 4, 'noise_steps': 6, 'inference_budget': 16}"
inference_effort,inference_recovery,educational_evolving_memory_toy,inference_budget,16,23815,0.0,1.0,5.513,16,"{'model_name': 'educational_evolving_memory_toy', 'state_dim': 32, 'seed': 23815, 'clutter_pairs': 4, 'noise_steps': 6, 'inference_budget': 16}"
inference_effort,inference_recovery,educational_evolving_memory_toy,inference_budget,16,31734,0.0,1.0,24.294,16,"{'model_name': 'educational_evolving_memory_toy', 'state_dim': 32, 'seed': 31734, 'clutter_pairs': 4, 'noise_steps': 6, 'inference_budget': 16}"
inference_effort,inference_recovery,educational_evolving_memory_toy,inference_budget,16,39653,0.0,1.0,23.271,16,"{'model_name': 'educational_evolving_memory_toy', 'state_dim': 32, 'seed': 39653, 'clutter_pairs': 4, 'noise_steps': 6, 'inference_budget': 16}"
inference_effort,inference_recovery,educational_evolving_memory_toy,inference_budget,16,47572,0.0,1.0,24.42,16,"{'model_name': 'educational_evolving_memory_toy', 'state_dim': 32, 'seed': 47572, 'clutter_pairs': 4, 'noise_steps': 6, 'inference_budget': 16}"
inference_effort,inference_recovery,educational_evolving_memory_toy,inference_budget,16,55491,0.0,1.0,21.453,16,"{'model_name': 'educational_evolving_memory_toy', 'state_dim': 32, 'seed': 55491, 'clutter_pairs': 4, 'noise_steps': 6, 'inference_budget': 16}"
inference_effort,inference_recovery,educational_evolving_memory_toy,inference_budget,16,63410,1.0,0.0,4.275,16,"{'model_name': 'educational_evolving_memory_toy', 'state_dim': 32, 'seed': 63410, 'clutter_pairs': 4, 'noise_steps': 6, 'inference_budget': 16}"
inference_effort,inference_recovery,educational_evolving_memory_toy,inference_budget,16,71329,0.0,1.0,4.255,16,"{'model_name': 'educational_evolving_memory_toy', 'state_dim': 32, 'seed': 71329, 'clutter_pairs': 4, 'noise_steps': 6, 'inference_budget': 16}"
inference_effort,inference_recovery,educational_evolving_memory_toy,inference_budget,16,79248,0.0,1.0,5.797,16,"{'model_name': 'educational_evolving_memory_toy', 'state_dim': 32, 'seed': 79248, 'clutter_pairs': 4, 'noise_steps': 6, 'inference_budget': 16}"
inference_effort,inference_recovery,educational_evolving_memory_toy,inference_budget,16,87167,0.0,1.0,6.371,16,"{'model_name': 'educational_evolving_memory_toy', 'state_dim': 32, 'seed': 87167, 'clutter_pairs': 4, 'noise_steps': 6, 'inference_budget': 16}"
inference_effort,inference_recovery,educational_evolving_memory_toy,inference_budget,16,95086,0.0,1.0,5.861,16,"{'model_name': 'educational_evolving_memory_toy', 'state_dim': 32, 'seed': 95086, 'clutter_pairs': 4, 'noise_steps': 6, 'inference_budget': 16}"
inference_effort,inference_recovery,educational_evolving_memory_toy,inference_budget,16,103005,0.0,1.0,5.098,16,"{'model_name': 'educational_evolving_memory_toy', 'state_dim': 32, 'seed': 103005, 'clutter_pairs': 4, 'noise_steps': 6, 'inference_budget': 16}"
inference_effort,inference_recovery,educational_evolving_memory_toy,inference_budget,16,110924,0.0,1.0,23.845,16,"{'model_name': 'educational_evolving_memory_toy', 'state_dim': 32, 'seed': 110924, 'clutter_pairs': 4, 'noise_steps': 6, 'inference_budget': 16}"
inference_effort,inference_recovery,educational_evolving_memory_toy,inference_budget,16,118843,0.0,1.0,22.468,16,"{'model_name': 'educational_evolving_memory_toy', 'state_dim': 32, 'seed': 118843, 'clutter_pairs': 4, 'noise_steps': 6, 'inference_budget': 16}"
inference_effort,inference_recovery,educational_evolving_memory_toy,inference_budget,16,126762,0.0,1.0,4.763,16,"{'model_name': 'educational_evolving_memory_toy', 'state_dim': 32, 'seed': 126762, 'clutter_pairs': 4, 'noise_steps': 6, 'inference_budget': 16}"
inference_effort,inference_recovery,educational_evolving_memory_toy,inference_budget,16,134681,0.0,1.0,6.547,16,"{'model_name': 'educational_evolving_memory_toy', 'state_dim': 32, 'seed': 134681, 'clutter_pairs': 4, 'noise_steps': 6, 'inference_budget': 16}"
inference_effort,inference_recovery,educational_evolving_memory_toy,inference_budget,16,142600,0.0,1.0,6.795,16,"{'model_name': 'educational_evolving_memory_toy', 'state_dim': 32, 'seed': 142600, 'clutter_pairs': 4, 'noise_steps': 6, 'inference_budget': 16}"
inference_effort,inference_recovery,educational_evolving_memory_toy,inference_budget,16,150519,0.0,1.0,6.806,16,"{'model_name': 'educational_evolving_memory_toy', 'state_dim': 32, 'seed': 150519, 'clutter_pairs': 4, 'noise_steps': 6, 'inference_budget': 16}"
inference_effort,inference_recovery,educational_evolving_memory_toy,inference_budget,16,158438,0.0,1.0,7.539,16,"{'model_name': 'educational_evolving_memory_toy', 'state_dim': 32, 'seed': 158438, 'clutter_pairs': 4, 'noise_steps': 6, 'inference_budget': 16}"
inference_effort,inference_recovery,educational_evolving_memory_toy,inference_budget,16,166357,0.0,1.0,5.812,16,"{'model_name': 'educational_evolving_memory_toy', 'state_dim': 32, 'seed': 166357, 'clutter_pairs': 4, 'noise_steps': 6, 'inference_budget': 16}"
inference_effort,inference_recovery,educational_evolving_memory_toy,inference_budget,16,174276,1.0,0.0,4.414,16,"{'model_name': 'educational_evolving_memory_toy', 'state_dim': 32, 'seed': 174276, 'clutter_pairs': 4, 'noise_steps': 6, 'inference_budget': 16}"
inference_effort,inference_recovery,educational_evolving_memory_toy,inference_budget,16,182195,0.0,1.0,4.029,16,"{'model_name': 'educational_evolving_memory_toy', 'state_dim': 32, 'seed': 182195, 'clutter_pairs': 4, 'noise_steps': 6, 'inference_budget': 16}"
inference_effort,inference_recovery,educational_evolving_memory_toy,inference_budget,16,190114,0.0,1.0,4.351,16,"{'model_name': 'educational_evolving_memory_toy', 'state_dim': 32, 'seed': 190114, 'clutter_pairs': 4, 'noise_steps': 6, 'inference_budget': 16}"
inference_effort,inference_recovery,educational_evolving_memory_toy,inference_budget,16,198033,0.0,1.0,4.704,16,"{'model_name': 'educational_evolving_memory_toy', 'state_dim': 32, 'seed': 198033, 'clutter_pairs': 4, 'noise_steps': 6, 'inference_budget': 16}"
inference_effort,inference_recovery,educational_evolving_memory_toy,inference_budget,16,205952,1.0,0.0,4.185,16,"{'model_name': 'educational_evolving_memory_toy', 'state_dim': 32, 'seed': 205952, 'clutter_pairs': 4, 'noise_steps': 6, 'inference_budget': 16}"
inference_effort,inference_recovery,educational_evolving_memory_toy,inference_budget,16,213871,0.0,1.0,3.932,16,"{'model_name': 'educational_evolving_memory_toy', 'state_dim': 32, 'seed': 213871, 'clutter_pairs': 4, 'noise_steps': 6, 'inference_budget': 16}"
inference_effort,inference_recovery,educational_evolving_memory_toy,inference_budget,16,221790,0.0,1.0,4.458,16,"{'model_name': 'educational_evolving_memory_toy', 'state_dim': 32, 'seed': 221790, 'clutter_pairs': 4, 'noise_steps': 6, 'inference_budget': 16}"
inference_effort,inference_recovery,educational_evolving_memory_toy,inference_budget,16,229709,0.0,1.0,4.455,16,"{'model_name': 'educational_evolving_memory_toy', 'state_dim': 32, 'seed': 229709, 'clutter_pairs': 4, 'noise_steps': 6, 'inference_budget': 16}"
